absolute_rate_outlier_count,absolute_rate_outlier_fraction,applied_phase_slip_count,byte_size,frame_count,internal_status,maximum_absolute_rate_hz_s,median_track_rate_sigma_hz_s,median_track_slip_fraction,path,phase_slip_count,phase_slip_fraction,registry_status,session_id,track_count
2186,0.9877993673746046,1340,2046734,2213,complete,7020921.43233401,0.2004040638371085,0.6260504201680672,stream-0 · RX1,1340,0.605512878445549,partial_coverage,cap-20260823T091800-9bd536243a3e,5
11008,0.6091190792386012,11214,16695986,18072,complete,10196858.527668694,0.16583355979009162,0.6220351526364477,stream-1 · RX1,11214,0.6205179282868526,partial_coverage,cap-20260823T091800-9bd536243a3e,12
2220,0.959792477302205,1457,2132181,2313,complete,158167682.0466937,0.17803004878274217,0.6589327146171694,stream-0 · RX0,1457,0.6299178555987894,complete,cap-20260823T091800-9bd536243a3e,5
0,,0,1594,0,no_result,,,,stream-1 · RX0,0,,no_result,cap-20260823T091800-9bd536243a3e,0
12353,0.4307933740191805,19313,26490914,28675,complete,12976899.054143194,0.1633075190436024,0.6342668863261944,stream-0 · RX1,19313,0.6735135135135135,complete,cap-20260823T092100-62d4c6eb7bdc,11
6370,0.31859557867360205,14754,18422197,19994,complete,26828827.813341502,0.16230118606063582,0.6687046516963492,stream-0 · RX0,14754,0.7379213764129239,partial_coverage,cap-20260823T092100-62d4c6eb7bdc,10
18562,0.4839651666058299,25916,35439263,38354,complete,11397915.188784532,0.14756178240737355,0.6706969807096149,stream-1 · RX1,25916,0.6757052719403452,partial_coverage,cap-20260823T092100-62d4c6eb7bdc,14
8051,0.4730039363139651,11006,15691560,17021,complete,7403080.820918347,0.1568069769502844,0.6878453038674033,stream-1 · RX0,11006,0.6466130074613713,complete,cap-20260823T092100-62d4c6eb7bdc,7
0,,0,1594,0,no_result,,,,stream-1 · RX0,0,,no_result,cap-20260823T092400-3c35810955bd,0
5607,0.7397097625329815,4756,7010767,7580,partial,8892898.605626332,0.16699184346904833,0.6153601694915254,stream-0 · RX1,4756,0.6274406332453826,complete,cap-20260823T092400-3c35810955bd,8
4303,0.4386340468909276,6870,9061655,9810,complete,8964251.150882887,0.14281315706948158,0.698594674556213,stream-1 · RX1,6870,0.7003058103975535,complete,cap-20260823T092400-3c35810955bd,4
1646,0.5410913872452334,2003,2805528,3042,complete,11775581.205941115,0.1610774661926492,0.6584483892176201,stream-0 · RX0,2003,0.65844838921762,complete,cap-20260823T092400-3c35810955bd,2
19852,0.5483674935086459,23081,33483023,36202,complete,8569842.73856501,0.14875144435398346,0.6602426837972877,stream-0 · RX1,23081,0.6375614606927794,partial_coverage,cap-20260823T092700-48effabd4369,15
6738,0.3487216644239727,13815,17849699,19322,complete,9637639.37830178,0.16085230001838594,0.6144859813084113,stream-1 · RX1,13815,0.7149880964703447,complete,cap-20260823T092700-48effabd4369,9
5145,0.4722783183403709,7270,10050591,10894,complete,16946566.592907205,0.15448427051499036,0.6568265682656826,stream-1 · RX0,7270,0.6673398200844501,complete,cap-20260823T092700-48effabd4369,6
14273,0.5136389808550453,18339,25626908,27788,complete,20106386.49472572,0.160291969401438,0.6124489719290853,stream-0 · RX0,18339,0.6599611343025766,partial_coverage,cap-20260823T092700-48effabd4369,14
14522,0.6256246768912631,14804,21391417,23212,complete,17287406.498495333,0.15496637135812152,0.6492926284437825,stream-0 · RX0,14804,0.6377735653972083,partial_coverage,cap-20260823T093300-d7b2a62549fe,15
1130,0.5152758777929777,1498,2018433,2193,complete,30450206.016405687,0.15215350640000389,0.6862265688671557,stream-1 · RX0,1498,0.6830825353397173,complete,cap-20260823T093300-d7b2a62549fe,3
8115,0.6060945552319068,8418,12383465,13389,complete,9795122.831308855,0.1721787111531279,0.6320170408323177,stream-0 · RX1,8418,0.6287250728209725,complete,cap-20260823T093300-d7b2a62549fe,10
13848,0.5445965077866919,16474,23497100,25428,partial,11240877.561183104,0.14358674982784084,0.6825208085612366,stream-1 · RX1,16474,0.6478684914267736,partial_coverage,cap-20260823T093300-d7b2a62549fe,13
6765,0.5374592833876222,7946,11630218,12587,complete,6080604.983902585,0.16449361283555305,0.6296296296296297,stream-1 · RX1,7946,0.6312862477158974,complete,cap-20260823T093900-39acaef247b6,7
1597,0.6925411968777103,1423,2127388,2306,complete,4387416.897650957,0.1638956302635719,0.6170858629661752,stream-0 · RX0,1423,0.6170858629661752,complete,cap-20260823T093900-39acaef247b6,2
116,0.9830508474576272,81,110175,118,complete,3855069.193153503,0.20662550172888,0.6864406779661016,stream-0 · RX1,81,0.6864406779661016,complete,cap-20260823T093900-39acaef247b6,1
4731,0.6016022380467956,5052,7256343,7864,partial,4041052.789132021,0.15325175843843913,0.6395328030671044,stream-1 · RX0,5052,0.6424211597151577,complete,cap-20260823T093900-39acaef247b6,4
2132,0.8624595469255664,1546,2284227,2472,complete,5481120.832653512,0.190013921086281,0.591740545393334,stream-0 · RX1,1546,0.6254045307443366,complete,cap-20260823T094200-286af7ccf451,8
531,0.9584837545126353,346,510325,554,complete,8189750.853335454,0.19491607948695364,0.6006944444444444,stream-1 · RX0,346,0.6245487364620939,complete,cap-20260823T094200-286af7ccf451,4
14317,0.520864408629534,17856,25434303,27487,complete,22138723.22365417,0.16293291939344495,0.5970918342699796,stream-1 · RX1,17856,0.6496161821952195,complete,cap-20260823T094200-286af7ccf451,16
7699,0.4622358309317964,11113,15368211,16656,complete,9378728.986946011,0.14803627767499442,0.6861626248216833,stream-0 · RX0,11113,0.6672070124879923,complete,cap-20260823T094200-286af7ccf451,7
5081,0.34403141715755975,10619,13602471,14769,complete,20759627.947060976,0.13952507682493703,0.715893587994543,stream-0 · RX0,10619,0.7190060261358251,partial_coverage,cap-20260823T094500-4c44f53f328a,9
13894,0.44010136205258155,21259,29161107,31570,complete,8907403.535340078,0.1390423453267083,0.7006869479882237,stream-0 · RX1,21259,0.6733924611973392,partial_coverage,cap-20260823T094500-4c44f53f328a,13
19628,0.5400616332819723,23826,33581558,36344,complete,12073025.261286594,0.15343809306132422,0.6393037622565034,stream-1 · RX1,23826,0.6555690072639225,partial_coverage,cap-20260823T094500-4c44f53f328a,16
4965,0.5888981141027162,5500,7768352,8431,complete,13466815.883403955,0.15238942670511801,0.6724521584334668,stream-1 · RX0,5500,0.6523544063574902,complete,cap-20260823T094500-4c44f53f328a,7
16536,0.47435456110154905,22823,32215500,34860,partial,9080446.561782837,0.1635602533757476,0.5923532579429187,stream-1 · RX1,22823,0.6547045324153757,partial_coverage,cap-20260823T094800-8799dba1652a,15
3140,0.9570252971654983,2007,3024404,3281,complete,272791440.7670358,0.18844979097108133,0.6373056994818653,stream-1 · RX0,2007,0.6117037488570558,complete,cap-20260823T094800-8799dba1652a,9
14554,0.5554749818709209,17328,24146623,26201,complete,12084514.821608745,0.14730921955745743,0.6920342723698795,stream-0 · RX0,17328,0.6613488034807832,partial_coverage,cap-20260823T094800-8799dba1652a,14
10498,0.49659413434247873,13744,19538447,21140,complete,6583814.492294361,0.157173643739552,0.6595092024539877,stream-0 · RX1,13744,0.6501419110690634,partial_coverage,cap-20260823T094800-8799dba1652a,11
18259,0.46221805938789456,27023,36520779,39503,partial,13455680.957480958,0.15907869332225083,0.6237549726318308,stream-1 · RX1,27023,0.6840746272435005,partial_coverage,cap-20260823T095458-7d2412e2ff8f,16
14538,0.476374598597549,20675,28134903,30518,complete,13508923.567532104,0.16056584673788618,0.6226415094339622,stream-1 · RX0,20675,0.6774690346680647,partial_coverage,cap-20260823T095458-7d2412e2ff8f,15
14373,0.41002453357676727,24695,32319711,35054,complete,17595412.191330284,0.15367854174278883,0.6417346034270042,stream-0 · RX0,24695,0.7044845096137388,partial_coverage,cap-20260823T095458-7d2412e2ff8f,16
22177,0.5329088069205815,27437,38476859,41615,partial,20237006.450370286,0.15993615345556444,0.6143010360671032,stream-0 · RX1,27437,0.6593055388681965,partial_coverage,cap-20260823T095458-7d2412e2ff8f,16
10241,0.6523760988660976,9854,14504467,15698,complete,11766312.111425193,0.16883712129310346,0.580952380952381,stream-0 · RX1,9854,0.6277232768505542,complete,cap-20260823T095749-8569a833587a,11
8629,0.4906186035933591,11635,16215114,17588,complete,6573693.491880435,0.15051601940995124,0.6671415004748338,stream-1 · RX0,11635,0.6615305890379805,complete,cap-20260823T095749-8569a833587a,6
18925,0.5082856605699245,24827,34421341,37233,partial,10502009.719654227,0.15668671705085302,0.6398882414462872,stream-1 · RX1,24827,0.6668009561410576,partial_coverage,cap-20260823T095749-8569a833587a,16
3005,0.532612548741581,3788,5196867,5642,complete,17654499.969452888,0.17125801375252,0.6631853785900783,stream-0 · RX0,3788,0.6713931230060263,complete,cap-20260823T095749-8569a833587a,5
10245,0.6749901172750032,9531,14036481,15178,complete,13563724.018220773,0.165494292728843,0.6035460122699386,stream-1 · RX1,9531,0.6279483462906839,complete,cap-20260823T100040-7bc5ba3cc0ac,12
0,,0,1594,0,no_result,,,,stream-0 · RX0,0,,no_result,cap-20260823T100040-7bc5ba3cc0ac,0
0,,0,1594,0,no_result,,,,stream-1 · RX0,0,,no_result,cap-20260823T100040-7bc5ba3cc0ac,0
4245,0.7712572674418605,3387,5089144,5504,complete,19696443.092854895,0.17664325078637658,0.6238360221088981,stream-0 · RX1,3387,0.6153706395348837,complete,cap-20260823T100040-7bc5ba3cc0ac,6
1562,0.5311118667120027,2039,2710722,2941,complete,9852798.202079965,0.14100894839510253,0.6939073568922383,stream-1 · RX0,2039,0.6933015980958858,complete,cap-20260823T100330-f8009ee92145,2
14611,0.5858225411972254,15509,23046315,24941,complete,10069697.067478724,0.16004592195342393,0.639785903751421,stream-1 · RX1,15509,0.621827512930516,partial_coverage,cap-20260823T100330-f8009ee92145,14
7679,0.5598571011956839,8635,12648362,13716,complete,31768539.80733592,0.1680834008062009,0.5971264514591208,stream-0 · RX0,8635,0.6295567220764071,complete,cap-20260823T100330-f8009ee92145,10
5300,0.7473209249858996,4297,6561151,7092,complete,10791589.374806596,0.17897445093094227,0.6231041456016178,stream-0 · RX1,4297,0.6058939650310209,complete,cap-20260823T100330-f8009ee92145,8
16814,0.4424038309740567,25435,35140395,38006,complete,9864002.527014773,0.15753565182168855,0.6522636432508686,stream-0 · RX1,25435,0.6692364363521549,complete,cap-20260823T100905-29d563ac02d9,16
17633,0.5194885543411013,22321,31378661,33943,complete,10192789.802251272,0.15266721847230855,0.6682577565632458,stream-1 · RX1,22321,0.6576024511681348,partial_coverage,cap-20260823T100905-29d563ac02d9,15
8549,0.6216098305824184,8855,12677149,13753,complete,11948162.3786312,0.16773291425601056,0.5889230769230769,stream-0 · RX0,8855,0.6438595215589326,partial_coverage,cap-20260823T100905-29d563ac02d9,9
7203,0.5698575949367088,8245,11651438,12640,complete,12434206.622865964,0.16507728216093617,0.6134232032149771,stream-1 · RX0,8245,0.6522943037974683,complete,cap-20260823T100905-29d563ac02d9,8
4528,0.8372781065088757,3309,4979359,5408,complete,23280144.00766185,0.17855318725157784,0.6064189189189189,stream-1 · RX0,3309,0.6118713017751479,complete,cap-20260823T101200-1b98ddd3d643,8
4575,0.5410999408633944,5394,7789283,8455,complete,7997264.382529601,0.15864723982985093,0.6703570666239761,stream-0 · RX0,5394,0.6379657007687759,complete,cap-20260823T101200-1b98ddd3d643,4
9982,0.6165153480328578,10388,14961173,16191,complete,142110279.57956982,0.16900192171579448,0.6325856285310735,stream-1 · RX1,10388,0.6415910073497623,complete,cap-20260823T101200-1b98ddd3d643,12
10159,0.4346468147007231,15515,21581998,23373,complete,12177089.915988239,0.1519266434361693,0.6724137931034483,stream-0 · RX1,15515,0.6638001112394644,complete,cap-20260823T101200-1b98ddd3d643,9
16693,0.45370043214741934,24226,33999302,36793,complete,15683943.36765995,0.13885728148088428,0.7054066540782034,stream-0 · RX1,24226,0.6584404642187373,partial_coverage,cap-20260823T101809-80205045e4c6,14
11525,0.46870551872788646,16671,22674691,24589,complete,8144051.048485739,0.14346794949979488,0.7108934401899674,stream-0 · RX0,16671,0.6779860913416569,partial_coverage,cap-20260823T101809-80205045e4c6,13
2578,0.654979674796748,2493,3630888,3936,complete,11932493.959756842,0.17531793462542966,0.6171662125340599,stream-1 · RX0,2493,0.6333841463414634,complete,cap-20260823T101809-80205045e4c6,3
17448,0.4753964361615171,24642,33928301,36702,complete,9999400.156518552,0.14869853896765417,0.6542469517057399,stream-1 · RX1,24642,0.6714075527219225,partial_coverage,cap-20260823T101809-80205045e4c6,16
9598,0.3882686084142395,17225,22777365,24720,complete,7832716.706325988,0.13305707058965932,0.7236078860172865,stream-0 · RX0,17225,0.6968042071197411,partial_coverage,cap-20260823T102100-41a973bd84ae,12
17684,0.42662420689488795,28013,38295800,41451,complete,12422840.69564428,0.1460162649845326,0.6802621995630007,stream-0 · RX1,28013,0.6758099925212901,partial_coverage,cap-20260823T102100-41a973bd84ae,15
18977,0.4869393410653803,25845,36031511,38972,complete,13599528.158249376,0.15040044958568605,0.647741185933241,stream-1 · RX1,25845,0.6631684286154162,partial_coverage,cap-20260823T102100-41a973bd84ae,14
14157,0.6197250919278585,14925,21056689,22844,complete,15289903.77643773,0.1662689007895568,0.6059243550641759,stream-1 · RX0,14925,0.6533444230432499,partial_coverage,cap-20260823T102100-41a973bd84ae,14
0,,0,1594,0,no_result,,,,stream-0 · RX1,0,,no_result,cap-20260823T102721-5eb863f3e015,0
228,0.9827586206896551,130,214546,232,complete,28807613.740217377,0.21425622266761793,0.5603448275862069,stream-1 · RX0,130,0.5603448275862069,complete,cap-20260823T102721-5eb863f3e015,2
0,,0,1594,0,no_result,,,,stream-0 · RX0,0,,no_result,cap-20260823T102721-5eb863f3e015,0
11673,0.6832309043020193,10945,15776774,17085,partial,12716598.374657381,0.15727639668645246,0.6581740976645435,stream-1 · RX1,10945,0.6406204272753878,complete,cap-20260823T102721-5eb863f3e015,11
16138,0.42012912631469335,26288,35470813,38412,complete,12099484.982480593,0.1589251829966951,0.6313970366508737,stream-1 · RX1,26288,0.6843694678746225,partial_coverage,cap-20260823T103006-b22ba294d7f7,16
3456,0.8052190121155638,2644,3955440,4292,complete,17117963.92999815,0.1705149797194827,0.6319095477386935,stream-0 · RX0,2644,0.6160298229263746,complete,cap-20260823T103006-b22ba294d7f7,5
5662,0.48314702619677447,7862,10800534,11719,partial,6956567.220167543,0.15438199100151945,0.6920122616678437,stream-1 · RX0,7862,0.6708763546377677,complete,cap-20260823T103006-b22ba294d7f7,8
13538,0.6161758681898867,13955,20287095,21971,partial,16817584.62977654,0.16544746043023456,0.6339622641509434,stream-0 · RX1,13955,0.6351554321605754,partial_coverage,cap-20260823T103006-b22ba294d7f7,13
13559,0.39185596208311657,24215,31958861,34602,complete,7093196.889542104,0.13275539832000777,0.7414486921529175,stream-0 · RX1,24215,0.6998150395930871,partial_coverage,cap-20260823T103300-f5e88b1f6dff,15
8820,0.3709935223353243,17054,21917379,23774,complete,262867844.015043,0.13063595992686763,0.748558246828143,stream-0 · RX0,17054,0.7173382686968958,partial_coverage,cap-20260823T103300-f5e88b1f6dff,11
15287,0.4687250873857852,22049,30072266,32614,complete,14694095.812915422,0.16258022793068602,0.6205013239187996,stream-1 · RX0,22049,0.6760593610106089,complete,cap-20260823T103300-f5e88b1f6dff,14
15219,0.46001088139281826,22757,30591225,33084,partial,14021942.5734077,0.14901303292993917,0.6639359922553775,stream-1 · RX1,22757,0.6878551565711523,partial_coverage,cap-20260823T103300-f5e88b1f6dff,14
9853,0.5272367294520548,12487,17277384,18688,complete,14230472.582738511,0.16731560386956362,0.6323396567299007,stream-0 · RX1,12487,0.6681827910958904,complete,cap-20260823T103600-a42d17d4fcb0,13
4858,0.4170673076923077,7710,10732596,11648,complete,5575700.969251976,0.15232036682974132,0.6500256508913684,stream-1 · RX0,7710,0.6619162087912088,complete,cap-20260823T103600-a42d17d4fcb0,4
21515,0.6341930729550479,21537,31368969,33925,partial,154234513.2090852,0.16554791734098384,0.626923724096869,stream-1 · RX1,21537,0.6348415622697126,partial_coverage,cap-20260823T103600-a42d17d4fcb0,16
6181,0.7643130950908866,5123,7448285,8087,complete,84175318.5121007,0.17117899139962528,0.5834230355220668,stream-0 · RX0,5123,0.6334858414739706,complete,cap-20260823T103600-a42d17d4fcb0,7
7964,0.7987963891675025,6049,9191989,9970,complete,327978709.2122294,0.17392328102584914,0.575460390105699,stream-1 · RX0,6049,0.6067201604814443,complete,cap-20260823T103900-f15ba31ea9b2,10
10346,0.49893904320987653,13748,19165551,20736,complete,33431199.586180713,0.16349873078601668,0.599343997124371,stream-0 · RX1,13748,0.6630015432098766,partial_coverage,cap-20260823T103900-f15ba31ea9b2,14
9135,0.5297494780793319,11340,15888264,17244,complete,11084975.604418904,0.1610189075607724,0.635864697509152,stream-0 · RX0,11340,0.6576200417536534,complete,cap-20260823T103900-f15ba31ea9b2,10
16935,0.4805754987371946,23611,32559030,35239,complete,17804103.174323995,0.1501771262126551,0.6425798187560274,stream-1 · RX1,23611,0.6700246885552938,partial_coverage,cap-20260823T103900-f15ba31ea9b2,16
0,,0,1594,0,no_result,,,,stream-0 · RX1,0,,no_result,cap-20260823T104200-597c155f2bcf,0
2864,0.47480106100795755,3955,5574047,6032,partial,8750358.486546487,0.1348645855920929,0.7165441176470588,stream-1 · RX1,3955,0.6556697612732095,complete,cap-20260823T104200-597c155f2bcf,3
4547,0.5827992822353243,5126,7182546,7802,complete,21943932.343831707,0.14799833618595437,0.6578798451950815,stream-0 · RX0,5126,0.657011022814663,complete,cap-20260823T104200-597c155f2bcf,4
1375,0.9892086330935251,840,1281449,1390,complete,15452512.774427108,0.1858912427134417,0.60431654676259,stream-1 · RX0,840,0.60431654676259,complete,cap-20260823T104200-597c155f2bcf,2
13314,0.6166743862899491,13835,19906064,21590,complete,13381385.134107111,0.1585496448560793,0.6275495200506913,stream-0 · RX0,13835,0.6408059286706809,complete,cap-20260823T104500-c60e191df8ff,12
15422,0.5535137463211542,17805,25765897,27862,partial,21327201.6793404,0.16286062094145504,0.6198863091781448,stream-0 · RX1,17805,0.6390424233723351,partial_coverage,cap-20260823T104500-c60e191df8ff,16
5327,0.9539756446991404,3446,5149394,5584,complete,35603281.05481386,0.18496181335424877,0.614406779661017,stream-1 · RX0,3446,0.6171203438395415,complete,cap-20260823T104500-c60e191df8ff,9
17648,0.5096453736860345,22255,32027271,34628,partial,9767653.148857938,0.15858933695378513,0.6384156190271084,stream-1 · RX1,22255,0.6426879981517847,partial_coverage,cap-20260823T104500-c60e191df8ff,16
4938,0.9070536370315944,3285,5019480,5444,complete,11044959.905077364,0.17708232979499372,0.6046884644121755,stream-0 · RX0,3285,0.6034166054371786,complete,cap-20260823T104800-e74d8882b242,6
19119,0.6328908603396339,18746,27931733,30209,partial,11726819.599708851,0.16552695613157148,0.6242505716095976,stream-0 · RX1,18746,0.620543546625178,partial_coverage,cap-20260823T104800-e74d8882b242,16
14161,0.564993616342164,16190,23107356,25064,complete,13009743.990788711,0.16484503796044736,0.6220338983050847,stream-1 · RX0,16190,0.6459463772741781,partial_coverage,cap-20260823T104800-e74d8882b242,16
14585,0.6332768876731362,14569,21308273,23031,complete,14504544.021166816,0.153012010425295,0.6459553910987768,stream-1 · RX1,14569,0.6325821718553254,partial_coverage,cap-20260823T104800-e74d8882b242,14
18341,0.5026446326290115,23977,33713728,36489,complete,18685351.501340866,0.15104349398424893,0.6686915887850468,stream-1 · RX1,23977,0.6571021403710707,partial_coverage,cap-20260823T105400-45b265314705,15
4866,0.7809340394800193,4111,5738554,6231,complete,68376079.17498669,0.16049698406978513,0.671161825726141,stream-1 · RX0,4111,0.6597656876905794,complete,cap-20260823T105400-45b265314705,7
20838,0.6216030784834293,21199,30987976,33523,complete,9265059.873077638,0.15343378848946612,0.6529411764705882,stream-0 · RX1,21199,0.6323718044327775,partial_coverage,cap-20260823T105400-45b265314705,15
16054,0.4699098466221754,23107,31495344,34164,complete,11993593.806293411,0.15797570130861976,0.6407690129714592,stream-0 · RX0,23107,0.6763552277250907,partial_coverage,cap-20260823T105400-45b265314705,16
15253,0.5441863783938065,18257,25929823,28029,complete,8766885.78660079,0.16202505747945412,0.6437362371370486,stream-1 · RX1,18257,0.6513610902993329,partial_coverage,cap-20260823T105700-5b47e25426e2,14
12256,0.6347627926248187,12339,17803301,19308,complete,11555456.583074898,0.1692751987094044,0.5981245813797723,stream-0 · RX0,12339,0.6390615288999378,partial_coverage,cap-20260823T105700-5b47e25426e2,15
11195,0.6774174028803098,10381,15283167,16526,complete,7579406.822474235,0.16264707061287662,0.6405497686299426,stream-0 · RX1,10381,0.6281616846181775,partial_coverage,cap-20260823T105700-5b47e25426e2,12
1665,0.973115137346581,1077,1575023,1711,complete,288098082.86924,0.19190652186658586,0.6019417475728155,stream-1 · RX0,1077,0.6294564582115721,complete,cap-20260823T105700-5b47e25426e2,7
560,0.9929078014184397,351,520837,564,complete,8039021.713594384,0.1815504629025322,0.6223404255319149,stream-1 · RX0,351,0.6223404255319149,complete,cap-20260823T110332-725635ff80b1,2
11203,0.6434807581849512,10964,16106029,17410,complete,17370072.05758054,0.16698680379195355,0.6242424242424243,stream-1 · RX1,10964,0.6297530155083285,partial_coverage,cap-20260823T110332-725635ff80b1,13
8517,0.688298044286407,7847,11409281,12374,complete,1720047842.728557,0.16722138878475767,0.6158672855423758,stream-0 · RX0,7847,0.6341522547276548,partial_coverage,cap-20260823T110332-725635ff80b1,8
6556,0.5635691567093613,7387,10759639,11633,complete,29902693.801636033,0.19765691451126322,0.5978868862647607,stream-0 · RX1,7387,0.6350038683056821,complete,cap-20260823T110332-725635ff80b1,11
232,0.9957081545064378,149,216311,233,complete,249911568.4958196,0.2056597061647649,0.6394849785407726,stream-0 · RX1,149,0.6394849785407726,complete,cap-20260823T110622-a02d007ca14a,1
15322,0.47566124425679873,21885,29771076,32212,partial,16126264.089111306,0.1567443585403104,0.6364385227500049,stream-1 · RX1,21885,0.6794051906121942,partial_coverage,cap-20260823T110622-a02d007ca14a,16
0,,0,1594,0,no_result,,,,stream-0 · RX0,0,,no_result,cap-20260823T110622-a02d007ca14a,0
10962,0.7111716621253406,9946,14199974,15414,complete,13998795.15434782,0.1690431692414323,0.6117796596932241,stream-1 · RX0,9946,0.6452575580640976,partial_coverage,cap-20260823T110622-a02d007ca14a,14
0,,0,1594,0,no_result,,,,stream-1 · RX0,0,,no_result,cap-20260823T111139-5bde5bd4dd04,0
2553,0.959053343350864,1614,2458579,2662,complete,196441021.72836822,0.18833389278853113,0.6239255958658512,stream-1 · RX1,1614,0.6063110443275732,complete,cap-20260823T111139-5bde5bd4dd04,8
0,,0,1594,0,no_result,,,,stream-0 · RX0,0,,no_result,cap-20260823T111139-5bde5bd4dd04,0
600,0.970873786407767,369,570829,618,complete,5165545.7178122215,0.19865238535152893,0.5821917808219178,stream-0 · RX1,369,0.5970873786407767,complete,cap-20260823T111139-5bde5bd4dd04,3
12595,0.6000762304064033,13413,19393847,20989,complete,14034802.13739421,0.16331271437337264,0.6132613507471726,stream-0 · RX1,13413,0.6390490256801181,complete,cap-20260823T111430-17ab4cda0851,16
2558,0.3731582786287381,4901,6308721,6855,complete,7358971.648125045,0.1404017100253493,0.7142857142857143,stream-1 · RX0,4901,0.7149525893508388,complete,cap-20260823T111430-17ab4cda0851,5
13139,0.545639534883721,15812,22187781,24080,complete,8131492.195616371,0.16164403924207024,0.6293083555753832,stream-0 · RX0,15812,0.6566445182724252,partial_coverage,cap-20260823T111430-17ab4cda0851,16
15229,0.4637897429650384,21477,30332313,32836,complete,19242942.030490536,0.14546787005744186,0.6696220251983201,stream-1 · RX1,21477,0.6540687050797904,partial_coverage,cap-20260823T111430-17ab4cda0851,13
14235,0.6935106693949138,12623,18984316,20526,complete,40760177.520800754,0.1672690679534528,0.5919258649882297,stream-1 · RX1,12623,0.6149761278378642,partial_coverage,cap-20260823T111715-35a82d19c4c5,16
199,0.9660194174757282,110,190929,206,complete,4203836.829103553,0.22119891991984153,0.5339805825242718,stream-0 · RX1,110,0.5339805825242718,complete,cap-20260823T111715-35a82d19c4c5,2
0,,0,1594,0,no_result,,,,stream-0 · RX0,0,,no_result,cap-20260823T111715-35a82d19c4c5,0
0,,0,1594,0,no_result,,,,stream-1 · RX0,0,,no_result,cap-20260823T111715-35a82d19c4c5,0
15615,0.44212582818959173,23987,32640863,35318,partial,10281992.147037627,0.1378045908736582,0.7005804195804196,stream-1 · RX1,23987,0.6791720935500312,partial_coverage,cap-20260823T112002-cd1078bbb46d,14
5839,0.30967913020418986,13389,17373397,18855,partial,9050293.251401136,0.13236326576532284,0.7262479871175523,stream-1 · RX0,13389,0.7101034208432776,partial_coverage,cap-20260823T112002-cd1078bbb46d,9
16318,0.45883477674052414,23173,32864508,35564,complete,9677068.064734481,0.1405484525267749,0.6927247328878318,stream-0 · RX1,23173,0.6515858733550781,partial_coverage,cap-20260823T112002-cd1078bbb46d,14
6466,0.27757029405451816,16609,21477250,23295,complete,5977297.330458346,0.12518776741752302,0.7718130661203939,stream-0 · RX0,16609,0.7129856192315948,partial_coverage,cap-20260823T112002-cd1078bbb46d,10
24230,0.5607238729982412,27508,39979006,43212,partial,17174494.370091457,0.15774503998388817,0.6278529027785366,stream-1 · RX1,27508,0.6365824308062575,partial_coverage,cap-20260823T112246-00eaaa171336,16
20063,0.5040321567642256,25774,36774156,39805,complete,19576636.69023326,0.15210456013265608,0.6484069312465064,stream-0 · RX1,25774,0.6475065946489135,partial_coverage,cap-20260823T112246-00eaaa171336,15
14799,0.6210499811154475,15197,21967163,23829,complete,1600177438.5992205,0.1668604374397903,0.6354166666666666,stream-1 · RX0,15197,0.6377523186033824,complete,cap-20260823T112246-00eaaa171336,15
7135,0.3941335690217091,12445,16677672,18103,complete,114217527.6930093,0.14462154477237615,0.693508011867748,stream-0 · RX0,12445,0.6874551179362537,partial_coverage,cap-20260823T112246-00eaaa171336,10
14712,0.6107098381070983,15275,22275061,24090,complete,13577126.275548384,0.16377161822780906,0.6340819022457067,stream-0 · RX1,15275,0.6340805313408053,partial_coverage,cap-20260823T112821-12d694a8feba,13
14909,0.5236372576566451,18953,26324940,28472,partial,20193986.719599683,0.16154742386182652,0.6173155203005949,stream-1 · RX1,18953,0.665671536948581,partial_coverage,cap-20260823T112821-12d694a8feba,16
9162,0.7108938547486033,8114,11875671,12888,complete,11909296.469411781,0.1714798856577176,0.6449776060521675,stream-1 · RX0,8114,0.6295779019242707,complete,cap-20260823T112821-12d694a8feba,10
11696,0.4994448714663934,15986,21576723,23418,complete,1548840722.9313939,0.15957496536639204,0.6411122074483575,stream-0 · RX0,15986,0.6826372875565804,complete,cap-20260823T112821-12d694a8feba,14
117,0.9831932773109243,78,110638,119,complete,3369541.5694663846,0.1964756154165511,0.6554621848739496,stream-1 · RX0,78,0.6554621848739496,complete,cap-20260823T113111-10142f2c1489,1
8240,0.7347957909755662,7025,10359311,11214,complete,3374424802.274976,0.17180284751421251,0.6219954084031754,stream-1 · RX1,7025,0.6264490815052612,complete,cap-20260823T113111-10142f2c1489,10
5255,0.863740959894806,3616,5617966,6084,complete,236984597.1770586,0.18228551658263653,0.5890547263681591,stream-0 · RX1,3616,0.5943458251150558,complete,cap-20260823T113111-10142f2c1489,10
2563,0.8670500676589986,1839,2726368,2956,complete,8029559.646412752,0.16926798279907712,0.6290322580645161,stream-0 · RX0,1839,0.6221244925575101,complete,cap-20260823T113111-10142f2c1489,5
16260,0.5322770721487495,20043,28228767,30548,complete,16866201.80676488,0.1432119111794376,0.6851258889327455,stream-1 · RX1,20043,0.6561149666099254,partial_coverage,cap-20260823T113719-e85d040a0afd,14
15554,0.4844124700239808,21613,29687303,32109,complete,17468111.977484576,0.14578711340871953,0.6902634468066837,stream-0 · RX1,21613,0.6731134572861192,partial_coverage,cap-20260823T113719-e85d040a0afd,14
11144,0.4131998516870597,18942,24872161,26970,complete,18341068.2657754,0.15881288898724405,0.6191208115585614,stream-0 · RX0,18942,0.7023359288097887,complete,cap-20260823T113719-e85d040a0afd,11
2746,0.811705586757316,2203,3120465,3383,complete,3973446415.9972157,0.18404142726355172,0.6477024070021882,stream-1 · RX0,2203,0.6511971622819982,complete,cap-20260823T113719-e85d040a0afd,5
4107,0.5277563608326908,5300,7192776,7782,complete,20081985.533858597,0.14927567211947623,0.6446280991735537,stream-0 · RX1,5300,0.6810588537650989,complete,cap-20260823T114012-49c3afc433c0,5
0,,0,1594,0,no_result,,,,stream-1 · RX0,0,,no_result,cap-20260823T114012-49c3afc433c0,0
4403,0.6234777683375814,4677,6506754,7062,complete,15926691.295829535,0.15172762060249606,0.6614893617021277,stream-0 · RX0,4677,0.6622769753610875,complete,cap-20260823T114012-49c3afc433c0,4
0,,0,1594,0,no_result,,,,stream-1 · RX1,0,,no_result,cap-20260823T114012-49c3afc433c0,0
8412,0.5125830235817439,10752,15124892,16411,complete,134300799.03718823,0.1650380717321946,0.6898176040003614,stream-0 · RX0,10752,0.6551703125952105,partial_coverage,cap-20260823T114537-e7e1cf063697,10
7713,0.675275783575556,7353,10551961,11422,complete,10066463.519183138,0.16995178531138977,0.5962498535099028,stream-0 · RX1,7353,0.6437576606548766,partial_coverage,cap-20260823T114537-e7e1cf063697,12
8658,0.7614106059273591,7097,10487114,11371,complete,42973639.973433584,0.17222454346361432,0.6205533596837944,stream-1 · RX0,7097,0.6241315627473397,complete,cap-20260823T114537-e7e1cf063697,11
20159,0.5009691848906561,26424,37216562,40240,complete,14241741.510837588,0.15907868478444748,0.6302263500957718,stream-1 · RX1,26424,0.6566600397614314,partial_coverage,cap-20260823T114537-e7e1cf063697,16
7084,0.5464362850971922,8780,11951001,12964,complete,8673736.060169525,0.15964972294870022,0.6140027637033625,stream-0 · RX0,8780,0.6772601049058933,complete,cap-20260823T114819-6119ff0fc686,9
0,,0,1594,0,no_result,,,,stream-1 · RX0,0,,no_result,cap-20260823T114819-6119ff0fc686,0
9273,0.5731858078872543,10629,14952510,16178,complete,17986031.175915375,0.1607020769053494,0.6746242263483643,stream-0 · RX1,10629,0.6570033378662381,complete,cap-20260823T114819-6119ff0fc686,11
10442,0.6208454723824246,10640,15539704,16819,complete,41959945.37563664,0.16819636470170368,0.6136058338130876,stream-1 · RX1,10640,0.6326178726440336,complete,cap-20260823T114819-6119ff0fc686,12
13883,0.5698395107334893,15861,22461803,24363,complete,45209579.97245089,0.1516031106013043,0.6883326309080817,stream-1 · RX0,15861,0.651028198497722,partial_coverage,cap-20260823T115110-180c32b1c8f9,14
19289,0.5656266494633746,22832,31436772,34102,complete,9252925.212524403,0.15573767004832537,0.6579692045217433,stream-0 · RX0,22832,0.6695208492170547,partial_coverage,cap-20260823T115110-180c32b1c8f9,16
17824,0.4563236047107015,26336,36091524,39060,partial,13942083.2239203,0.14026123834326973,0.6905933543824352,stream-1 · RX1,26336,0.6742447516641065,partial_coverage,cap-20260823T115110-180c32b1c8f9,14
19284,0.46164895145073254,27635,38633440,41772,complete,9297889.96356333,0.16143723745660166,0.644780783897827,stream-0 · RX1,27635,0.6615675572153595,partial_coverage,cap-20260823T115110-180c32b1c8f9,16
0,,0,1594,0,no_result,,,,stream-0 · RX1,0,,no_result,cap-20260823T115700-5d76364aed04,0
3321,0.7251091703056769,2797,4236995,4580,complete,13579614.893295355,0.1650433506878746,0.612245648082804,stream-1 · RX1,2797,0.6106986899563319,complete,cap-20260823T115700-5d76364aed04,4
1794,0.7413223140495868,1489,2230511,2420,complete,2700003.444285399,0.17335310460200734,0.6152892561983472,stream-0 · RX0,1489,0.6152892561983471,complete,cap-20260823T115700-5d76364aed04,2
0,,0,1594,0,no_result,,,,stream-1 · RX0,0,,no_result,cap-20260823T115700-5d76364aed04,0
290,0.9797297297297297,173,273410,296,complete,148268695.29200223,0.22616787529831753,0.5844594594594594,stream-1 · RX0,173,0.5844594594594594,complete,cap-20260823T120000-c785295408a6,2
13481,0.4964280453675063,18034,25082916,27156,partial,8884520.767635174,0.14035927025381878,0.675356921166977,stream-0 · RX1,18034,0.6640889674473412,partial_coverage,cap-20260823T120000-c785295408a6,13
9282,0.60421820075511,10113,14153234,15362,partial,106414457.24509497,0.1488667909302161,0.670205706702057,stream-0 · RX0,10113,0.658312719697956,complete,cap-20260823T120000-c785295408a6,11
2980,0.962532299741602,1877,2857690,3096,complete,12880834.251406496,0.1910886607727686,0.6067415730337079,stream-1 · RX1,1877,0.6062661498708011,complete,cap-20260823T120000-c785295408a6,9
4909,0.406441463818513,8235,11122477,12078,complete,8726071.03397156,0.1416594616998686,0.683802985036103,stream-0 · RX0,8235,0.6818181818181818,partial_coverage,cap-20260823T120300-951fa50b00a5,8
5784,0.6265843353916152,6356,8499978,9231,complete,11288531.362512324,0.14895994115810207,0.6716101694915254,stream-1 · RX0,6356,0.6885494529303434,complete,cap-20260823T120300-951fa50b00a5,9
11014,0.6220841570177916,11403,16363887,17705,complete,13795748.00269064,0.1512964490965031,0.6647081265751476,stream-1 · RX1,11403,0.6440553515955945,partial_coverage,cap-20260823T120300-951fa50b00a5,12
12893,0.5591066782307025,15028,21306640,23060,partial,18830200.328578405,0.15499628392349696,0.6511254989876105,stream-0 · RX1,15028,0.6516912402428447,partial_coverage,cap-20260823T120300-951fa50b00a5,14
127,0.8466666666666667,94,139358,150,complete,5763924.69443137,0.20270231286557408,0.6266666666666667,stream-1 · RX0,94,0.6266666666666667,complete,cap-20260823T120914-2fb2b61aab4b,1
12769,0.7260889343796202,10747,16250427,17586,partial,14260341.80637658,0.17008331264116572,0.6193549414161996,stream-1 · RX1,10747,0.6111111111111112,partial_coverage,cap-20260823T120914-2fb2b61aab4b,14
4147,0.7965808682289666,3183,4810882,5206,complete,10931124.549204206,0.17253704929667363,0.6199095022624435,stream-0 · RX1,3183,0.6114099116404149,complete,cap-20260823T120914-2fb2b61aab4b,7
10207,0.7341052934407365,8797,12816858,13904,complete,1010477955.542745,0.16727351699222828,0.6183998442494545,stream-0 · RX0,8797,0.6326956271576525,complete,cap-20260823T120914-2fb2b61aab4b,12
5275,0.8188450791679602,3944,5950784,6442,complete,861233075.4907274,0.16991721104415763,0.620293006598969,stream-0 · RX1,3944,0.612232226016765,complete,cap-20260823T121207-a425c08db278,6
14972,0.5964227383181293,15821,23218475,25103,complete,13651969.641743504,0.15665840387561064,0.6286127167630058,stream-1 · RX1,15821,0.6302433972035215,partial_coverage,cap-20260823T121207-a425c08db278,15
1588,0.976629766297663,953,1497439,1626,complete,23375582.930900116,0.19595103642273864,0.5798319327731092,stream-1 · RX0,953,0.5861008610086101,complete,cap-20260823T121207-a425c08db278,6
7516,0.46034176517425124,11145,15040325,16327,complete,7797639.363087465,0.14154399589887323,0.6987295825771325,stream-0 · RX0,11145,0.6826116249157836,partial_coverage,cap-20260823T121207-a425c08db278,9
13057,0.7392707507643529,10716,16319465,17662,partial,9600265.474043183,0.173721295939259,0.6007326007326007,stream-0 · RX1,10716,0.6067263050617144,complete,cap-20260823T121500-1549f8e17f0e,13
11395,0.5255753885890873,14272,20017241,21681,complete,11975659.496808503,0.15358209251694543,0.6672686650530628,stream-1 · RX1,14272,0.6582722199160556,complete,cap-20260823T121500-1549f8e17f0e,12
5874,0.43115091015854373,9128,12554728,13624,complete,7007298.708694885,0.1422361929969409,0.7100195254410896,stream-0 · RX0,9128,0.6699941280093952,complete,cap-20260823T121500-1549f8e17f0e,8
6250,0.8623068432671082,4372,6686993,7248,complete,17976263.84902195,0.1835773093717847,0.598504837291117,stream-1 · RX0,4372,0.6032008830022075,partial_coverage,cap-20260823T121500-1549f8e17f0e,8
5926,0.8197537695393554,4524,6663636,7229,complete,10434532.950848892,0.17426473104019147,0.6366559485530546,stream-0 · RX0,4524,0.6258126988518468,complete,cap-20260823T121800-1b13c9a3deb5,9
103,0.9809523809523809,60,98103,105,complete,9861345.517182777,0.23121567029102993,0.5714285714285714,stream-0 · RX1,60,0.5714285714285714,complete,cap-20260823T121800-1b13c9a3deb5,1
0,,0,1594,0,no_result,,,,stream-1 · RX0,0,,no_result,cap-20260823T121800-1b13c9a3deb5,0
11739,0.5886275886275887,12353,18427521,19943,complete,31864102.314750206,0.1601605771090996,0.6241911641313682,stream-1 · RX1,12353,0.619415333701048,complete,cap-20260823T121800-1b13c9a3deb5,10
571,0.9710884353741497,365,542000,588,complete,9698477.603394007,0.1832760648530916,0.620748299319728,stream-1 · RX0,365,0.6207482993197279,complete,cap-20260823T122100-237b879c5bd8,2
819,0.3772455089820359,1460,2007997,2171,partial,9430160.016430067,0.14575386016015543,0.6725011515430677,stream-0 · RX1,1460,0.6725011515430677,complete,cap-20260823T122100-237b879c5bd8,1
559,0.8560490045941807,420,602100,653,complete,12996199.65125687,0.16692685647185662,0.6431852986217458,stream-0 · RX0,420,0.6431852986217458,complete,cap-20260823T122100-237b879c5bd8,1
7463,0.6576489249206908,7104,10493151,11348,complete,17590657.743490074,0.1668604920348994,0.6000986923266716,stream-1 · RX1,7104,0.6260133944307367,complete,cap-20260823T122100-237b879c5bd8,8
918,0.9098116947472745,636,930114,1009,complete,1102509765.1137352,0.1732145368729576,0.6269930963319656,stream-1 · RX0,636,0.6303270564915758,complete,cap-20260823T122400-3e76e386934e,2
9277,0.5741428394603293,10303,14944487,16158,partial,11826608.758303737,0.1556986046193034,0.6677759290072102,stream-0 · RX1,10303,0.6376407971283574,complete,cap-20260823T122400-3e76e386934e,7
1695,0.9122712594187298,1124,1713192,1858,complete,5084543.670450443,0.192403632146664,0.6050775740479548,stream-0 · RX0,1124,0.604951560818084,complete,cap-20260823T122400-3e76e386934e,4
4261,0.9002746672300866,2955,4373345,4733,complete,10923686.794110347,0.1812157843268304,0.6204903646177704,stream-1 · RX1,2955,0.6243397422353687,complete,cap-20260823T122400-3e76e386934e,10
3522,0.9082001031459516,2302,3578649,3878,complete,22626530.720848512,0.18560660242786198,0.5638150609080841,stream-0 · RX1,2302,0.593604951005673,complete,cap-20260823T122700-0f0409ec36c0,8
9174,0.909126944802299,6130,9332385,10091,complete,12004985.24126071,0.17988052488868608,0.6253753753753754,stream-1 · RX1,6130,0.6074720047567139,complete,cap-20260823T122700-0f0409ec36c0,11
296,0.9966329966329966,186,275258,297,complete,11825361.83687936,0.1851535525356155,0.6262626262626263,stream-0 · RX0,186,0.6262626262626263,complete,cap-20260823T122700-0f0409ec36c0,1
0,,0,1594,0,no_result,,,,stream-1 · RX0,0,,no_result,cap-20260823T122700-0f0409ec36c0,0
12079,0.4561383633548582,17386,24488161,26481,complete,9091580.322167786,0.16196705468237935,0.6401636855820072,stream-1 · RX1,17386,0.6565462029379555,partial_coverage,cap-20260823T123000-7d9bf279ce51,14
1193,0.9875827814569537,710,1112573,1208,complete,12021324.971841734,0.19122389088718322,0.560541480307895,stream-1 · RX0,710,0.5877483443708609,complete,cap-20260823T123000-7d9bf279ce51,4
15572,0.5691104451428989,17521,25304475,27362,complete,14793629.253984254,0.15775755003850478,0.6390977443609023,stream-0 · RX1,17521,0.6403406183758498,partial_coverage,cap-20260823T123000-7d9bf279ce51,15
18113,0.4833226598356281,25329,34549678,37476,complete,10565810.28470899,0.16122103512157598,0.6162456028141989,stream-0 · RX0,25329,0.6758725584373999,partial_coverage,cap-20260823T123000-7d9bf279ce51,15
5106,0.6433161144009072,5069,7316319,7937,complete,9194608.240775786,0.1648672688195325,0.6189555125725339,stream-0 · RX0,5069,0.6386544034269875,complete,cap-20260823T123300-c314b8b8743a,5
6376,0.4013596877753997,11165,14641655,15886,complete,17580210.55524271,0.14540460871115574,0.6800415678426722,stream-1 · RX0,11165,0.702820093163792,complete,cap-20260823T123300-c314b8b8743a,6
16049,0.49792132042690496,21501,29803324,32232,partial,11248299.15404441,0.16126565574113072,0.6251186976740108,stream-1 · RX1,21501,0.6670699925539836,partial_coverage,cap-20260823T123300-c314b8b8743a,16
9621,0.5799276672694395,10792,15339377,16590,complete,30486917.585643042,0.16183895575877777,0.6302083333333334,stream-0 · RX1,10792,0.6505123568414708,complete,cap-20260823T123300-c314b8b8743a,11
1921,0.9702020202020202,1193,1823402,1980,complete,5590422.661206991,0.19351485458597767,0.5992865636147444,stream-0 · RX0,1193,0.6025252525252526,complete,cap-20260823T123600-af912444ceca,4
3517,0.5670751370525637,3936,5736021,6202,complete,8141371.7397861285,0.15483819918137529,0.6564777554214174,stream-0 · RX1,3936,0.6346339890357949,complete,cap-20260823T123600-af912444ceca,4
13387,0.497880095209759,18058,24861340,26888,complete,12830807.378797796,0.14915404401189775,0.6561832960513543,stream-1 · RX1,18058,0.6716007140731926,partial_coverage,cap-20260823T123600-af912444ceca,14
4063,0.6814827239181482,3844,5499378,5962,complete,36756739.462569766,0.17584998525279566,0.5954320130625654,stream-1 · RX0,3844,0.644750083864475,complete,cap-20260823T123600-af912444ceca,6
17472,0.4750666159116863,24276,33976372,36778,complete,7431951.416986097,0.1532112556800524,0.6418480628386288,stream-0 · RX1,24276,0.6600685192234488,partial_coverage,cap-20260823T123900-885a0a1407c0,14
12959,0.6000926140310257,14076,19896744,21595,complete,174582766.69458866,0.1651245008712976,0.6396378594909196,stream-1 · RX0,14076,0.6518175503588793,partial_coverage,cap-20260823T123900-885a0a1407c0,14
5166,0.30982367758186397,12176,15355839,16674,complete,9118047.192450259,0.14806012740622587,0.6902973143759874,stream-0 · RX0,12176,0.7302386949742113,partial_coverage,cap-20260823T123900-885a0a1407c0,8
19400,0.5582894471783361,22549,32129305,34749,complete,17456737.942210037,0.1627585547305072,0.6159662497728787,stream-1 · RX1,22549,0.6489107600218711,partial_coverage,cap-20260823T123900-885a0a1407c0,16
6090,0.5229263266357548,7506,10737561,11646,complete,4977016.447341734,0.16449785756549656,0.6165413533834586,stream-1 · RX0,7506,0.6445131375579598,complete,cap-20260823T124200-2d84faf9d282,8
13416,0.455458989679522,19988,27231474,29456,complete,11587787.409759872,0.16007571147011812,0.6589956556785393,stream-1 · RX1,19988,0.6785714285714286,complete,cap-20260823T124200-2d84faf9d282,14
6539,0.8583617747440273,4531,7036027,7618,complete,6678337.384543276,0.1677956823350158,0.5973245928505582,stream-0 · RX1,4531,0.5947755316355999,complete,cap-20260823T124200-2d84faf9d282,6
4003,0.3507096548098826,8059,10512505,11414,complete,1943942.106250457,0.14303392136583587,0.7360353620860272,stream-0 · RX0,8059,0.7060627299807254,complete,cap-20260823T124200-2d84faf9d282,6
0,,0,1594,0,no_result,,,,stream-0 · RX1,0,,no_result,cap-20260823T124500-aeeb35522ab9,0
0,,0,1594,0,no_result,,,,stream-0 · RX0,0,,no_result,cap-20260823T124500-aeeb35522ab9,0
0,,0,1594,0,no_result,,,,stream-1 · RX0,0,,no_result,cap-20260823T124500-aeeb35522ab9,0
0,,0,1594,0,no_result,,,,stream-1 · RX1,0,,no_result,cap-20260823T124500-aeeb35522ab9,0
6519,0.562516179135387,7602,10713675,11589,partial,6993137.945640536,0.16260210463421182,0.6477477477477478,stream-0 · RX1,7602,0.6559668651307274,complete,cap-20260823T124800-650468f8f57d,10
367,0.8779904306220095,241,386112,418,complete,4031544.0975321373,0.19039183629627002,0.5765550239234449,stream-1 · RX0,241,0.5765550239234449,complete,cap-20260823T124800-650468f8f57d,2
5676,0.5343626435699491,7011,9788857,10622,complete,6571627.053919185,0.16855610847788843,0.6440616246498599,stream-0 · RX0,7011,0.6600451892299002,complete,cap-20260823T124800-650468f8f57d,10
6495,0.8408855515277058,4732,7133799,7724,complete,555163646.2005483,0.18230860044553338,0.5945378151260504,stream-1 · RX1,4732,0.6126359399274987,complete,cap-20260823T124800-650468f8f57d,13
4868,0.9724330803036356,3003,4624616,5006,complete,910790471.8277721,0.186647570179378,0.6077259713701431,stream-1 · RX1,3003,0.5998801438274071,complete,cap-20260823T125100-15f477ec3c2e,12
115,0.9829059829059829,68,108926,117,complete,2753433.9114091247,0.17767437821592558,0.5811965811965812,stream-0 · RX0,68,0.5811965811965812,complete,cap-20260823T125100-15f477ec3c2e,1
9623,0.7299552453917925,8127,12188849,13183,complete,17008051.149379432,0.16921836300114793,0.5844895844895845,stream-0 · RX1,8127,0.6164757642418266,partial_coverage,cap-20260823T125100-15f477ec3c2e,10
1083,0.7327469553450608,958,1363714,1478,complete,999095.8069098035,0.15811637962564457,0.6487179927396479,stream-1 · RX0,958,0.6481732070365359,complete,cap-20260823T125100-15f477ec3c2e,2
0,,0,1594,0,no_result,,,,stream-0 · RX0,0,,no_result,cap-20260823T130000-3b8996fa984b,0
7861,0.6136612021857923,8237,11831313,12810,complete,11223110.310846291,0.1524290380104315,0.6701309449426782,stream-0 · RX1,8237,0.6430132708821233,complete,cap-20260823T130000-3b8996fa984b,8
0,,0,1594,0,no_result,,,,stream-1 · RX0,0,,no_result,cap-20260823T130000-3b8996fa984b,0
2966,0.8759598346131128,2071,3129949,3386,complete,8798225.946484817,0.1854131220669481,0.6101694915254238,stream-1 · RX1,2071,0.6116361488481985,complete,cap-20260823T130000-3b8996fa984b,7
379,0.9844155844155844,243,356161,385,complete,2482008.556877398,0.18329933027593986,0.6206140350877193,stream-0 · RX1,243,0.6311688311688312,complete,cap-20260823T131519-2504637dc8f8,2
1714,0.4295739348370927,2752,3675564,3990,complete,9440733.73125976,0.14525252685575607,0.6897243107769424,stream-0 · RX0,2752,0.6897243107769424,complete,cap-20260823T131519-2504637dc8f8,2
2049,0.48531501657982,2937,3901509,4222,complete,6193932.990419458,0.1444234683286573,0.6956418758882046,stream-1 · RX1,2937,0.6956418758882047,complete,cap-20260823T131519-2504637dc8f8,2
510,0.7142857142857143,480,657802,714,complete,3939523.58263001,0.15764137402745249,0.6722689075630253,stream-1 · RX0,480,0.6722689075630253,complete,cap-20260823T131519-2504637dc8f8,1
1381,0.9892550143266475,821,1286888,1396,complete,23300775.936727498,0.19783491864230335,0.5726162455033974,stream-1 · RX0,821,0.58810888252149,complete,cap-20260823T131801-604f88d26a85,4
10436,0.5784922394678492,11310,16660226,18040,complete,6880650.581358249,0.16516623223479682,0.6524596045498033,stream-0 · RX1,11310,0.626940133037694,partial_coverage,cap-20260823T131801-604f88d26a85,12
6874,0.5768230259293446,7682,11015602,11917,partial,57142462.917392634,0.1603500602087335,0.6425591098748261,stream-1 · RX1,7682,0.6446253251657297,partial_coverage,cap-20260823T131801-604f88d26a85,11
2992,0.7365829640571148,2624,3739666,4062,complete,7143241.955638811,0.16728028151059376,0.655336165054397,stream-0 · RX0,2624,0.6459871984244214,complete,cap-20260823T131801-604f88d26a85,4
1397,0.8169590643274853,1048,1577262,1710,complete,11701924.54355166,0.17321952513154415,0.6278195488721805,stream-1 · RX0,1048,0.6128654970760234,complete,cap-20260823T132100-7e848cfd1394,3
6653,0.6754314720812182,6181,9096297,9850,complete,14739973.307216961,0.15714369340618867,0.6476821192052981,stream-0 · RX1,6181,0.62751269035533,complete,cap-20260823T132100-7e848cfd1394,5
3032,0.4307430032675096,4965,6480971,7039,complete,5977342.428387309,0.16474963141371587,0.6642335766423357,stream-0 · RX0,4965,0.7053558744139793,complete,cap-20260823T132100-7e848cfd1394,7
7214,0.5026126942102697,9577,13256744,14353,complete,13120356.727272645,0.17078112439936247,0.6138854296388543,stream-1 · RX1,9577,0.66724726538006,complete,cap-20260823T132100-7e848cfd1394,10
8366,0.6337878787878788,8147,12199045,13200,complete,18352393.56334642,0.16918220481426022,0.6086956521739131,stream-0 · RX1,8147,0.6171969696969697,complete,cap-20260823T132400-e36b1b963036,7
2867,0.9406167979002624,1804,2808397,3048,complete,33523152.174531255,0.1958918575560833,0.5809668823753331,stream-1 · RX0,1804,0.5918635170603674,complete,cap-20260823T132400-e36b1b963036,10
14390,0.5801015883254051,15752,22957945,24806,complete,17686053.581419066,0.16432502873790233,0.5955758701030271,stream-1 · RX1,15752,0.6350076594372329,complete,cap-20260823T132400-e36b1b963036,14
3452,0.3131917982217383,7828,10157938,11022,complete,1842745.6364878572,0.13689809754396123,0.7083993258342918,stream-0 · RX0,7828,0.710215931772818,complete,cap-20260823T132400-e36b1b963036,4
17248,0.5226033208095988,22233,30483698,33004,partial,20459360.35550795,0.16218260916994864,0.5983630952380952,stream-1 · RX1,22233,0.6736456187128833,partial_coverage,cap-20260823T132700-1f1a9f00d07d,16
3175,0.739920764390585,2594,3960532,4291,complete,8130476.267692155,0.16828658448860742,0.6486486486486487,stream-0 · RX1,2594,0.604521090654859,complete,cap-20260823T132700-1f1a9f00d07d,5
0,,0,1594,0,no_result,,,,stream-0 · RX0,0,,no_result,cap-20260823T132700-1f1a9f00d07d,0
10154,0.44096061145611676,16280,21220426,23027,complete,97049119.86055744,0.1288147121696805,0.7961020819259725,stream-1 · RX0,16280,0.7069961349719894,partial_coverage,cap-20260823T132700-1f1a9f00d07d,12
20670,0.4818743443291759,28785,39680617,42895,partial,46371734.33983765,0.1584393003595591,0.6164599632982433,stream-1 · RX1,28785,0.671057232777713,partial_coverage,cap-20260823T133000-05e02094d704,16
4556,0.216067532960258,16045,19430112,21086,complete,6354002.215998654,0.13080840338840613,0.7588519313304721,stream-0 · RX0,16045,0.7609314236934459,partial_coverage,cap-20260823T133000-05e02094d704,9
9324,0.5068493150684932,12212,16975934,18396,complete,20753797.000875015,0.1625238855329934,0.5956663941128373,stream-1 · RX0,12212,0.6638399652098282,complete,cap-20260823T133000-05e02094d704,7
17778,0.4922608334487055,23913,33370332,36115,complete,6552322.97905852,0.14764950689861805,0.6687450978361882,stream-0 · RX1,23913,0.6621348470164752,partial_coverage,cap-20260823T133000-05e02094d704,14
13848,0.6428074084389361,13338,19915908,21543,complete,77065262.84703982,0.16399555727555898,0.6172006745362564,stream-1 · RX1,13338,0.6191338253725108,partial_coverage,cap-20260823T133300-eb7033a60d1c,13
832,0.9976019184652278,528,769651,834,complete,31108116.811020173,0.19194016049375795,0.6330935251798562,stream-0 · RX0,528,0.6330935251798561,complete,cap-20260823T133300-eb7033a60d1c,2
2848,0.9847856154910097,1763,2671499,2892,complete,26475792.687686037,0.1866820929836439,0.6067883745801828,stream-0 · RX1,1763,0.609612724757953,complete,cap-20260823T133300-eb7033a60d1c,6
0,,0,1594,0,no_result,,,,stream-1 · RX0,0,,no_result,cap-20260823T133300-eb7033a60d1c,0
5124,0.3049273982385146,12295,15486657,16804,partial,9079512.646095136,0.13172307309661377,0.7611336032388664,stream-1 · RX0,12295,0.7316710307069745,complete,cap-20260823T133600-e6a64a20edaf,9
11497,0.5995515227367543,12229,17694498,19176,complete,19713401.799888216,0.16400278479790176,0.6285643978800839,stream-0 · RX0,12229,0.6377242386316229,complete,cap-20260823T133600-e6a64a20edaf,8
13848,0.41347187388032963,23455,30949067,33492,partial,12985938.079091081,0.14435222179985668,0.7076300617013385,stream-1 · RX1,23455,0.7003164934909829,partial_coverage,cap-20260823T133600-e6a64a20edaf,14
13569,0.6673388088329317,12533,18809740,20333,complete,13064676.21237432,0.17175690971294924,0.639871382636656,stream-0 · RX1,12533,0.6163871538877687,complete,cap-20260823T133600-e6a64a20edaf,15
538,0.955595026642984,366,522464,563,complete,6898378.163563687,0.15336553193248925,0.650088809946714,stream-0 · RX1,366,0.650088809946714,complete,cap-20260823T133900-e9ac7614124b,1
550,0.5735140771637122,611,885076,959,complete,2224518.836075667,0.16063462446461732,0.6371220020855057,stream-1 · RX0,611,0.6371220020855057,complete,cap-20260823T133900-e9ac7614124b,1
4787,0.8182905982905982,3516,5409282,5850,complete,13369259.312087871,0.17769919745637217,0.5811965811965812,stream-1 · RX1,3516,0.601025641025641,complete,cap-20260823T133900-e9ac7614124b,7
830,0.9975961538461539,522,768275,832,complete,150076729.2256781,0.17882427876797183,0.6274038461538461,stream-0 · RX0,522,0.6274038461538461,complete,cap-20260823T133900-e9ac7614124b,2
3013,0.7688185761673897,2601,3610668,3919,complete,33581632.70656347,0.1687022961003514,0.6805174249770776,stream-1 · RX0,2601,0.6636897167644807,complete,cap-20260823T134200-2d7cd9a08d04,4
19574,0.5170646661031276,24255,34965172,37856,complete,11692190.705283673,0.15315358078356625,0.6262135922330098,stream-1 · RX1,24255,0.6407174556213018,partial_coverage,cap-20260823T134200-2d7cd9a08d04,15
2615,0.8618984838497034,1796,2803592,3034,complete,12522473.728585921,0.19412356181296708,0.5689655172413792,stream-0 · RX1,1796,0.5919578114700066,complete,cap-20260823T134200-2d7cd9a08d04,6
100,0.9803921568627451,67,95076,102,complete,3651643.5476500103,0.23031648531608578,0.6568627450980392,stream-0 · RX0,67,0.6568627450980392,complete,cap-20260823T134200-2d7cd9a08d04,1
3636,0.5278745644599303,4432,6366031,6888,complete,13525225.552545799,0.1513914688114826,0.6434378629500581,stream-1 · RX1,4432,0.6434378629500581,complete,cap-20260823T134500-a3357e0a77fc,2
7856,0.4581292278982972,11354,15797444,17148,complete,7181810.959868611,0.14189021771245913,0.6815903883930254,stream-0 · RX0,11354,0.6621180312572895,partial_coverage,cap-20260823T134500-a3357e0a77fc,10
14889,0.4571244358478401,21955,30092265,32571,complete,10061427.02920994,0.14380546893735546,0.6723400102105168,stream-0 · RX1,21955,0.6740658868318443,partial_coverage,cap-20260823T134500-a3357e0a77fc,12
3653,0.7041249036237471,3329,4776797,5188,complete,11795034.607397739,0.16659749277817484,0.6503089439189513,stream-1 · RX0,3329,0.6416730917501927,complete,cap-20260823T134500-a3357e0a77fc,4
0,,0,1594,0,no_result,,,,stream-1 · RX0,0,,no_result,cap-20260823T134800-272180665c42,0
7452,0.5709907286797946,8310,12063203,13051,complete,14580027.88778783,0.16615240270302395,0.6492537313432836,stream-0 · RX1,8310,0.6367328174086276,complete,cap-20260823T134800-272180665c42,11
13280,0.6032524756972836,14375,20357052,22014,complete,23969746.915794216,0.16423518800995512,0.6185383244206774,stream-1 · RX1,14375,0.6529935495593713,complete,cap-20260823T134800-272180665c42,16
3641,0.9714514407684098,2409,3453526,3748,complete,50075372.74056893,0.18001200386296762,0.6431243803430795,stream-0 · RX0,2409,0.6427427961579509,complete,cap-20260823T134800-272180665c42,6
12552,0.442174234684891,19124,26217657,28387,complete,14647484.103062466,0.140531930276962,0.6555435342271119,stream-1 · RX1,19124,0.673688660302251,partial_coverage,cap-20260823T135100-3e6a71233bab,14
2529,0.9335548172757475,1718,2494108,2709,complete,46557888.29312444,0.17979990870683016,0.6441176470588236,stream-1 · RX0,1718,0.6341823551125877,complete,cap-20260823T135100-3e6a71233bab,5
8761,0.6075589459084605,9255,13332188,14420,complete,9318498.68898352,0.1510485008712787,0.6717289719626168,stream-0 · RX1,9255,0.6418169209431346,partial_coverage,cap-20260823T135100-3e6a71233bab,9
6051,0.40110035794776616,10365,13905449,15086,complete,9039337.354745809,0.13991721994356932,0.7211076538770259,stream-0 · RX0,10365,0.687060851120244,partial_coverage,cap-20260823T135100-3e6a71233bab,10
0,,0,1594,0,no_result,,,,stream-1 · RX0,0,,no_result,cap-20260823T135400-a8a9c0924e3e,0
0,,0,1594,0,no_result,,,,stream-0 · RX0,0,,no_result,cap-20260823T135400-a8a9c0924e3e,0
1681,0.9611206403659234,1049,1616482,1749,complete,7098827.521669944,0.1953210548033725,0.6207865168539326,stream-1 · RX1,1049,0.5997712978845054,complete,cap-20260823T135400-a8a9c0924e3e,4
1444,0.9972375690607734,904,1340080,1448,complete,45981336.20862921,0.1745894934880096,0.6243093922651934,stream-0 · RX1,904,0.6243093922651933,complete,cap-20260823T135400-a8a9c0924e3e,2
9453,0.594677906391545,10413,14660521,15896,complete,4005584352.8642387,0.16227885746545267,0.6360593976357523,stream-1 · RX0,10413,0.6550704579768495,complete,cap-20260823T135700-b35f5f92dc27,8
16837,0.4782423450548202,23391,32518592,35206,complete,16799386.429509897,0.16212692992279906,0.6220411515518285,stream-0 · RX1,23391,0.6644037948077033,partial_coverage,cap-20260823T135700-b35f5f92dc27,16
7156,0.3415425735013364,14774,19311066,20952,complete,10952758.782942142,0.13852901906778062,0.7253155265766796,stream-0 · RX0,14774,0.7051355479190531,partial_coverage,cap-20260823T135700-b35f5f92dc27,12
18881,0.4517742205632522,28028,38657964,41793,complete,12523988.605591359,0.14166075659166075,0.6859060402684564,stream-1 · RX1,28028,0.6706386236929629,partial_coverage,cap-20260823T135700-b35f5f92dc27,15
14971,0.4921109723226612,20071,28114184,30422,complete,14692479.424284253,0.1429740859307878,0.6315104166666666,stream-0 · RX1,20071,0.65975281046611,partial_coverage,cap-20260823T140000-f8179c2eb538,15
8280,0.4364786505007907,13407,17476205,18970,complete,23203101.361500062,0.1420748540698617,0.7188940092165899,stream-0 · RX0,13407,0.7067474960463891,partial_coverage,cap-20260823T140000-f8179c2eb538,11
13200,0.5098099799165765,17747,23923410,25892,complete,1789561673.3342865,0.147420013130869,0.680247917848294,stream-1 · RX1,17747,0.685424069210567,partial_coverage,cap-20260823T140000-f8179c2eb538,14
8602,0.4476477935054122,13272,17703750,19216,complete,19549479.76064342,0.1398399418501563,0.6805661005661006,stream-1 · RX0,13272,0.6906744379683597,partial_coverage,cap-20260823T140000-f8179c2eb538,10
14570,0.5120545441765657,18888,26233144,28454,complete,35279345.47412028,0.16243891775214703,0.6252330561854371,stream-0 · RX0,18888,0.6638082519153722,partial_coverage,cap-20260823T140300-f1218cfb1c56,14
3303,0.5741352337910656,3939,5300871,5753,complete,10924577.93608772,0.14885486462436598,0.6805799648506151,stream-1 · RX0,3939,0.6846862506518339,complete,cap-20260823T140300-f1218cfb1c56,3
22356,0.6800097335442268,19927,30396146,32876,partial,11553008.492884723,0.16570793386438085,0.5872011357809787,stream-0 · RX1,19927,0.606126049397737,partial_coverage,cap-20260823T140300-f1218cfb1c56,16
14906,0.521279944046162,18715,26419232,28595,complete,10104189.506315544,0.15284097164549199,0.6710672441557,stream-1 · RX1,18715,0.654485049833887,partial_coverage,cap-20260823T140300-f1218cfb1c56,14
6703,0.4621483728626586,9750,13365810,14504,complete,21248183.761930224,0.16063461651739508,0.6086580086580087,stream-0 · RX0,9750,0.6722283507997794,complete,cap-20260823T140600-b6dc07ab06ad,9
3262,0.857969489742241,2295,3503207,3802,partial,23738046.434197698,0.17834175479833253,0.6026392961876833,stream-1 · RX0,2295,0.6036296685954761,complete,cap-20260823T140600-b6dc07ab06ad,6
9240,0.6700507614213198,8595,12741220,13790,complete,12059880.121359082,0.16463467221993722,0.608781981770757,stream-0 · RX1,8595,0.6232777374909355,complete,cap-20260823T140600-b6dc07ab06ad,14
10290,0.4961427193828351,13706,19168769,20740,complete,11842116.99208273,0.16218808331518825,0.6142445510447185,stream-1 · RX1,13706,0.6608486017357763,complete,cap-20260823T140600-b6dc07ab06ad,14
4099,0.517223974763407,5214,7308248,7925,partial,5812439.38822398,0.14562854094534927,0.7148876404494382,stream-0 · RX0,5214,0.6579179810725552,complete,cap-20260823T140900-266ce4a2f30a,5
0,,0,1594,0,no_result,,,,stream-1 · RX0,0,,no_result,cap-20260823T140900-266ce4a2f30a,0
9604,0.5655732877922384,11129,15698188,16981,complete,7293659.572791266,0.15625200242819046,0.6361256544502618,stream-1 · RX1,11129,0.655379541840881,complete,cap-20260823T140900-266ce4a2f30a,9
554,0.9651567944250871,362,531602,574,complete,10726814.202984715,0.1884402153189236,0.6387434554973822,stream-0 · RX1,362,0.6306620209059234,complete,cap-20260823T140900-266ce4a2f30a,3
0,,0,1594,0,no_result,,,,stream-0 · RX0,0,,no_result,cap-20260823T141500-ac017465e83c,0
0,,0,1594,0,no_result,,,,stream-0 · RX1,0,,no_result,cap-20260823T141500-ac017465e83c,0
13908,0.6378061084105292,13600,20157139,21806,complete,12088679.76105878,0.16429398096344588,0.6355400696864112,stream-1 · RX1,13600,0.6236815555351738,partial_coverage,cap-20260823T141500-ac017465e83c,15
539,0.9043624161073825,384,548577,596,complete,21911574.120220385,0.18645119519135225,0.6503685272991878,stream-1 · RX0,384,0.6442953020134228,complete,cap-20260823T141500-ac017465e83c,4
5182,0.5158271949034442,6544,9252911,10046,complete,7805567.3123169895,0.16315289606766076,0.6711409395973155,stream-0 · RX0,6544,0.6514035436989847,complete,cap-20260823T141800-aa205612e770,7
7451,0.6319762510602205,7693,10861081,11790,complete,32694284.978081413,0.1663721781002005,0.6142066728502151,stream-1 · RX0,7693,0.6525021204410517,complete,cap-20260823T141800-aa205612e770,10
16990,0.5224155955968267,21245,30073735,32522,partial,16012014.406703496,0.16124822856303803,0.6054421768707483,stream-0 · RX1,21245,0.6532501076194576,partial_coverage,cap-20260823T141800-aa205612e770,15
12865,0.5509635974304069,14713,21594431,23350,complete,8667787.429997003,0.15220118963775991,0.639589323771185,stream-1 · RX1,14713,0.6301070663811563,partial_coverage,cap-20260823T141800-aa205612e770,14
12397,0.5620183153504398,14741,20393893,22058,complete,14654261.027771916,0.15882470878127253,0.6434251931704885,stream-1 · RX1,14741,0.6682836159216611,complete,cap-20260823T142100-bacbdc89f3c3,14
1020,0.9826589595375722,651,956163,1038,complete,37429274.93971331,0.18809182857132734,0.6274958891237961,stream-0 · RX0,651,0.6271676300578035,complete,cap-20260823T142100-bacbdc89f3c3,4
3790,0.6020651310563939,4013,5824769,6295,complete,9497198.93180927,0.1786525215949067,0.6331284694686756,stream-0 · RX1,4013,0.6374900714853058,complete,cap-20260823T142100-bacbdc89f3c3,6
116,0.9830508474576272,61,110102,118,complete,11341149.284973929,0.20922748232499452,0.5169491525423728,stream-1 · RX0,61,0.5169491525423728,complete,cap-20260823T142100-bacbdc89f3c3,1
24954,0.4761486795909022,34952,48454887,52408,complete,8396351.106916372,0.1512520192775566,0.6426266408915154,stream-1 · RX1,34952,0.6669210807510304,partial_coverage,cap-20260823T142708-56f9d9ac6f05,16
5446,0.834508121360711,3986,6022310,6526,complete,10461534.748326993,0.17468996825513985,0.6025633573587538,stream-0 · RX1,3986,0.6107876187557463,complete,cap-20260823T142708-56f9d9ac6f05,6
6790,0.46112054329371815,9832,13567488,14725,complete,350334631.4554224,0.15468733783263278,0.6661389449543664,stream-0 · RX0,9832,0.6677079796264855,complete,cap-20260823T142708-56f9d9ac6f05,6
12799,0.7120048954161103,11514,16567723,17976,complete,118382278.08072679,0.17355383477858927,0.6075498575498576,stream-1 · RX0,11514,0.640520694259012,complete,cap-20260823T142708-56f9d9ac6f05,15
9720,0.477829122013568,13799,18802441,20342,complete,6713724.810772415,0.136048116690146,0.7222899237042884,stream-1 · RX1,13799,0.6783502113853112,partial_coverage,cap-20260823T143000-74f7ae0e8079,10
16028,0.544688370828519,18995,27214886,29426,partial,10209434.38182081,0.16291371744281163,0.6316080572356331,stream-0 · RX1,18995,0.6455175694963637,complete,cap-20260823T143000-74f7ae0e8079,16
5667,0.47490153356239,8164,10998607,11933,complete,9089050.343293242,0.14268751493608445,0.7103762400512456,stream-1 · RX0,8164,0.684153188636554,complete,cap-20260823T143000-74f7ae0e8079,8
8384,0.7764400814965734,6817,9960052,10798,complete,21864184.66731131,0.16741627693721028,0.6247016706443914,stream-0 · RX0,6817,0.6313206149286905,complete,cap-20260823T143000-74f7ae0e8079,8
12069,0.5139462589958693,15636,21640992,23483,complete,8890820.178048918,0.15946891909136796,0.6257372654155496,stream-0 · RX0,15636,0.6658433760592769,complete,cap-20260823T143300-1cad4e6bcd63,11
16738,0.5102582080907234,21099,30322409,32803,partial,60908607.97564405,0.16374759215647627,0.5909814451152435,stream-0 · RX1,21099,0.6432033655458342,complete,cap-20260823T143300-1cad4e6bcd63,16
17798,0.4932380002217049,23951,33353981,36084,complete,15695967.155739516,0.15952902243449885,0.6415458937198067,stream-1 · RX1,23951,0.6637567897128921,partial_coverage,cap-20260823T143300-1cad4e6bcd63,16
10785,0.5978381374722838,11703,16626180,18040,complete,17837637.085770953,0.16470128871107878,0.5893933306548815,stream-1 · RX0,11703,0.6487250554323725,complete,cap-20260823T143300-1cad4e6bcd63,9
19859,0.47469821919445443,27612,38696131,41835,complete,7300303.890389805,0.14844944582363412,0.6718625099920064,stream-0 · RX1,27612,0.660021513087128,partial_coverage,cap-20260823T143600-d224768d8147,15
16466,0.7071201580348707,14470,21537061,23286,complete,18879945.938366413,0.1623266573501292,0.6464699683877766,stream-1 · RX1,14470,0.6214034183629649,complete,cap-20260823T143600-d224768d8147,13
17976,0.4519989942167463,27180,36660407,39770,complete,12583916.067582961,0.1481046327552187,0.6598850438512887,stream-0 · RX0,27180,0.6834297208951471,partial_coverage,cap-20260823T143600-d224768d8147,16
0,,0,1594,0,no_result,,,,stream-1 · RX0,0,,no_result,cap-20260823T143600-d224768d8147,0
15098,0.41803029044494283,25000,33384534,36117,partial,9742525.792691113,0.1585009046677775,0.6250901225666907,stream-0 · RX1,25000,0.6921948113076944,partial_coverage,cap-20260823T143900-d6099c9727ca,15
12886,0.4471510861267263,19587,26559313,28818,partial,3102130309.071807,0.14048302598078366,0.7264472190692395,stream-1 · RX0,19587,0.6796793670622527,complete,cap-20260823T143900-d6099c9727ca,15
14122,0.39177717361149644,25201,33284646,36046,partial,6060473.849710102,0.15771759817745365,0.6174033149171271,stream-1 · RX1,25201,0.699134439327526,partial_coverage,cap-20260823T143900-d6099c9727ca,15
13959,0.48954899347688857,19857,26279541,28514,partial,16867489.986624602,0.15957350663937442,0.6252003459243543,stream-0 · RX0,19857,0.6963947534544435,complete,cap-20260823T143900-d6099c9727ca,14
18385,0.5527660853878533,21129,30761230,33260,complete,6001216.688512417,0.15484971659969327,0.6290385207048994,stream-0 · RX1,21129,0.6352675886951293,partial_coverage,cap-20260823T144200-34e2144863ce,16
11228,0.6059690215338118,11604,17083161,18529,complete,21410519.95107031,0.1669036159591825,0.5845864661654135,stream-1 · RX0,11604,0.6262615359706406,complete,cap-20260823T144200-34e2144863ce,13
10793,0.5109838083514818,13801,19476064,21122,partial,177569023.21979144,0.1697673787984767,0.6236428412231061,stream-0 · RX0,13801,0.6533945649086261,complete,cap-20260823T144200-34e2144863ce,16
19589,0.5818630071882611,21282,31133202,33666,complete,23219882.64657642,0.15387952996594564,0.6301745480181655,stream-1 · RX1,21282,0.6321511317055784,partial_coverage,cap-20260823T144200-34e2144863ce,16
10049,0.4996271068463183,13181,18534407,20113,partial,23517057.661569502,0.1519679057915036,0.6699809604400254,stream-1 · RX0,13181,0.6553472878237956,complete,cap-20260823T144500-8ab6144d67ce,10
17992,0.4739101804293428,25451,35062681,37965,complete,16732397.08345775,0.1505336215760863,0.6504297994269341,stream-1 · RX1,25451,0.670380613723166,partial_coverage,cap-20260823T144500-8ab6144d67ce,15
19976,0.4901123705775553,26448,37689133,40758,partial,8816765.448878719,0.1471777714371901,0.618421052631579,stream-0 · RX1,26448,0.6489032827911085,partial_coverage,cap-20260823T144500-8ab6144d67ce,13
14845,0.45361486280022,22151,30166625,32726,complete,21300240.06188209,0.15186905979401477,0.6543800043055257,stream-0 · RX0,22151,0.676862433539082,complete,cap-20260823T144500-8ab6144d67ce,10
4240,0.7969924812030075,3382,4903528,5320,complete,70527587.06229505,0.1700214215989557,0.6510869565217391,stream-1 · RX0,3382,0.6357142857142857,complete,cap-20260823T144800-4d84f9f58732,7
13163,0.6061708496431039,13553,20079135,21715,complete,13796108.990466446,0.15213219319652205,0.6570130607609312,stream-1 · RX1,13553,0.6241307851715404,partial_coverage,cap-20260823T144800-4d84f9f58732,13
14833,0.5874455445544554,16000,23342376,25250,complete,13929757.964739325,0.16461494667081156,0.6103100058930949,stream-0 · RX1,16000,0.6336633663366337,partial_coverage,cap-20260823T144800-4d84f9f58732,16
15960,0.5658370559455435,18152,25998892,28206,complete,12735354.463122012,0.1649561696108702,0.6225626740947076,stream-0 · RX0,18152,0.6435510175140041,partial_coverage,cap-20260823T144800-4d84f9f58732,15
9763,0.512924240832195,12487,17548022,19034,complete,6786601.601123598,0.1453000598611946,0.6760176014589385,stream-1 · RX0,12487,0.6560365661447936,partial_coverage,cap-20260823T145100-9845f0b85950,10
11452,0.6692770732277482,10819,15766060,17111,complete,15025072.095787346,0.17453875226614177,0.5927808845958312,stream-0 · RX0,10819,0.6322833265151072,partial_coverage,cap-20260823T145100-9845f0b85950,13
13951,0.44333926528536927,21226,29074856,31468,complete,24625660.70453126,0.16304778297819777,0.6305220883534136,stream-1 · RX1,21226,0.6745265031142749,partial_coverage,cap-20260823T145100-9845f0b85950,13
22069,0.649814498557211,21436,31393339,33962,complete,14908124.43854056,0.16089267396728657,0.6146493213744708,stream-0 · RX1,21436,0.6311760202579353,partial_coverage,cap-20260823T145100-9845f0b85950,16
642,0.9846625766871165,396,602986,652,complete,17730992.26751099,0.19188338751762574,0.6073619631901841,stream-0 · RX1,396,0.6073619631901841,complete,cap-20260823T145400-e198c8bbd577,2
0,,0,1594,0,no_result,,,,stream-1 · RX0,0,,no_result,cap-20260823T145400-e198c8bbd577,0
4305,0.8015267175572519,3274,4966535,5371,complete,14588469.750505215,0.17158053597037384,0.5968094405594406,stream-1 · RX1,3274,0.6095699124930181,complete,cap-20260823T145400-e198c8bbd577,6
499,0.8344481605351171,346,552522,598,complete,4417759.692025938,0.19358560038364958,0.5785953177257526,stream-0 · RX0,346,0.5785953177257525,complete,cap-20260823T145400-e198c8bbd577,2
5203,0.6896871686108166,4820,6945911,7544,complete,11340862.191669524,0.14964259960400425,0.661994210184595,stream-1 · RX0,4820,0.6389183457051962,complete,cap-20260823T145700-fca14cfe68e6,6
12567,0.5011564842877652,16825,23124197,25076,complete,5864557.149589721,0.16028817818088165,0.6441150689297952,stream-0 · RX0,16825,0.6709602807465306,complete,cap-20260823T145700-fca14cfe68e6,12
19086,0.5625110521662245,21592,31369644,33930,complete,11474234.436919045,0.14675983241339643,0.6691253951527925,stream-0 · RX1,21592,0.6363689949896847,partial_coverage,cap-20260823T145700-fca14cfe68e6,15
8871,0.6833307656755507,8278,11992812,12982,complete,10949126.678319583,0.15580032935972915,0.6439628482972136,stream-1 · RX1,8278,0.6376521337236173,complete,cap-20260823T145700-fca14cfe68e6,11
0,,0,1594,0,no_result,,,,stream-0 · RX1,0,,no_result,cap-20260823T150000-081192b64713,0
206,0.9903846153846154,122,192427,208,complete,10051848.52393976,0.2295939652642669,0.5865384615384616,stream-1 · RX0,122,0.5865384615384616,complete,cap-20260823T150000-081192b64713,2
684,0.9970845481049563,406,633220,686,complete,122903142.77569796,0.1967299603353569,0.5918367346938775,stream-0 · RX0,406,0.5918367346938775,complete,cap-20260823T150000-081192b64713,2
5562,0.6424858496014786,5456,7999280,8657,complete,8995284.153116496,0.17812948805836046,0.5962343096234309,stream-1 · RX1,5456,0.6302414231257941,partial_coverage,cap-20260823T150000-081192b64713,12
