lane,maximum_power_dbfs,median_power_dbfs,minimum_power_dbfs,path,session_id,timeline_window_count,within_dwell_power_range_db
standard,-36.752467002050835,-37.06877972123013,-37.097957684446584,stream-0 · RX1,cap-20260823T091800-9bd536243a3e,60,0.34549068239574865
standard,-52.41173953167622,-52.84208635804621,-53.05227429941339,stream-1 · RX1,cap-20260823T091800-9bd536243a3e,60,0.6405347677371722
standard,-35.71997752700089,-36.68968076926609,-36.896656260770655,stream-0 · RX0,cap-20260823T091800-9bd536243a3e,60,1.1766787337697622
standard,-50.916741767428626,-51.26718828367903,-51.33702142007019,stream-1 · RX0,cap-20260823T091800-9bd536243a3e,60,0.4202796526415611
standard,-36.26424284908055,-36.8609779488381,-37.39076925417902,stream-0 · RX1,cap-20260823T092100-62d4c6eb7bdc,60,1.126526405098467
standard,-35.7440752200302,-36.503886667642334,-36.83450487567325,stream-0 · RX0,cap-20260823T092100-62d4c6eb7bdc,60,1.0904296556430495
standard,-35.7994953723638,-36.542930142788315,-36.96878836997606,stream-1 · RX1,cap-20260823T092100-62d4c6eb7bdc,60,1.16929299761226
standard,-35.76468266807623,-36.89061090738021,-37.27000496397601,stream-1 · RX0,cap-20260823T092100-62d4c6eb7bdc,60,1.5053222958997736
standard,-36.14184749442848,-36.75611042887048,-36.767944466686664,stream-1 · RX0,cap-20260823T092400-3c35810955bd,60,0.626096972258182
standard,-35.78036651092089,-36.091229418798456,-36.7344672193214,stream-0 · RX1,cap-20260823T092400-3c35810955bd,60,0.9541007084005102
standard,-35.86748717923708,-35.934718172614,-37.072476670571824,stream-1 · RX1,cap-20260823T092400-3c35810955bd,60,1.204989491334743
standard,-35.68416860831209,-36.23384757879424,-36.777226965466824,stream-0 · RX0,cap-20260823T092400-3c35810955bd,60,1.0930583571547317
standard,-35.766040419363826,-36.25515639962968,-36.6318090362889,stream-0 · RX1,cap-20260823T092700-48effabd4369,60,0.8657686169250738
standard,-35.69532801221444,-36.820025443099595,-36.91741813901594,stream-1 · RX1,cap-20260823T092700-48effabd4369,60,1.222090126801504
standard,-36.105746386046945,-36.244261706842295,-36.79893870239812,stream-1 · RX0,cap-20260823T092700-48effabd4369,60,0.6931923163511726
standard,-35.88708031529201,-36.07659231295541,-36.689064710458666,stream-0 · RX0,cap-20260823T092700-48effabd4369,60,0.8019843951666559
standard,-35.89421695856624,-36.50997169059531,-36.79502725729566,stream-0 · RX0,cap-20260823T093300-d7b2a62549fe,60,0.900810298729418
standard,-35.898965446980526,-36.10673178735746,-36.88798516863788,stream-1 · RX0,cap-20260823T093300-d7b2a62549fe,60,0.9890197216573569
standard,-36.35496174901964,-36.9113874755449,-37.039981938189,stream-0 · RX1,cap-20260823T093300-d7b2a62549fe,60,0.6850201891693644
standard,-35.89886241400019,-36.47840641220783,-36.81234280069964,stream-1 · RX1,cap-20260823T093300-d7b2a62549fe,60,0.9134803866994474
standard,-35.7561792521065,-35.90537239967672,-36.889787640406404,stream-1 · RX1,cap-20260823T093900-39acaef247b6,60,1.1336083882999048
standard,-72.84601427870847,-73.4873689311435,-73.55497228991334,stream-0 · RX0,cap-20260823T093900-39acaef247b6,60,0.7089580112048708
standard,-70.98804150581651,-71.17877269664375,-71.25246923468869,stream-0 · RX1,cap-20260823T093900-39acaef247b6,60,0.26442772887217814
standard,-35.9848995466578,-36.697944203981805,-36.76596375002517,stream-1 · RX0,cap-20260823T093900-39acaef247b6,60,0.7810642033673716
standard,-35.73964709100458,-36.03063465491289,-36.96532107731258,stream-0 · RX1,cap-20260823T094200-286af7ccf451,60,1.2256739863080028
standard,-35.768152726559876,-35.88237810031224,-36.78553794406931,stream-1 · RX0,cap-20260823T094200-286af7ccf451,60,1.0173852175094353
standard,-35.78506347042091,-36.32730946747631,-36.4718175943744,stream-1 · RX1,cap-20260823T094200-286af7ccf451,60,0.6867541239534916
standard,-36.00765984207146,-36.72564437227459,-36.79357877579622,stream-0 · RX0,cap-20260823T094200-286af7ccf451,60,0.7859189337247585
standard,-73.3872180675793,-73.83697417664288,-74.21783276647318,stream-0 · RX0,cap-20260823T094500-4c44f53f328a,60,0.8306146988938821
standard,-69.52601659938792,-70.20639834224168,-70.68635215149733,stream-0 · RX1,cap-20260823T094500-4c44f53f328a,60,1.1603355521094159
standard,-36.06214341264592,-36.55699532841078,-36.94844831931355,stream-1 · RX1,cap-20260823T094500-4c44f53f328a,60,0.8863049066676254
standard,-35.96307415347794,-36.432886163257336,-36.694305253112226,stream-1 · RX0,cap-20260823T094500-4c44f53f328a,60,0.7312310996342859
standard,-51.863599488078606,-52.469352359225596,-53.022997876726734,stream-1 · RX1,cap-20260823T094800-8799dba1652a,60,1.1593983886481283
standard,-50.81699848365698,-50.9985763276746,-51.30618726293649,stream-1 · RX0,cap-20260823T094800-8799dba1652a,60,0.4891887792795089
standard,-72.21399713597816,-72.79154192457798,-73.37829937351854,stream-0 · RX0,cap-20260823T094800-8799dba1652a,60,1.164302237540383
standard,-74.14949254626978,-74.57179382684157,-74.92740230182083,stream-0 · RX1,cap-20260823T094800-8799dba1652a,60,0.7779097555510504
standard,-50.09473617527243,-51.04533893182119,-52.02981728736387,stream-1 · RX1,cap-20260823T095458-7d2412e2ff8f,60,1.9350811120914386
standard,-49.585410415389305,-50.168427779199696,-50.81125038261711,stream-1 · RX0,cap-20260823T095458-7d2412e2ff8f,60,1.225839967227806
standard,-71.77832443965488,-72.79111800889683,-73.67530921351654,stream-0 · RX0,cap-20260823T095458-7d2412e2ff8f,60,1.8969847738616608
standard,-73.47635641446202,-74.08837291697938,-74.89173055818067,stream-0 · RX1,cap-20260823T095458-7d2412e2ff8f,60,1.4153741437186511
standard,-74.3459376770077,-74.72058338720163,-74.88708208557371,stream-0 · RX1,cap-20260823T095749-8569a833587a,60,0.5411444085660122
standard,-50.15406468305948,-50.71412074159572,-50.80852575545555,stream-1 · RX0,cap-20260823T095749-8569a833587a,60,0.6544610723960673
standard,-50.692587807103415,-51.7018048114048,-52.00178006030909,stream-1 · RX1,cap-20260823T095749-8569a833587a,60,1.3091922532056728
standard,-72.55286512550231,-73.18502994789135,-73.33305130542666,stream-0 · RX0,cap-20260823T095749-8569a833587a,60,0.7801861799243568
standard,-51.01890497163666,-51.47868964207571,-51.59758173537102,stream-1 · RX1,cap-20260823T100040-7bc5ba3cc0ac,60,0.5786767637343644
standard,-73.24754603820163,-73.65053781930516,-73.75452922756436,stream-0 · RX0,cap-20260823T100040-7bc5ba3cc0ac,60,0.5069831893627281
standard,-51.17328406401406,-51.43344072246539,-51.47938710602395,stream-1 · RX0,cap-20260823T100040-7bc5ba3cc0ac,60,0.30610304200988736
standard,-70.7805877893488,-71.11701941665677,-71.17201866738993,stream-0 · RX1,cap-20260823T100040-7bc5ba3cc0ac,60,0.39143087804113463
standard,-49.45312369518117,-49.88212096003276,-49.99897065030248,stream-1 · RX0,cap-20260823T100330-f8009ee92145,60,0.5458469551213128
standard,-49.75518311610795,-50.484157683959815,-50.76241755925543,stream-1 · RX1,cap-20260823T100330-f8009ee92145,60,1.0072344431474818
standard,-36.19633906336735,-36.56763743556945,-36.937899510566254,stream-0 · RX0,cap-20260823T100330-f8009ee92145,60,0.741560447198907
standard,-36.02646869965065,-36.96211898034919,-37.260114029309065,stream-0 · RX1,cap-20260823T100330-f8009ee92145,60,1.2336453296584153
standard,-36.009267808756654,-36.77147092074989,-37.26192439064554,stream-0 · RX1,cap-20260823T100905-29d563ac02d9,60,1.2526565818888855
standard,-50.908603190510874,-51.70022096176125,-52.019624444468334,stream-1 · RX1,cap-20260823T100905-29d563ac02d9,60,1.1110212539574604
standard,-35.8354277907751,-37.05895674353863,-37.22494676819111,stream-0 · RX0,cap-20260823T100905-29d563ac02d9,60,1.3895189774160102
standard,-49.75506975411302,-50.48288543193601,-50.79764137185845,stream-1 · RX0,cap-20260823T100905-29d563ac02d9,60,1.0425716177454234
standard,-36.545976034198546,-36.81988274812281,-36.90387928995675,stream-1 · RX0,cap-20260823T101200-1b98ddd3d643,60,0.3579032557582025
standard,-36.121272578211475,-36.74987370353526,-36.93657236515646,stream-0 · RX0,cap-20260823T101200-1b98ddd3d643,60,0.8152997869449834
standard,-35.785573353307186,-36.347567412352845,-36.50968820847701,stream-1 · RX1,cap-20260823T101200-1b98ddd3d643,60,0.7241148551698231
standard,-35.91258863292309,-36.30222244151868,-37.42644322839654,stream-0 · RX1,cap-20260823T101200-1b98ddd3d643,60,1.513854595473454
standard,-35.82090804271086,-36.81480465968244,-37.001729009033404,stream-0 · RX1,cap-20260823T101809-80205045e4c6,60,1.1808209663225426
standard,-35.76262010201497,-36.32151574630096,-37.12997502703809,stream-0 · RX0,cap-20260823T101809-80205045e4c6,60,1.3673549250231218
standard,-52.43813947844739,-52.68495649686997,-52.964591930904355,stream-1 · RX0,cap-20260823T101809-80205045e4c6,60,0.5264524524569651
standard,-51.70392610476759,-52.47679038843029,-53.138518527700384,stream-1 · RX1,cap-20260823T101809-80205045e4c6,60,1.4345924229327949
standard,-71.43410950704386,-72.63556818348968,-73.19502329057559,stream-0 · RX0,cap-20260823T102100-41a973bd84ae,60,1.7609137835317341
standard,-72.57977919576948,-73.70959058223457,-74.51192610695107,stream-0 · RX1,cap-20260823T102100-41a973bd84ae,60,1.93214691118159
standard,-36.074288556285595,-36.42292357001343,-36.764923544134035,stream-1 · RX1,cap-20260823T102100-41a973bd84ae,60,0.6906349878484406
standard,-35.8294851969024,-36.35713981635333,-36.71343066160009,stream-1 · RX0,cap-20260823T102100-41a973bd84ae,60,0.8839454646976961
standard,-35.9184144004172,-35.992926588762955,-36.036058323977386,stream-0 · RX1,cap-20260823T102721-5eb863f3e015,60,0.1176439235601876
standard,-51.1825472392539,-51.44817051541273,-51.51939167201783,stream-1 · RX0,cap-20260823T102721-5eb863f3e015,60,0.3368444327639324
standard,-35.838234091288555,-36.02446043327476,-36.16533980180625,stream-0 · RX0,cap-20260823T102721-5eb863f3e015,60,0.3271057105176922
standard,-51.36051907461203,-51.59796287301228,-51.81429297820692,stream-1 · RX1,cap-20260823T102721-5eb863f3e015,60,0.4537739035948931
standard,-50.14874817512883,-51.24276017511113,-51.70118740023236,stream-1 · RX1,cap-20260823T103006-b22ba294d7f7,60,1.5524392251035266
standard,-36.392606336497224,-36.85399178014595,-37.4649886793176,stream-0 · RX0,cap-20260823T103006-b22ba294d7f7,60,1.0723823428203758
standard,-50.4207174168824,-51.16687491880174,-51.50362836240472,stream-1 · RX0,cap-20260823T103006-b22ba294d7f7,60,1.0829109455223218
standard,-36.04075738156184,-36.76607772153685,-36.98619593166215,stream-0 · RX1,cap-20260823T103006-b22ba294d7f7,60,0.9454385501003131
standard,-35.85018656583028,-36.52887878007742,-37.227358182444085,stream-0 · RX1,cap-20260823T103300-f5e88b1f6dff,60,1.3771716166138077
standard,-35.7672990837838,-36.16301769270563,-36.90731717323365,stream-0 · RX0,cap-20260823T103300-f5e88b1f6dff,60,1.1400180894498533
standard,-35.73453562368227,-36.27691875235371,-36.89172558117424,stream-1 · RX0,cap-20260823T103300-f5e88b1f6dff,60,1.1571899574919726
standard,-35.79733615940695,-36.04635665647275,-36.89678494435413,stream-1 · RX1,cap-20260823T103300-f5e88b1f6dff,60,1.0994487849471781
standard,-36.28428123750369,-36.83130126492796,-37.063025526033265,stream-0 · RX1,cap-20260823T103600-a42d17d4fcb0,60,0.7787442885295732
standard,-36.38325391173183,-37.10712026794394,-37.26771563172667,stream-1 · RX0,cap-20260823T103600-a42d17d4fcb0,60,0.8844617199948388
standard,-36.534930833326975,-36.90568094914722,-37.211692963376585,stream-1 · RX1,cap-20260823T103600-a42d17d4fcb0,60,0.6767621300496103
standard,-36.60550594059595,-36.873401385497004,-37.1537692655889,stream-0 · RX0,cap-20260823T103600-a42d17d4fcb0,60,0.548263324992952
standard,-49.08359058123172,-49.62438189770266,-49.90702331807661,stream-1 · RX0,cap-20260823T103900-f15ba31ea9b2,60,0.823432736844893
standard,-36.13442791304509,-37.11414257778205,-37.238468996163604,stream-0 · RX1,cap-20260823T103900-f15ba31ea9b2,60,1.104041083118517
standard,-36.619481574767605,-37.04751231148516,-37.23183773149903,stream-0 · RX0,cap-20260823T103900-f15ba31ea9b2,60,0.6123561567314226
standard,-49.04012513417976,-50.15438223706873,-50.72075886086439,stream-1 · RX1,cap-20260823T103900-f15ba31ea9b2,60,1.6806337266846327
standard,-35.92063361970054,-36.0541239003182,-36.109629782297354,stream-0 · RX1,cap-20260823T104200-597c155f2bcf,60,0.1889961625968155
standard,-50.96498804496874,-51.55396319952132,-51.601703195888376,stream-1 · RX1,cap-20260823T104200-597c155f2bcf,60,0.6367151509196347
standard,-36.084304543219396,-36.706499302849394,-36.75749894717664,stream-0 · RX0,cap-20260823T104200-597c155f2bcf,60,0.6731944039572468
standard,-51.217300496561464,-51.40593706070765,-51.453192041318914,stream-1 · RX0,cap-20260823T104200-597c155f2bcf,60,0.23589154475745033
standard,-73.33799055483588,-74.02127553071017,-74.31605528240262,stream-0 · RX0,cap-20260823T104500-c60e191df8ff,60,0.978064727566732
standard,-75.65933361326147,-76.34818619863023,-76.55740102966337,stream-0 · RX1,cap-20260823T104500-c60e191df8ff,60,0.8980674164019007
standard,-35.83759801313862,-36.465970994591494,-36.79050905497442,stream-1 · RX0,cap-20260823T104500-c60e191df8ff,60,0.9529110418358044
standard,-35.83841892058449,-36.42518756645856,-36.71805211123231,stream-1 · RX1,cap-20260823T104500-c60e191df8ff,60,0.879633190647823
standard,-36.39053138451772,-36.54908864601131,-36.726468585566685,stream-0 · RX0,cap-20260823T104800-e74d8882b242,60,0.33593720104896363
standard,-36.63035553286009,-37.00201770276722,-37.24742138260002,stream-0 · RX1,cap-20260823T104800-e74d8882b242,60,0.6170658497399302
standard,-35.75369103203704,-36.59677562994146,-36.90069186179639,stream-1 · RX0,cap-20260823T104800-e74d8882b242,60,1.1470008297593495
standard,-36.03176031975622,-36.193170062632,-36.49466561878448,stream-1 · RX1,cap-20260823T104800-e74d8882b242,60,0.4629052990282574
standard,-49.64670660054458,-50.23507133253081,-50.783943201623046,stream-1 · RX1,cap-20260823T105400-45b265314705,60,1.1372366010784631
standard,-49.34303157779169,-49.55775260171854,-49.98295190429401,stream-1 · RX0,cap-20260823T105400-45b265314705,60,0.6399203265023203
standard,-36.27327054429476,-36.61260154221031,-36.86667129772915,stream-0 · RX1,cap-20260823T105400-45b265314705,60,0.5934007534343877
standard,-35.78908762106585,-36.52942577655294,-37.067790235939974,stream-0 · RX0,cap-20260823T105400-45b265314705,60,1.2787026148741205
standard,-51.02287875300657,-51.75536803940285,-51.98653045706652,stream-1 · RX1,cap-20260823T105700-5b47e25426e2,60,0.9636517040599486
standard,-72.79927113169714,-73.39231169439267,-73.66957001570297,stream-0 · RX0,cap-20260823T105700-5b47e25426e2,60,0.8702988840058339
standard,-73.66285276459557,-74.42872153123162,-74.6630130051101,stream-0 · RX1,cap-20260823T105700-5b47e25426e2,60,1.000160240514532
standard,-50.03939801391869,-50.59222150567766,-50.766036578447,stream-1 · RX0,cap-20260823T105700-5b47e25426e2,60,0.726638564528308
standard,-36.21894178582584,-36.45329388093648,-36.56904841883485,stream-1 · RX0,cap-20260823T110332-725635ff80b1,60,0.35010663300901257
standard,-35.80902207435389,-36.89991545920526,-37.23493813227558,stream-1 · RX1,cap-20260823T110332-725635ff80b1,60,1.4259160579216896
standard,-35.83419071620733,-36.82779668270917,-37.197869045518,stream-0 · RX0,cap-20260823T110332-725635ff80b1,60,1.363678329310666
standard,-35.73647016320982,-35.95910131110253,-36.64082333031342,stream-0 · RX1,cap-20260823T110332-725635ff80b1,60,0.9043531671035936
standard,-35.84874889259597,-36.95311263218823,-37.00286338901327,stream-0 · RX1,cap-20260823T110622-a02d007ca14a,60,1.1541144964173
standard,-49.73352243389142,-51.215867953082096,-51.69433350102007,stream-1 · RX1,cap-20260823T110622-a02d007ca14a,60,1.9608110671286454
standard,-36.49125290346846,-36.77088517234222,-36.819683393343745,stream-0 · RX0,cap-20260823T110622-a02d007ca14a,60,0.3284304898752879
standard,-51.4739261689348,-52.21193188703441,-52.61328485107494,stream-1 · RX0,cap-20260823T110622-a02d007ca14a,60,1.1393586821401342
standard,-49.498786353806985,-49.95060043518953,-50.01501189354133,stream-1 · RX0,cap-20260823T111139-5bde5bd4dd04,60,0.5162255397343429
standard,-50.12133929669507,-50.70627239993299,-50.81021174541954,stream-1 · RX1,cap-20260823T111139-5bde5bd4dd04,60,0.6888724487244673
standard,-73.30335453872048,-73.67344953606488,-73.77300284704116,stream-0 · RX0,cap-20260823T111139-5bde5bd4dd04,60,0.4696483083206715
standard,-70.72678452761635,-71.12664628821621,-71.19433786145134,stream-0 · RX1,cap-20260823T111139-5bde5bd4dd04,60,0.4675533338349993
standard,-36.3865840316318,-37.09552371206819,-37.1856241131935,stream-0 · RX1,cap-20260823T111430-17ab4cda0851,60,0.7990400815616994
standard,-35.85637914780105,-36.36273422305757,-36.440625290790635,stream-1 · RX0,cap-20260823T111430-17ab4cda0851,60,0.5842461429895849
standard,-36.34314642685305,-36.88378329922564,-37.12601988436782,stream-0 · RX0,cap-20260823T111430-17ab4cda0851,60,0.7828734575147678
standard,-36.347361348119875,-36.84067400198089,-37.06442448406862,stream-1 · RX1,cap-20260823T111430-17ab4cda0851,60,0.7170631359487416
standard,-35.77008928323998,-36.0545136105412,-36.51360102801997,stream-1 · RX1,cap-20260823T111715-35a82d19c4c5,60,0.7435117447799868
standard,-35.81099883165462,-35.99578903108355,-36.043581299365144,stream-0 · RX1,cap-20260823T111715-35a82d19c4c5,60,0.2325824677105217
standard,-36.60451589427171,-36.81121930399808,-36.8667780173883,stream-0 · RX0,cap-20260823T111715-35a82d19c4c5,60,0.26226212311659225
standard,-36.591407578636804,-36.84982691991769,-36.91172680924593,stream-1 · RX0,cap-20260823T111715-35a82d19c4c5,60,0.3203192306091225
standard,-51.29941662300671,-51.74058486246804,-52.782120282689405,stream-1 · RX1,cap-20260823T112002-cd1078bbb46d,60,1.4827036596826986
standard,-50.162702760548115,-50.70128671532135,-51.10145401373606,stream-1 · RX0,cap-20260823T112002-cd1078bbb46d,60,0.9387512531879452
standard,-35.82238053405872,-36.58462569912217,-37.042382314224426,stream-0 · RX1,cap-20260823T112002-cd1078bbb46d,60,1.2200017801657026
standard,-35.75311800370898,-36.43801534661932,-36.840947902806775,stream-0 · RX0,cap-20260823T112002-cd1078bbb46d,60,1.0878298990977981
standard,-50.588430150218606,-51.07065082421826,-51.27281558023644,stream-1 · RX1,cap-20260823T112246-00eaaa171336,60,0.6843854300178336
standard,-35.9267053213418,-36.31797830162819,-36.81160494697527,stream-0 · RX1,cap-20260823T112246-00eaaa171336,60,0.8848996256334729
standard,-50.65486579042314,-50.950764936802656,-51.261697961054224,stream-1 · RX0,cap-20260823T112246-00eaaa171336,60,0.6068321706310869
standard,-36.379834872472074,-36.86966784567706,-37.13698697003363,stream-0 · RX0,cap-20260823T112246-00eaaa171336,60,0.7571520975615584
standard,-36.346397955922995,-36.76209185686036,-37.430118667065024,stream-0 · RX1,cap-20260823T112821-12d694a8feba,60,1.0837207111420284
standard,-35.88512656176093,-36.794225189680105,-36.97290127023784,stream-1 · RX1,cap-20260823T112821-12d694a8feba,60,1.087774708476914
standard,-36.27999538231919,-36.66698470364531,-36.82332677090939,stream-1 · RX0,cap-20260823T112821-12d694a8feba,60,0.5433313885901967
standard,-35.72694559605904,-36.61205135774523,-36.75150173012678,stream-0 · RX0,cap-20260823T112821-12d694a8feba,60,1.024556134067744
standard,-35.915797277878944,-36.94396101344984,-37.07223403845556,stream-1 · RX0,cap-20260823T113111-10142f2c1489,60,1.156436760576618
standard,-36.15240811000496,-37.01361577775314,-37.30541987012171,stream-1 · RX1,cap-20260823T113111-10142f2c1489,60,1.1530117601167476
standard,-76.28555860695285,-76.54138407461434,-76.72080610942854,stream-0 · RX1,cap-20260823T113111-10142f2c1489,60,0.4352475024756899
standard,-74.40386088107995,-74.73915861323137,-74.92733805193687,stream-0 · RX0,cap-20260823T113111-10142f2c1489,60,0.5234771708569212
standard,-49.284166434257685,-50.59136287104067,-50.702963950251046,stream-1 · RX1,cap-20260823T113719-e85d040a0afd,60,1.4187975159933615
standard,-35.87186696579068,-36.18864127585904,-36.94529824078031,stream-0 · RX1,cap-20260823T113719-e85d040a0afd,60,1.0734312749896304
standard,-35.728743721455565,-36.104269034921366,-36.545085547757246,stream-0 · RX0,cap-20260823T113719-e85d040a0afd,60,0.8163418263016808
standard,-49.10949248703163,-49.80241421918065,-49.935796056235816,stream-1 · RX0,cap-20260823T113719-e85d040a0afd,60,0.8263035692041854
standard,-35.960832781397734,-37.055798136258176,-37.16035481379626,stream-0 · RX1,cap-20260823T114012-49c3afc433c0,60,1.1995220323985265
standard,-35.756072030717185,-36.79369799604039,-36.85567013438185,stream-1 · RX0,cap-20260823T114012-49c3afc433c0,60,1.0995981036646683
standard,-36.10879622855691,-37.10896926012339,-37.19108515474436,stream-0 · RX0,cap-20260823T114012-49c3afc433c0,60,1.082288926187445
standard,-36.36145439035261,-36.409677299957494,-36.459619448188015,stream-1 · RX1,cap-20260823T114012-49c3afc433c0,60,0.09816505783540208
standard,-72.18864204046494,-73.16021560423758,-73.2914292930565,stream-0 · RX0,cap-20260823T114537-e7e1cf063697,60,1.102787252591554
standard,-74.00218501936901,-74.59658136576454,-74.72699154489663,stream-0 · RX1,cap-20260823T114537-e7e1cf063697,60,0.7248065255276259
standard,-35.80126842693581,-35.91323157262525,-36.243978574126785,stream-1 · RX0,cap-20260823T114537-e7e1cf063697,60,0.44271014719097224
standard,-36.32636374037335,-36.5518084098696,-37.210299461837515,stream-1 · RX1,cap-20260823T114537-e7e1cf063697,60,0.8839357214641623
standard,-35.85112779148159,-36.647913984516634,-36.77786479286801,stream-0 · RX0,cap-20260823T114819-6119ff0fc686,60,0.9267370013864209
standard,-51.011773424546035,-51.34437789694577,-51.43904585533993,stream-1 · RX0,cap-20260823T114819-6119ff0fc686,60,0.42727243079389154
standard,-35.82288101646913,-35.94146957210579,-36.84795343920061,stream-0 · RX1,cap-20260823T114819-6119ff0fc686,60,1.0250724227314763
standard,-50.96957993237848,-51.48889142311842,-51.738085542021224,stream-1 · RX1,cap-20260823T114819-6119ff0fc686,60,0.7685056096427445
standard,-35.81742713705752,-36.728025243384494,-37.27905593525544,stream-1 · RX0,cap-20260823T115110-180c32b1c8f9,60,1.4616287981979212
standard,-35.7649027749452,-36.57328844420731,-36.93366617274481,stream-0 · RX0,cap-20260823T115110-180c32b1c8f9,60,1.1687633977996086
standard,-36.01775641935883,-36.57411787816112,-36.95635185190979,stream-1 · RX1,cap-20260823T115110-180c32b1c8f9,60,0.9385954325509545
standard,-35.75758079704591,-36.48256652334,-36.95827700629974,stream-0 · RX1,cap-20260823T115110-180c32b1c8f9,60,1.2006962092538274
standard,-76.38827645633916,-76.5062255172212,-76.54277091738093,stream-0 · RX1,cap-20260823T115700-5d76364aed04,60,0.15449446104177866
standard,-36.910241070232544,-37.22864101029736,-37.24702014824206,stream-1 · RX1,cap-20260823T115700-5d76364aed04,60,0.33677907800951346
standard,-73.97104616598831,-74.28770988139135,-74.30401984173878,stream-0 · RX0,cap-20260823T115700-5d76364aed04,60,0.3329736757504662
standard,-36.40896595422555,-36.520173150328844,-36.54497134456327,stream-1 · RX0,cap-20260823T115700-5d76364aed04,60,0.13600539033772208
standard,-50.506687316075684,-50.66343949902844,-50.701306746455835,stream-1 · RX0,cap-20260823T120000-c785295408a6,60,0.1946194303801505
standard,-69.31723306976205,-70.46238072319548,-70.71271830035931,stream-0 · RX1,cap-20260823T120000-c785295408a6,60,1.3954852305972594
standard,-73.11009432508786,-74.02768847898537,-74.2399442561184,stream-0 · RX0,cap-20260823T120000-c785295408a6,60,1.1298499310305488
standard,-51.71992717617843,-51.835883139615184,-51.951611958953066,stream-1 · RX1,cap-20260823T120000-c785295408a6,60,0.23168478277463578
standard,-74.42042463505679,-74.60559171496669,-74.91025779417568,stream-0 · RX0,cap-20260823T120300-951fa50b00a5,60,0.4898331591188878
standard,-50.875674228251654,-51.31524845230538,-51.462577130825444,stream-1 · RX0,cap-20260823T120300-951fa50b00a5,60,0.5869029025737902
standard,-51.37681323225471,-51.518691048975185,-51.76066979132938,stream-1 · RX1,cap-20260823T120300-951fa50b00a5,60,0.3838565590746654
standard,-75.93562108340825,-76.53541558903426,-76.70119662817349,stream-0 · RX1,cap-20260823T120300-951fa50b00a5,60,0.765575544765241
standard,-36.33318030124063,-36.53180408411767,-36.59200823032852,stream-1 · RX0,cap-20260823T120914-2fb2b61aab4b,60,0.2588279290878859
standard,-36.45954436457664,-36.72508731401414,-36.91653418461878,stream-1 · RX1,cap-20260823T120914-2fb2b61aab4b,60,0.4569898200421463
standard,-36.67427044322251,-37.05218808305876,-37.111160937819044,stream-0 · RX1,cap-20260823T120914-2fb2b61aab4b,60,0.4368904945965326
standard,-36.09309372417108,-36.38968373239598,-36.57874903118389,stream-0 · RX0,cap-20260823T120914-2fb2b61aab4b,60,0.4856553070128129
standard,-76.22611849867552,-76.50714262720359,-76.68332308928734,stream-0 · RX1,cap-20260823T121207-a425c08db278,60,0.4572045906118234
standard,-50.96034128660796,-51.48521128951706,-51.778559295176166,stream-1 · RX1,cap-20260823T121207-a425c08db278,60,0.8182180085682091
standard,-52.157449262028535,-52.44872519180638,-52.589457653711484,stream-1 · RX0,cap-20260823T121207-a425c08db278,60,0.4320083916829489
standard,-73.80773816802233,-74.471853707477,-74.8635442368965,stream-0 · RX0,cap-20260823T121207-a425c08db278,60,1.0558060688741762
standard,-35.68883806826287,-36.671175259862636,-36.92073147645219,stream-0 · RX1,cap-20260823T121500-1549f8e17f0e,60,1.2318934081893218
standard,-49.879964883773496,-50.56048491610788,-50.711484984695346,stream-1 · RX1,cap-20260823T121500-1549f8e17f0e,60,0.8315201009218498
standard,-36.33260373241578,-36.53216857968966,-37.30344598082502,stream-0 · RX0,cap-20260823T121500-1549f8e17f0e,60,0.9708422484092409
standard,-49.456183021693235,-49.676998090316374,-49.89061850133021,stream-1 · RX0,cap-20260823T121500-1549f8e17f0e,60,0.43443547963697426
standard,-36.13448218127405,-36.438747913670774,-36.53196140322601,stream-0 · RX0,cap-20260823T121800-1b13c9a3deb5,60,0.3974792219519614
standard,-35.77340675433823,-36.942523945219676,-37.089095425540734,stream-0 · RX1,cap-20260823T121800-1b13c9a3deb5,60,1.3156886712025013
standard,-49.553298144990464,-49.77372866563884,-49.856377756928765,stream-1 · RX0,cap-20260823T121800-1b13c9a3deb5,60,0.30307961193830124
standard,-50.18034810123755,-50.470463372450496,-50.636555709044785,stream-1 · RX1,cap-20260823T121800-1b13c9a3deb5,60,0.45620760780723657
standard,-35.98026871822675,-36.410042317950726,-36.43488940935685,stream-1 · RX0,cap-20260823T122100-237b879c5bd8,60,0.4546206911300956
standard,-74.08774659408293,-74.5944472911307,-74.6389164328975,stream-0 · RX1,cap-20260823T122100-237b879c5bd8,60,0.5511698388145732
standard,-72.69960172407401,-73.16605217255739,-73.22047571891207,stream-0 · RX0,cap-20260823T122100-237b879c5bd8,60,0.5208739948380554
standard,-36.63109665198146,-37.048331873076165,-37.11609701075857,stream-1 · RX1,cap-20260823T122100-237b879c5bd8,60,0.4850003587771141
standard,-36.23520310073812,-36.44098737742365,-36.512224085126455,stream-1 · RX0,cap-20260823T122400-3e76e386934e,60,0.27702098438833644
standard,-70.38123043417852,-70.87812978106558,-70.94935608105001,stream-0 · RX1,cap-20260823T122400-3e76e386934e,60,0.5681256468714935
standard,-73.34232207988285,-73.49823415968399,-73.60884053389088,stream-0 · RX0,cap-20260823T122400-3e76e386934e,60,0.2665184540080361
standard,-36.61104542923802,-36.73844641444764,-36.87348403183007,stream-1 · RX1,cap-20260823T122400-3e76e386934e,60,0.26243860259204865
standard,-36.50109208729927,-36.71985207991708,-36.852172593330714,stream-0 · RX1,cap-20260823T122700-0f0409ec36c0,60,0.3510805060314439
standard,-51.07575744322701,-51.24223395239841,-51.47594847759752,stream-1 · RX1,cap-20260823T122700-0f0409ec36c0,60,0.40019103437050774
standard,-35.88421129404764,-36.090767107034324,-36.33051906002889,stream-0 · RX0,cap-20260823T122700-0f0409ec36c0,60,0.44630776598125266
standard,-51.002593246182414,-51.20118442806647,-51.304208376107965,stream-1 · RX0,cap-20260823T122700-0f0409ec36c0,60,0.3016151299255512
standard,-36.05286474296388,-36.328364608720605,-36.7176224877464,stream-1 · RX1,cap-20260823T123000-7d9bf279ce51,60,0.6647577447825199
standard,-36.37077856551561,-36.55211446337016,-36.73710743921816,stream-1 · RX0,cap-20260823T123000-7d9bf279ce51,60,0.36632887370254963
standard,-75.52080973977588,-75.97026733788712,-76.18994270111818,stream-0 · RX1,cap-20260823T123000-7d9bf279ce51,60,0.6691329613422994
standard,-72.68888090037454,-73.37916756413586,-73.98180537306818,stream-0 · RX0,cap-20260823T123000-7d9bf279ce51,60,1.2929244726936417
standard,-36.090123500494336,-36.52175107929942,-36.56355462138898,stream-0 · RX0,cap-20260823T123300-c314b8b8743a,60,0.4734311208946451
standard,-35.97301606556697,-36.59173179089082,-37.018615300278846,stream-1 · RX0,cap-20260823T123300-c314b8b8743a,60,1.0455992347118723
standard,-35.85642939469932,-36.61608827811598,-37.049855926837374,stream-1 · RX1,cap-20260823T123300-c314b8b8743a,60,1.193426532138055
standard,-35.94237224606105,-36.703111142259665,-36.77833023671133,stream-0 · RX1,cap-20260823T123300-c314b8b8743a,60,0.8359579906502788
standard,-72.8864536979102,-73.3560131992783,-73.4043985451599,stream-0 · RX0,cap-20260823T123600-af912444ceca,60,0.5179448472497086
standard,-73.78629507001968,-74.32334664264695,-74.39146310367076,stream-0 · RX1,cap-20260823T123600-af912444ceca,60,0.6051680336510827
standard,-35.74497609588744,-36.87121833911683,-37.0642658372481,stream-1 · RX1,cap-20260823T123600-af912444ceca,60,1.319289741360663
standard,-35.813431639024614,-36.03317450684902,-36.89803597640554,stream-1 · RX0,cap-20260823T123600-af912444ceca,60,1.0846043373809238
standard,-35.9875472535381,-36.59880704052958,-36.85090990048784,stream-0 · RX1,cap-20260823T123900-885a0a1407c0,60,0.8633626469497457
standard,-36.36597171505435,-37.01898342342591,-37.2373110929652,stream-1 · RX0,cap-20260823T123900-885a0a1407c0,60,0.87133937791085
standard,-36.02181483296563,-36.74184960482441,-37.201701609983715,stream-0 · RX0,cap-20260823T123900-885a0a1407c0,60,1.1798867770180834
standard,-35.984504119306436,-36.724342576910615,-37.050336151863526,stream-1 · RX1,cap-20260823T123900-885a0a1407c0,60,1.0658320325570898
standard,-49.389359526923535,-50.469426155497224,-50.598945185647814,stream-1 · RX0,cap-20260823T124200-2d84faf9d282,60,1.2095856587242793
standard,-50.28407547110725,-51.67457403259005,-51.81984618084796,stream-1 · RX1,cap-20260823T124200-2d84faf9d282,60,1.53577070974071
standard,-36.475126573749165,-36.74700214807069,-36.78191635718032,stream-0 · RX1,cap-20260823T124200-2d84faf9d282,60,0.3067897834311566
standard,-36.08006516456297,-37.17930218377275,-37.20415407159984,stream-0 · RX0,cap-20260823T124200-2d84faf9d282,60,1.124088907036871
standard,-36.976827178921205,-37.07103370934434,-37.12267069254403,stream-0 · RX1,cap-20260823T124500-aeeb35522ab9,60,0.14584351362282177
standard,-35.72092070369439,-36.647181956360704,-36.7240664853957,stream-0 · RX0,cap-20260823T124500-aeeb35522ab9,60,1.0031457817013134
standard,-52.70615497089645,-52.7550906885408,-52.79361385628111,stream-1 · RX0,cap-20260823T124500-aeeb35522ab9,60,0.08745888538466318
standard,-52.846344827527005,-52.92048321284782,-52.98368555401166,stream-1 · RX1,cap-20260823T124500-aeeb35522ab9,60,0.137340726484652
standard,-36.10271079571756,-36.99953364976019,-37.05809728280794,stream-0 · RX1,cap-20260823T124800-650468f8f57d,60,0.9553864870903794
standard,-50.27365534303712,-50.57193316516923,-50.63901006650315,stream-1 · RX0,cap-20260823T124800-650468f8f57d,60,0.3653547234660266
standard,-35.83078209946593,-36.537614240231996,-36.77225495716981,stream-0 · RX0,cap-20260823T124800-650468f8f57d,60,0.9414728577038787
standard,-51.464682683641215,-51.706181185521544,-51.85788011197233,stream-1 · RX1,cap-20260823T124800-650468f8f57d,60,0.3931974283311135
standard,-35.98707369103067,-36.80139483232482,-36.90700869824497,stream-1 · RX1,cap-20260823T125100-15f477ec3c2e,60,0.9199350072142991
standard,-35.76732659856536,-36.25929890138803,-36.369444862527246,stream-0 · RX0,cap-20260823T125100-15f477ec3c2e,60,0.6021182639618843
standard,-35.80769259418958,-36.76114603557238,-36.903150084355296,stream-0 · RX1,cap-20260823T125100-15f477ec3c2e,60,1.095457490165714
standard,-36.21457392632087,-36.51905276342112,-37.15811971786899,stream-1 · RX0,cap-20260823T125100-15f477ec3c2e,60,0.9435457915481251
standard,-36.11672535478586,-36.291367229054046,-36.39902089858531,stream-0 · RX0,cap-20260823T130000-3b8996fa984b,60,0.28229554379944943
standard,-36.322077234973555,-36.82376015598187,-36.92582005547636,stream-0 · RX1,cap-20260823T130000-3b8996fa984b,60,0.6037428205028021
standard,-35.972555876887256,-36.135344262351325,-36.209264326747444,stream-1 · RX0,cap-20260823T130000-3b8996fa984b,60,0.23670844986018835
standard,-35.75977039115077,-35.94333797675954,-36.04334398359603,stream-1 · RX1,cap-20260823T130000-3b8996fa984b,60,0.2835735924452649
standard,-36.64868170687287,-36.90148530893474,-36.94352180304782,stream-0 · RX1,cap-20260823T131519-2504637dc8f8,60,0.2948400961749513
standard,-36.53859451454257,-36.70319944715811,-36.75607167074152,stream-0 · RX0,cap-20260823T131519-2504637dc8f8,60,0.21747715619895303
standard,-35.86037326635754,-36.74273760717482,-36.80016565051624,stream-1 · RX1,cap-20260823T131519-2504637dc8f8,60,0.9397923841587001
standard,-35.81071563875733,-36.12976531314992,-36.16084003280554,stream-1 · RX0,cap-20260823T131519-2504637dc8f8,60,0.3501243940482084
standard,-36.094166621410835,-36.39395924440389,-37.40689438466211,stream-1 · RX0,cap-20260823T131801-604f88d26a85,60,1.3127277632512744
standard,-36.235360601877275,-36.686557842946456,-37.25684014968492,stream-0 · RX1,cap-20260823T131801-604f88d26a85,60,1.021479547807644
standard,-36.30562106289655,-36.637805899766136,-36.89268832358695,stream-1 · RX1,cap-20260823T131801-604f88d26a85,60,0.5870672606904037
standard,-36.022307002850354,-36.949737318843646,-37.31050877622676,stream-0 · RX0,cap-20260823T131801-604f88d26a85,60,1.2882017733764073
standard,-36.765977088639275,-37.10207670224847,-37.161708308746704,stream-1 · RX0,cap-20260823T132100-7e848cfd1394,60,0.3957312201074288
standard,-76.23414229893959,-76.67409603344959,-76.73684948103086,stream-0 · RX1,cap-20260823T132100-7e848cfd1394,60,0.502707182091271
standard,-74.03481286622056,-74.72567499112603,-74.81860202292332,stream-0 · RX0,cap-20260823T132100-7e848cfd1394,60,0.7837891567027526
standard,-36.6281263781151,-37.263214832298516,-37.38908211959334,stream-1 · RX1,cap-20260823T132100-7e848cfd1394,60,0.7609557414782415
standard,-35.73700029515714,-36.05278970425856,-37.02723877642271,stream-0 · RX1,cap-20260823T132400-e36b1b963036,60,1.2902384812655754
standard,-52.59339949020605,-52.76974160060559,-52.846327548209196,stream-1 · RX0,cap-20260823T132400-e36b1b963036,60,0.25292805800314255
standard,-52.29217688136132,-52.835421688238824,-53.02155812665873,stream-1 · RX1,cap-20260823T132400-e36b1b963036,60,0.7293812452974109
standard,-36.122474944253476,-36.61328621340227,-36.77853349889302,stream-0 · RX0,cap-20260823T132400-e36b1b963036,60,0.656058554639543
standard,-35.82354207085935,-36.731149033208496,-37.13875035385788,stream-1 · RX1,cap-20260823T132700-1f1a9f00d07d,60,1.3152082829985332
standard,-70.17913919341615,-70.61319395615182,-70.66638479913985,stream-0 · RX1,cap-20260823T132700-1f1a9f00d07d,60,0.48724560572370024
standard,-73.84884492233164,-74.0938981695541,-74.15085229887359,stream-0 · RX0,cap-20260823T132700-1f1a9f00d07d,60,0.3020073765419511
standard,-35.7615929884257,-36.45852087772788,-37.22857352230558,stream-1 · RX0,cap-20260823T132700-1f1a9f00d07d,60,1.4669805338798838
standard,-49.99419186294717,-51.00785529077204,-51.813970109719534,stream-1 · RX1,cap-20260823T133000-05e02094d704,60,1.8197782467723655
standard,-71.42426939279554,-72.5077660412889,-73.33033579238591,stream-0 · RX0,cap-20260823T133000-05e02094d704,60,1.9060663995903724
standard,-49.905544191556615,-50.22726341750017,-50.578564484538674,stream-1 · RX0,cap-20260823T133000-05e02094d704,60,0.6730202929820592
standard,-69.92605166917585,-70.36001246203284,-70.88799895169845,stream-0 · RX1,cap-20260823T133000-05e02094d704,60,0.9619472825226012
standard,-51.10050737859523,-51.52823198089193,-51.7051458298204,stream-1 · RX1,cap-20260823T133300-eb7033a60d1c,60,0.6046384512251706
standard,-36.139830120913885,-36.50341859728124,-36.60121659299422,stream-0 · RX0,cap-20260823T133300-eb7033a60d1c,60,0.4613864720803349
standard,-35.94409395470716,-36.783947624112116,-36.863171947453324,stream-0 · RX1,cap-20260823T133300-eb7033a60d1c,60,0.9190779927461676
standard,-52.23218724906342,-52.4401889744155,-52.50131263468876,stream-1 · RX0,cap-20260823T133300-eb7033a60d1c,60,0.26912538562533683
standard,-35.8734175601252,-36.06880972609629,-37.00363143898911,stream-1 · RX0,cap-20260823T133600-e6a64a20edaf,60,1.1302138788639127
standard,-72.96285759721404,-73.40672067356985,-73.61439623302957,stream-0 · RX0,cap-20260823T133600-e6a64a20edaf,60,0.6515386358155268
standard,-36.054660411791566,-36.27361160843854,-37.304043380730874,stream-1 · RX1,cap-20260823T133600-e6a64a20edaf,60,1.2493829689393081
standard,-70.4862459434088,-70.67979250888075,-70.94122974461472,stream-0 · RX1,cap-20260823T133600-e6a64a20edaf,60,0.45498380120591264
standard,-36.511781982427244,-36.77214831263186,-36.81539146262284,stream-0 · RX1,cap-20260823T133900-e9ac7614124b,60,0.30360948019559686
standard,-50.73003353528211,-51.05407852747497,-51.085251328201615,stream-1 · RX0,cap-20260823T133900-e9ac7614124b,60,0.35521779291950395
standard,-52.46122441632659,-52.750433754915434,-52.81447519008999,stream-1 · RX1,cap-20260823T133900-e9ac7614124b,60,0.3532507737634063
standard,-36.25701819803236,-36.51318378112754,-36.5804863229149,stream-0 · RX0,cap-20260823T133900-e9ac7614124b,60,0.3234681248825382
standard,-35.90632456823152,-36.193332761564434,-36.500817391233184,stream-1 · RX0,cap-20260823T134200-2d7cd9a08d04,60,0.5944928230016657
standard,-35.884200858274575,-36.40626297209746,-36.82121148842475,stream-1 · RX1,cap-20260823T134200-2d7cd9a08d04,60,0.9370106301501764
standard,-36.66714520109821,-36.83535094465326,-36.907155044066606,stream-0 · RX1,cap-20260823T134200-2d7cd9a08d04,60,0.2400098429683979
standard,-36.44309255260891,-36.87082573159685,-36.98689822498192,stream-0 · RX0,cap-20260823T134200-2d7cd9a08d04,60,0.5438056723730114
standard,-35.755357036343874,-36.272780123539256,-36.30670699998501,stream-1 · RX1,cap-20260823T134500-a3357e0a77fc,60,0.5513499636411368
standard,-72.52060689209662,-72.94734555183463,-73.36109720226159,stream-0 · RX0,cap-20260823T134500-a3357e0a77fc,60,0.8404903101649666
standard,-68.99888451562441,-70.52615085542774,-70.92438252028211,stream-0 · RX1,cap-20260823T134500-a3357e0a77fc,60,1.9254980046576975
standard,-36.10845488211504,-36.67382565857024,-36.70573903728358,stream-1 · RX0,cap-20260823T134500-a3357e0a77fc,60,0.5972841551685377
standard,-50.910784958239276,-51.18059305832602,-51.29913422238258,stream-1 · RX0,cap-20260823T134800-272180665c42,60,0.38834926414330084
standard,-36.410911649575134,-36.7124824509701,-36.87202699869533,stream-0 · RX1,cap-20260823T134800-272180665c42,60,0.4611153491201989
standard,-50.57312452233763,-51.274037598260236,-51.46364475819575,stream-1 · RX1,cap-20260823T134800-272180665c42,60,0.8905202358581192
standard,-35.74246673098524,-36.19877127199635,-36.686705920582725,stream-0 · RX0,cap-20260823T134800-272180665c42,60,0.9442391895974822
standard,-35.96010692168906,-36.498553148787025,-37.12435460833428,stream-1 · RX1,cap-20260823T135100-3e6a71233bab,60,1.1642476866452185
standard,-35.758049795932465,-36.644212506122926,-37.021014925103884,stream-1 · RX0,cap-20260823T135100-3e6a71233bab,60,1.2629651291714197
standard,-36.45748196099169,-36.666801405494745,-37.03475095904452,stream-0 · RX1,cap-20260823T135100-3e6a71233bab,60,0.5772689980528298
standard,-36.18739904571847,-36.74719919045674,-37.36937193137329,stream-0 · RX0,cap-20260823T135100-3e6a71233bab,60,1.1819728856548153
standard,-36.62279563639225,-36.71274986878689,-36.76693048596616,stream-1 · RX0,cap-20260823T135400-a8a9c0924e3e,60,0.1441348495739092
standard,-72.7444394835385,-73.0803199242892,-73.20318110578391,stream-0 · RX0,cap-20260823T135400-a8a9c0924e3e,60,0.4587416222454124
standard,-35.83678165126941,-36.03081773854427,-36.09780910684494,stream-1 · RX1,cap-20260823T135400-a8a9c0924e3e,60,0.26102745557552964
standard,-74.24364598338815,-74.54975264109088,-74.6467079007696,stream-0 · RX1,cap-20260823T135400-a8a9c0924e3e,60,0.40306191738145003
standard,-51.53229948016359,-52.15471041120909,-52.454346117931976,stream-1 · RX0,cap-20260823T135700-b35f5f92dc27,60,0.9220466377683891
standard,-35.802085634846556,-36.577657460899566,-37.03292569808781,stream-0 · RX1,cap-20260823T135700-b35f5f92dc27,60,1.2308400632412528
standard,-35.99142882712887,-36.55413604407413,-37.1527017740786,stream-0 · RX0,cap-20260823T135700-b35f5f92dc27,60,1.1612729469497296
standard,-50.54076868866585,-50.97018042107887,-51.62518743152098,stream-1 · RX1,cap-20260823T135700-b35f5f92dc27,60,1.084418742855128
standard,-74.92733915881799,-76.0302044970351,-76.50252771903607,stream-0 · RX1,cap-20260823T140000-f8179c2eb538,60,1.5751885602180806
standard,-73.16271156906025,-74.19149428856254,-74.53619625311192,stream-0 · RX0,cap-20260823T140000-f8179c2eb538,60,1.3734846840516752
standard,-50.25868583065393,-51.17074303455337,-51.51017274893433,stream-1 · RX1,cap-20260823T140000-f8179c2eb538,60,1.2514869182803992
standard,-50.153155090967246,-50.93344556359861,-51.19981070193363,stream-1 · RX0,cap-20260823T140000-f8179c2eb538,60,1.0466556109663827
standard,-72.30705944938032,-73.11357152171928,-73.45604055555191,stream-0 · RX0,cap-20260823T140300-f1218cfb1c56,60,1.1489811061715898
standard,-49.003372024779075,-49.46675548815334,-49.69755854862697,stream-1 · RX0,cap-20260823T140300-f1218cfb1c56,60,0.6941865238478968
standard,-69.985802290425,-70.49746156325672,-70.72376136665423,stream-0 · RX1,cap-20260823T140300-f1218cfb1c56,60,0.737959076229231
standard,-49.470589450429785,-50.12624911888944,-50.479599088890936,stream-1 · RX1,cap-20260823T140300-f1218cfb1c56,60,1.0090096384611513
standard,-35.789768596551966,-36.86070239079097,-36.89245674879833,stream-0 · RX0,cap-20260823T140600-b6dc07ab06ad,60,1.1026881522463654
standard,-36.24520209685399,-36.65795856042888,-37.34815858482361,stream-1 · RX0,cap-20260823T140600-b6dc07ab06ad,60,1.102956487969621
standard,-36.30281883217549,-36.80052342594496,-37.20536416217934,stream-0 · RX1,cap-20260823T140600-b6dc07ab06ad,60,0.9025453300038535
standard,-36.01687779170014,-36.70714979121631,-36.99384637564037,stream-1 · RX1,cap-20260823T140600-b6dc07ab06ad,60,0.9769685839402342
standard,-36.08473805621796,-36.18425470021769,-37.180030093495084,stream-0 · RX0,cap-20260823T140900-266ce4a2f30a,60,1.095292037277126
standard,-36.458714412894125,-36.6187145827669,-36.679571860692064,stream-1 · RX0,cap-20260823T140900-266ce4a2f30a,60,0.2208574477979397
standard,-35.8080483790557,-36.00530053328038,-36.62984897751938,stream-1 · RX1,cap-20260823T140900-266ce4a2f30a,60,0.8218005984636818
standard,-35.73320456973807,-36.83113557910553,-36.91313239039295,stream-0 · RX1,cap-20260823T140900-266ce4a2f30a,60,1.179927820654882
standard,-74.39630978733223,-74.5693990745672,-74.72467507313348,stream-0 · RX0,cap-20260823T141500-ac017465e83c,60,0.32836528580125446
standard,-76.45805557626566,-76.54488330145345,-76.60134492806476,stream-0 · RX1,cap-20260823T141500-ac017465e83c,60,0.14328935179909763
standard,-52.086063966009405,-52.74599338753592,-52.898351373897185,stream-1 · RX1,cap-20260823T141500-ac017465e83c,60,0.81228740788778
standard,-52.368140779291934,-52.59838976525439,-52.729114243166535,stream-1 · RX0,cap-20260823T141500-ac017465e83c,60,0.3609734638746005
standard,-36.23429758164313,-36.74654681834595,-36.905281542287824,stream-0 · RX0,cap-20260823T141800-aa205612e770,60,0.6709839606446906
standard,-51.62194626538018,-52.10421113922527,-52.40503466191389,stream-1 · RX0,cap-20260823T141800-aa205612e770,60,0.7830883965337065
standard,-35.83756496801874,-36.577249598993774,-36.87041227988793,stream-0 · RX1,cap-20260823T141800-aa205612e770,60,1.0328473118691903
standard,-50.876419224266094,-51.21365396483655,-51.5874748863036,stream-1 · RX1,cap-20260823T141800-aa205612e770,60,0.7110556620375093
standard,-35.7402578504123,-36.23900830767345,-36.879812576805804,stream-1 · RX1,cap-20260823T142100-bacbdc89f3c3,60,1.1395547263935057
standard,-73.75037290071401,-74.04134326754075,-74.09648027478137,stream-0 · RX0,cap-20260823T142100-bacbdc89f3c3,60,0.34610737406735836
standard,-75.78866512277317,-76.33718962321052,-76.39853089345328,stream-0 · RX1,cap-20260823T142100-bacbdc89f3c3,60,0.6098657706801163
standard,-35.737764037244,-35.990863204521105,-36.9221251615434,stream-1 · RX0,cap-20260823T142100-bacbdc89f3c3,60,1.1843611242994
standard,-49.769861423668274,-51.22262542892517,-51.62859734065051,stream-1 · RX1,cap-20260823T142708-56f9d9ac6f05,60,1.8587359169822335
standard,-74.31282069093989,-74.46874334173214,-74.62257689496239,stream-0 · RX1,cap-20260823T142708-56f9d9ac6f05,60,0.3097562040225057
standard,-72.00450136105559,-72.81060743831787,-73.08211644229839,stream-0 · RX0,cap-20260823T142708-56f9d9ac6f05,60,1.0776150812427971
standard,-51.559110970906936,-52.06387431626342,-52.432765256693735,stream-1 · RX0,cap-20260823T142708-56f9d9ac6f05,60,0.8736542857867988
standard,-50.313216382109374,-51.38150204266271,-51.666449358967895,stream-1 · RX1,cap-20260823T143000-74f7ae0e8079,60,1.3532329768585214
standard,-35.74669940797774,-36.444229329428865,-36.843888336322834,stream-0 · RX1,cap-20260823T143000-74f7ae0e8079,60,1.0971889283450977
standard,-50.31519953832979,-51.02928997784354,-51.343781600993154,stream-1 · RX0,cap-20260823T143000-74f7ae0e8079,60,1.0285820626633608
standard,-35.822940301931844,-36.78406102797912,-36.98697868987963,stream-0 · RX0,cap-20260823T143000-74f7ae0e8079,60,1.1640383879477838
standard,-72.34633884226285,-73.94689831099933,-74.14235135189082,stream-0 · RX0,cap-20260823T143300-1cad4e6bcd63,60,1.796012509627971
standard,-75.43965148491425,-76.04278644861833,-76.4518376766283,stream-0 · RX1,cap-20260823T143300-1cad4e6bcd63,60,1.0121861917140507
standard,-51.20488353593437,-52.64072988981123,-52.91779568507957,stream-1 · RX1,cap-20260823T143300-1cad4e6bcd63,60,1.7129121491451968
standard,-51.72766346275078,-52.36717188742216,-52.75497610884926,stream-1 · RX0,cap-20260823T143300-1cad4e6bcd63,60,1.0273126460984798
standard,-35.842809714437614,-36.44681254097758,-36.75439933134773,stream-0 · RX1,cap-20260823T143600-d224768d8147,60,0.9115896169101134
standard,-36.61879290064306,-36.83331254995987,-37.125863795407625,stream-1 · RX1,cap-20260823T143600-d224768d8147,60,0.507070894764567
standard,-35.79536491565583,-36.50321491365626,-37.405573811993385,stream-0 · RX0,cap-20260823T143600-d224768d8147,60,1.6102088963375536
standard,-36.10808352693851,-36.26407622777211,-36.396009647793946,stream-1 · RX0,cap-20260823T143600-d224768d8147,60,0.28792612085543823
standard,-35.86892092377969,-36.63910015070412,-36.979007296346445,stream-0 · RX1,cap-20260823T143900-d6099c9727ca,60,1.1100863725667551
standard,-36.12830749636733,-36.49095813063036,-37.41727001601754,stream-1 · RX0,cap-20260823T143900-d6099c9727ca,60,1.2889625196502124
standard,-36.16395103826178,-36.68232490100548,-37.10575610796505,stream-1 · RX1,cap-20260823T143900-d6099c9727ca,60,0.9418050697032712
standard,-35.86265596168428,-36.41142961281035,-36.90241535285891,stream-0 · RX0,cap-20260823T143900-d6099c9727ca,60,1.039759391174627
standard,-73.96887908801634,-74.17476875078002,-74.60180931674132,stream-0 · RX1,cap-20260823T144200-34e2144863ce,60,0.6329302287249874
standard,-36.27028370345172,-36.4481530668386,-36.83671590436178,stream-1 · RX0,cap-20260823T144200-34e2144863ce,60,0.5664322009100644
standard,-72.77809845742253,-73.14221996497068,-73.5311094214691,stream-0 · RX0,cap-20260823T144200-34e2144863ce,60,0.7530109640465668
standard,-36.08030885362211,-36.41273188524438,-36.82591680255279,stream-1 · RX1,cap-20260823T144200-34e2144863ce,60,0.745607948930683
standard,-50.16433032280881,-50.68677071215345,-51.11162172289812,stream-1 · RX0,cap-20260823T144500-8ab6144d67ce,60,0.9472914000893127
standard,-51.52169207865636,-52.14258645739772,-52.79309721646035,stream-1 · RX1,cap-20260823T144500-8ab6144d67ce,60,1.2714051378039954
standard,-36.13865299865013,-36.36828618201994,-36.90387929665058,stream-0 · RX1,cap-20260823T144500-8ab6144d67ce,60,0.7652262980004494
standard,-35.77274487831551,-36.44636411158207,-36.96035912722813,stream-0 · RX0,cap-20260823T144500-8ab6144d67ce,60,1.1876142489126238
standard,-51.87645223021658,-52.15011424086511,-52.467057995823765,stream-1 · RX0,cap-20260823T144800-4d84f9f58732,60,0.5906057656071866
standard,-50.730650935552745,-51.12134821006836,-51.48264081972111,stream-1 · RX1,cap-20260823T144800-4d84f9f58732,60,0.751989884168367
standard,-35.850475937211726,-36.60397856171862,-36.91493862503802,stream-0 · RX1,cap-20260823T144800-4d84f9f58732,60,1.0644626878262926
standard,-36.07483094900601,-36.55403428271869,-37.05969304870977,stream-0 · RX0,cap-20260823T144800-4d84f9f58732,60,0.9848620997037614
standard,-35.83285964261668,-36.64163537798669,-37.392140376798494,stream-1 · RX0,cap-20260823T145100-9845f0b85950,60,1.5592807341818116
standard,-75.92139349689515,-76.25423975199163,-76.76793344746625,stream-0 · RX0,cap-20260823T145100-9845f0b85950,60,0.8465399505710991
standard,-35.94693552255228,-36.56164451557811,-37.03534442568899,stream-1 · RX1,cap-20260823T145100-9845f0b85950,60,1.0884089031367097
standard,-75.50713936737183,-76.21637151172038,-76.56572924301517,stream-0 · RX1,cap-20260823T145100-9845f0b85950,60,1.0585898756433352
standard,-70.83484857410306,-70.95863524762206,-71.00353003392397,stream-0 · RX1,cap-20260823T145400-e198c8bbd577,60,0.16868145982090255
standard,-36.218250481806734,-36.30287883574304,-36.35171114701025,stream-1 · RX0,cap-20260823T145400-e198c8bbd577,60,0.13346066520351485
standard,-35.799756488814715,-37.00612660321919,-37.04914449136566,stream-1 · RX1,cap-20260823T145400-e198c8bbd577,60,1.249388002550944
standard,-73.09707388057143,-73.35351932063381,-73.3872166912233,stream-0 · RX0,cap-20260823T145400-e198c8bbd577,60,0.2901428106518722
standard,-36.488455571772576,-37.11575795488244,-37.239947070204906,stream-1 · RX0,cap-20260823T145700-fca14cfe68e6,60,0.7514914984323298
standard,-35.724814424082616,-36.323473805438475,-36.91362662816906,stream-0 · RX0,cap-20260823T145700-fca14cfe68e6,60,1.188812204086446
standard,-36.31880145574017,-36.61792370546694,-36.866842585506575,stream-0 · RX1,cap-20260823T145700-fca14cfe68e6,60,0.5480411297664034
standard,-36.4695605827072,-36.92617519346693,-37.04838033336873,stream-1 · RX1,cap-20260823T145700-fca14cfe68e6,60,0.5788197506615305
standard,-35.80646151602169,-36.801878772699126,-36.87442457742792,stream-0 · RX1,cap-20260823T150000-081192b64713,60,1.0679630614062248
standard,-36.07516216275179,-36.458197852615555,-36.56149845166864,stream-1 · RX0,cap-20260823T150000-081192b64713,60,0.48633628891685277
standard,-36.46743511128081,-36.5637338214718,-36.64233951286295,stream-0 · RX0,cap-20260823T150000-081192b64713,60,0.1749044015821397
standard,-36.376524295958745,-36.75245023026302,-36.881046041742906,stream-1 · RX1,cap-20260823T150000-081192b64713,60,0.5045217457841602
research,-35.952028628759464,-36.68372566752021,-37.318029109067034,stream-0 · RX1,cap-20260823T093600-72ace7bf37ea,60,1.3660004803075694
research,-36.0918120948552,-36.92928160424449,-37.22591074220014,stream-0 · RX0,cap-20260823T093600-72ace7bf37ea,60,1.134098647344942
research,-36.46484585891896,-36.74482316487787,-36.928276615347535,stream-1 · RX1,cap-20260823T093600-72ace7bf37ea,60,0.463430756428572
research,-37.05331275017557,-37.32877075653575,-37.41718030240754,stream-1 · RX0,cap-20260823T093600-72ace7bf37ea,60,0.3638675522319659
research,-52.2957475658637,-52.76427518342149,-53.012865541662784,stream-1 · RX1,cap-20260823T100618-ebdd7c1ebdac,60,0.7171179757990842
research,-50.943802023772164,-51.17720396779005,-51.29103391028109,stream-1 · RX0,cap-20260823T100618-ebdd7c1ebdac,60,0.3472318865089221
research,-73.7626509741456,-74.12632504764787,-74.35773065702134,stream-0 · RX0,cap-20260823T100618-ebdd7c1ebdac,60,0.5950796828757348
research,-76.2627806546697,-76.48074514055145,-76.58134462395262,stream-0 · RX1,cap-20260823T100618-ebdd7c1ebdac,60,0.31856396928291986
research,-72.84970843162925,-73.59577624802489,-74.31413946360564,stream-0 · RX0,cap-20260823T105100-d8b8323460c7,60,1.464431031976389
research,-51.81411833310631,-52.301872591820185,-53.00286487274004,stream-1 · RX1,cap-20260823T105100-d8b8323460c7,60,1.1887465396337333
research,-76.21463457849636,-76.34233658337367,-76.5543600054579,stream-0 · RX1,cap-20260823T105100-d8b8323460c7,60,0.33972542696153596
research,-50.77477136289695,-50.988399348370095,-51.282652086220224,stream-1 · RX0,cap-20260823T105100-d8b8323460c7,60,0.5078807233232752
research,-35.697329660212766,-36.58201422627794,-37.18300641842475,stream-1 · RX1,cap-20260823T115405-ae0cea9fadb2,60,1.4856767582119872
research,-35.76050218748819,-36.4562526093515,-37.184415345043995,stream-1 · RX0,cap-20260823T115405-ae0cea9fadb2,60,1.423913157555802
research,-35.78582399862489,-36.592779168258836,-37.15009409966919,stream-0 · RX0,cap-20260823T115405-ae0cea9fadb2,60,1.3642701010442977
research,-35.738198106988094,-36.73788370882862,-37.12262737609662,stream-0 · RX1,cap-20260823T115405-ae0cea9fadb2,60,1.384429269108523
research,-35.77135239310712,-36.51366648552099,-37.006143357124145,stream-0 · RX1,cap-20260823T125400-975e98759977,60,1.234790964017023
research,-50.039117118239005,-50.93719840774061,-51.2748710224572,stream-1 · RX0,cap-20260823T125400-975e98759977,60,1.2357539042181926
research,-36.0449231279585,-36.23041612462936,-36.51461744182956,stream-0 · RX0,cap-20260823T125400-975e98759977,60,0.4696943138710594
research,-50.08018290853517,-50.91637923686382,-51.39961121307361,stream-1 · RX1,cap-20260823T125400-975e98759977,60,1.319428304538441
research,-70.81218899530663,-70.9675737997257,-71.01428942342649,stream-0 · RX1,cap-20260823T125700-7830b09846c7,60,0.20210042811986284
research,-73.46778254379798,-73.61433801323797,-73.65999169534494,stream-0 · RX0,cap-20260823T125700-7830b09846c7,60,0.19220915154696172
research,-51.28369322412284,-51.463673777072835,-51.51158971096865,stream-1 · RX1,cap-20260823T125700-7830b09846c7,60,0.22789648684580754
research,-51.20756043154543,-51.30324191579255,-51.33792082938534,stream-1 · RX0,cap-20260823T125700-7830b09846c7,60,0.13036039783990816
research,-36.24330095672431,-36.50963890471122,-36.68980369891427,stream-1 · RX0,cap-20260823T141200-d70ee72e89f1,60,0.44650274218995634
research,-36.034899547805594,-36.49633611447493,-36.720077833625034,stream-1 · RX1,cap-20260823T141200-d70ee72e89f1,60,0.6851782858194397
research,-36.12049198429422,-36.63682248451986,-36.877413593911356,stream-0 · RX1,cap-20260823T141200-d70ee72e89f1,60,0.7569216096171374
research,-35.96684645283642,-36.42940709246926,-36.999129034215315,stream-0 · RX0,cap-20260823T141200-d70ee72e89f1,60,1.0322825813788938
research,-35.88817848419477,-36.80966887699148,-37.08549812584501,stream-1 · RX1,cap-20260823T150300-92ac23cd745f,60,1.197319641650239
research,-70.45865799811354,-70.64491165798746,-70.87406408588458,stream-0 · RX1,cap-20260823T150300-92ac23cd745f,60,0.4154060877710464
research,-36.081333417395,-37.054784810262255,-37.26290456315573,stream-1 · RX0,cap-20260823T150300-92ac23cd745f,60,1.1815711457607279
research,-73.0910069649819,-73.39580674150126,-73.61406785240719,stream-0 · RX0,cap-20260823T150300-92ac23cd745f,60,0.523060887425288
