analysis_elapsed_seconds,analyzed_segments,bundle_bytes,burst_id,capture_elapsed_seconds,fallback_window_segments,position,preferred_window_segments,qualified_fraction,qualified_segments,scan_id,status,unavailable_segments
10.896458230999997,8,6454569,scan-burst-22e2ef76027c430c,1.9003009209991433,0,1,8,0.0,0,scan-burst-22e2ef76027c430c-01,insufficient_data,0
11.013418880000245,7,6284633,scan-burst-22e2ef76027c430c,1.8822340490005445,1,2,6,0.0,0,scan-burst-22e2ef76027c430c-02,insufficient_data,0
10.93472519799252,7,6342831,scan-burst-22e2ef76027c430c,1.8818689750041813,0,3,7,0.0,0,scan-burst-22e2ef76027c430c-03,insufficient_data,0
10.852719012007583,4,5868925,scan-burst-22e2ef76027c430c,1.8671809810039122,1,4,3,0.0,0,scan-burst-22e2ef76027c430c-04,insufficient_data,0
10.990480209002271,9,6330468,scan-burst-0680ad69e7424926,1.9333634380018339,1,1,8,0.2222222222222222,2,scan-burst-0680ad69e7424926-01,partial,0
10.51146484099445,8,6268190,scan-burst-0680ad69e7424926,1.9039516070042737,1,2,7,0.375,3,scan-burst-0680ad69e7424926-02,partial,0
10.409489445999498,6,6051593,scan-burst-0680ad69e7424926,1.9237673839961644,1,3,5,0.16666666666666666,1,scan-burst-0680ad69e7424926-03,partial,0
10.755596453993348,8,6540846,scan-burst-0680ad69e7424926,1.927506090985844,0,4,8,0.0,0,scan-burst-0680ad69e7424926-04,insufficient_data,0
10.65887242698227,5,5885411,scan-burst-22b6495e97a84da7,1.9035757230012678,0,1,5,0.8,4,scan-burst-22b6495e97a84da7-01,partial,0
10.39547406299971,5,5983671,scan-burst-22b6495e97a84da7,1.8850744450173806,0,2,5,0.4,2,scan-burst-22b6495e97a84da7-02,partial,0
10.444390071003,5,5844274,scan-burst-22b6495e97a84da7,1.84571978598251,0,3,5,1.0,5,scan-burst-22b6495e97a84da7-03,complete,0
10.19319863797864,4,5844877,scan-burst-22b6495e97a84da7,1.907109114981722,0,4,4,0.5,2,scan-burst-22b6495e97a84da7-04,partial,0
11.624823321995791,7,6047339,scan-burst-e9b1bbe0366441d7,1.8072028830065392,1,1,6,0.14285714285714285,1,scan-burst-e9b1bbe0366441d7-01,partial,0
10.667216692992952,7,6125781,scan-burst-e9b1bbe0366441d7,1.8213411100150552,1,2,6,0.0,0,scan-burst-e9b1bbe0366441d7-02,insufficient_data,0
11.430770353006665,8,6294532,scan-burst-e9b1bbe0366441d7,1.8233905070228502,0,3,8,0.0,0,scan-burst-e9b1bbe0366441d7-03,insufficient_data,0
10.840914383006748,9,6365219,scan-burst-e9b1bbe0366441d7,1.8330110250099096,1,4,8,0.0,0,scan-burst-e9b1bbe0366441d7-04,insufficient_data,0
10.62041442800546,10,6451957,scan-burst-5bafff40fa1545d9,1.8572788180026691,0,1,10,0.1,1,scan-burst-5bafff40fa1545d9-01,partial,0
10.90655709002749,10,6403663,scan-burst-5bafff40fa1545d9,1.8965491300041322,0,2,10,0.1,1,scan-burst-5bafff40fa1545d9-02,partial,0
10.784029511007247,10,6341831,scan-burst-5bafff40fa1545d9,1.8528485629940405,0,3,10,0.0,0,scan-burst-5bafff40fa1545d9-03,insufficient_data,0
10.867289457004517,10,6368478,scan-burst-5bafff40fa1545d9,1.8933752220182214,0,4,10,0.3,3,scan-burst-5bafff40fa1545d9-04,partial,0
10.643721312982962,8,6178782,scan-burst-a2b6e392f9ab4cd4,1.8652541339979507,2,1,6,0.125,1,scan-burst-a2b6e392f9ab4cd4-01,partial,0
11.606460499024251,12,6541997,scan-burst-a2b6e392f9ab4cd4,1.8686417049902957,1,2,11,0.16666666666666666,2,scan-burst-a2b6e392f9ab4cd4-02,partial,0
10.671850804996211,10,6326272,scan-burst-a2b6e392f9ab4cd4,1.862731318018632,0,3,10,0.0,0,scan-burst-a2b6e392f9ab4cd4-03,insufficient_data,0
10.725639114010846,12,6370779,scan-burst-a2b6e392f9ab4cd4,1.872397467988776,1,4,11,0.08333333333333333,1,scan-burst-a2b6e392f9ab4cd4-04,partial,0
10.758483413985232,10,6430325,scan-burst-b9ccefd6a59c441f,1.9270143269968685,0,1,10,0.1,1,scan-burst-b9ccefd6a59c441f-01,partial,0
10.832609515986405,9,6214995,scan-burst-b9ccefd6a59c441f,1.8907947349944152,1,2,8,0.1111111111111111,1,scan-burst-b9ccefd6a59c441f-02,partial,0
10.498371162975673,7,6144681,scan-burst-b9ccefd6a59c441f,1.8975526760041248,0,3,7,0.2857142857142857,2,scan-burst-b9ccefd6a59c441f-03,partial,0
10.6223466359952,6,6037444,scan-burst-b9ccefd6a59c441f,1.9460061700083315,1,4,5,0.16666666666666666,1,scan-burst-b9ccefd6a59c441f-04,partial,0
10.731063682003878,7,5873446,scan-burst-889593e193ea44d6,1.8533247539889999,1,1,6,0.14285714285714285,1,scan-burst-889593e193ea44d6-01,partial,0
10.840522401005728,8,5947992,scan-burst-889593e193ea44d6,1.883368723996682,1,2,7,0.25,2,scan-burst-889593e193ea44d6-02,partial,0
10.543298139993567,5,5979330,scan-burst-889593e193ea44d6,1.8775220719981007,0,3,5,0.0,0,scan-burst-889593e193ea44d6-03,insufficient_data,0
10.223461879009847,4,5867076,scan-burst-889593e193ea44d6,1.9224235159927048,0,4,4,0.0,0,scan-burst-889593e193ea44d6-04,insufficient_data,0
10.751961158006452,7,6202662,scan-burst-d6d38ffaf56e43e6,1.8439417210174724,1,1,6,0.0,0,scan-burst-d6d38ffaf56e43e6-01,insufficient_data,0
10.756102101993747,6,6085203,scan-burst-d6d38ffaf56e43e6,1.85000880699954,0,2,6,0.0,0,scan-burst-d6d38ffaf56e43e6-02,insufficient_data,0
10.991612164012622,7,6337519,scan-burst-d6d38ffaf56e43e6,1.8704345070000272,0,3,7,0.0,0,scan-burst-d6d38ffaf56e43e6-03,insufficient_data,0
10.614250557002379,5,6005968,scan-burst-d6d38ffaf56e43e6,1.8752154870016966,1,4,4,0.0,0,scan-burst-d6d38ffaf56e43e6-04,insufficient_data,0
11.468051517993445,13,6858651,scan-burst-1227231d081a4060,2.108978144999128,0,1,13,0.23076923076923078,3,scan-burst-1227231d081a4060-01,partial,0
11.524087783996947,13,6902707,scan-burst-1227231d081a4060,1.8866642259818036,0,2,13,0.07692307692307693,1,scan-burst-1227231d081a4060-02,partial,0
11.0857057730027,12,6764831,scan-burst-1227231d081a4060,1.917070841009263,0,3,12,0.0,0,scan-burst-1227231d081a4060-03,insufficient_data,0
11.216959317971487,12,6759215,scan-burst-1227231d081a4060,1.8813066569855437,0,4,12,0.08333333333333333,1,scan-burst-1227231d081a4060-04,partial,0
11.30866081500426,8,6323110,scan-burst-fee91179e481445a,1.824256226012949,0,1,8,0.125,1,scan-burst-fee91179e481445a-01,partial,0
11.56994033700903,9,6397259,scan-burst-fee91179e481445a,1.8562975339882541,0,2,9,0.2222222222222222,2,scan-burst-fee91179e481445a-02,partial,0
11.456155494000996,10,6575107,scan-burst-fee91179e481445a,1.873309151007561,0,3,10,0.0,0,scan-burst-fee91179e481445a-03,insufficient_data,0
11.40527108698734,9,6382243,scan-burst-fee91179e481445a,1.9290247690223623,0,4,9,0.0,0,scan-burst-fee91179e481445a-04,insufficient_data,0
12.245325827010674,5,5980160,scan-burst-57910b570a0f4680,1.862600302993087,0,1,5,0.0,0,scan-burst-57910b570a0f4680-01,insufficient_data,0
11.864821221010061,4,5861538,scan-burst-57910b570a0f4680,1.8959973030141555,0,2,4,0.0,0,scan-burst-57910b570a0f4680-02,insufficient_data,0
13.368611679004971,6,5980896,scan-burst-57910b570a0f4680,1.890059436991578,0,3,6,0.0,0,scan-burst-57910b570a0f4680-03,insufficient_data,0
12.266681965993484,5,5944612,scan-burst-57910b570a0f4680,1.8906822860008106,0,4,5,0.4,2,scan-burst-57910b570a0f4680-04,partial,0
10.447243881004397,4,5736501,scan-burst-0da7f16aa303404d,1.8561973980104085,0,1,4,0.75,3,scan-burst-0da7f16aa303404d-01,partial,0
10.619925458013313,4,5712663,scan-burst-0da7f16aa303404d,1.9363753469951916,0,2,4,1.0,4,scan-burst-0da7f16aa303404d-02,complete,0
10.493989236972993,4,5735824,scan-burst-0da7f16aa303404d,1.9423693350108806,0,3,4,0.5,2,scan-burst-0da7f16aa303404d-03,partial,0
10.803346169006545,4,5795466,scan-burst-0da7f16aa303404d,1.9038573360012379,0,4,4,0.5,2,scan-burst-0da7f16aa303404d-04,partial,0
10.917413507006131,0,5312674,scan-burst-d14399fdfd484e87,1.8636657139868475,0,1,0,,0,scan-burst-d14399fdfd484e87-01,no_result,0
10.555139288015198,3,5799840,scan-burst-d14399fdfd484e87,1.909418410010403,0,2,3,0.0,0,scan-burst-d14399fdfd484e87-02,insufficient_data,0
10.814337688003434,3,5773661,scan-burst-d14399fdfd484e87,1.8784501810150687,1,3,2,0.0,0,scan-burst-d14399fdfd484e87-03,insufficient_data,0
10.547274465003284,2,5684152,scan-burst-d14399fdfd484e87,1.860095531999832,0,4,2,0.0,0,scan-burst-d14399fdfd484e87-04,insufficient_data,0
10.965344980999362,9,6252486,scan-burst-68594eea578f4bfc,1.880610816006083,0,1,9,0.4444444444444444,4,scan-burst-68594eea578f4bfc-01,partial,0
10.916929784987587,8,6138730,scan-burst-68594eea578f4bfc,1.8773578300024383,0,2,8,0.5,4,scan-burst-68594eea578f4bfc-02,partial,0
10.678963993006619,7,6081573,scan-burst-68594eea578f4bfc,1.9111297889903653,0,3,7,0.7142857142857143,5,scan-burst-68594eea578f4bfc-03,partial,0
11.034104416001355,8,6209732,scan-burst-68594eea578f4bfc,1.8617512100026943,0,4,8,0.625,5,scan-burst-68594eea578f4bfc-04,partial,0
10.677985827001976,5,5777940,scan-burst-86d249770cfb4a29,2.0523405389976688,0,1,5,0.8,4,scan-burst-86d249770cfb4a29-01,partial,0
10.550537725997856,4,5757814,scan-burst-86d249770cfb4a29,1.913645752996672,0,2,4,1.0,4,scan-burst-86d249770cfb4a29-02,complete,0
10.795665810001083,5,5828119,scan-burst-86d249770cfb4a29,1.8856866389978677,1,3,4,1.0,5,scan-burst-86d249770cfb4a29-03,complete,0
10.671707030996913,6,5958006,scan-burst-86d249770cfb4a29,1.8511567859968636,0,4,6,0.6666666666666666,4,scan-burst-86d249770cfb4a29-04,partial,0
10.829064406018006,9,6220483,scan-burst-f92b37e07159438d,1.8405709719809238,0,1,9,0.1111111111111111,1,scan-burst-f92b37e07159438d-01,partial,0
10.4679778360005,8,6394264,scan-burst-f92b37e07159438d,1.8309458869916853,0,2,8,0.125,1,scan-burst-f92b37e07159438d-02,partial,0
10.313136082026176,6,6185791,scan-burst-f92b37e07159438d,1.8436870079895016,0,3,6,0.0,0,scan-burst-f92b37e07159438d-03,insufficient_data,1
10.426147291989764,10,6516298,scan-burst-f92b37e07159438d,1.888471888989443,1,4,9,0.2,2,scan-burst-f92b37e07159438d-04,partial,0
10.9803087360051,8,6188909,scan-burst-618a9b1b602d4492,1.910424439003691,0,1,8,0.5,4,scan-burst-618a9b1b602d4492-01,partial,0
11.66689777301508,8,6091492,scan-burst-618a9b1b602d4492,1.9285775940224994,0,2,8,0.5,4,scan-burst-618a9b1b602d4492-02,partial,0
10.831206521979766,8,6064243,scan-burst-618a9b1b602d4492,1.9360571849974804,0,3,8,0.5,4,scan-burst-618a9b1b602d4492-03,partial,0
10.735630457988009,8,6138493,scan-burst-618a9b1b602d4492,1.8909374630020466,0,4,8,0.125,1,scan-burst-618a9b1b602d4492-04,partial,0
11.687166488991352,10,6580019,scan-burst-fea56696109740a8,1.8638036820048,0,1,10,0.2,2,scan-burst-fea56696109740a8-01,partial,0
14.413105966988951,9,6429333,scan-burst-fea56696109740a8,1.8439727039949503,0,2,9,0.2222222222222222,2,scan-burst-fea56696109740a8-02,partial,0
14.249635307991412,10,6489815,scan-burst-fea56696109740a8,1.8425140290055424,0,3,10,0.2,2,scan-burst-fea56696109740a8-03,partial,0
14.544742119993316,10,6442433,scan-burst-fea56696109740a8,1.851890246005496,0,4,10,0.1,1,scan-burst-fea56696109740a8-04,partial,0
11.055940493009984,11,6514223,scan-burst-fe623e1834a84d01,1.8838484180159867,0,1,11,0.09090909090909091,1,scan-burst-fe623e1834a84d01-01,partial,0
11.280240185995353,12,6824559,scan-burst-fe623e1834a84d01,1.8362564039998688,0,2,12,0.0,0,scan-burst-fe623e1834a84d01-02,insufficient_data,0
10.992190980992746,8,6226123,scan-burst-fe623e1834a84d01,1.8290052409865893,0,3,8,0.125,1,scan-burst-fe623e1834a84d01-03,partial,0
11.058436531020561,6,6060260,scan-burst-fe623e1834a84d01,1.8580745810177177,1,4,5,0.3333333333333333,2,scan-burst-fe623e1834a84d01-04,partial,0
11.674344392988132,8,6465529,scan-burst-e0613b9ea4bd42df,1.8612703520047944,0,1,8,0.125,1,scan-burst-e0613b9ea4bd42df-01,partial,0
13.710022365004988,9,6394739,scan-burst-e0613b9ea4bd42df,1.896997867996106,1,2,8,0.0,0,scan-burst-e0613b9ea4bd42df-02,insufficient_data,0
16.63718808197882,9,6508508,scan-burst-e0613b9ea4bd42df,1.8957881839887705,2,3,7,0.1111111111111111,1,scan-burst-e0613b9ea4bd42df-03,partial,0
12.799514632992214,8,6250325,scan-burst-e0613b9ea4bd42df,1.9003457340004388,0,4,8,0.0,0,scan-burst-e0613b9ea4bd42df-04,insufficient_data,0
10.415781613992294,5,5846024,scan-burst-531f6ddad9014d1c,1.8159754869993776,1,1,4,0.4,2,scan-burst-531f6ddad9014d1c-01,partial,0
10.306777439021971,4,5711962,scan-burst-531f6ddad9014d1c,1.9202174079837278,1,2,3,0.5,2,scan-burst-531f6ddad9014d1c-02,partial,1
10.341644571017241,6,6103845,scan-burst-531f6ddad9014d1c,1.871233037993079,0,3,6,0.5,3,scan-burst-531f6ddad9014d1c-03,partial,0
10.233206249016803,4,5806529,scan-burst-531f6ddad9014d1c,1.8847954079974443,0,4,4,0.75,3,scan-burst-531f6ddad9014d1c-04,partial,0
10.182906478992663,1,5418935,scan-burst-9d1f6e74c129419f,1.9138862999971025,0,1,1,0.0,0,scan-burst-9d1f6e74c129419f-01,insufficient_data,0
10.467534577008337,3,5579404,scan-burst-9d1f6e74c129419f,1.9373643549915869,1,2,2,0.0,0,scan-burst-9d1f6e74c129419f-02,insufficient_data,0
10.296298967004986,1,5537331,scan-burst-9d1f6e74c129419f,1.8952505759953056,0,3,1,0.0,0,scan-burst-9d1f6e74c129419f-03,insufficient_data,0
10.35822371399263,2,5586191,scan-burst-9d1f6e74c129419f,1.9095548950135708,0,4,2,0.5,1,scan-burst-9d1f6e74c129419f-04,partial,0
11.01330923801288,9,6471916,scan-burst-f965d80dbe67470f,1.9273305020178668,0,1,9,0.3333333333333333,3,scan-burst-f965d80dbe67470f-01,partial,0
11.126572228007717,10,6528830,scan-burst-f965d80dbe67470f,1.9259513180004433,0,2,10,0.4,4,scan-burst-f965d80dbe67470f-02,partial,0
10.70847031500307,10,6603097,scan-burst-f965d80dbe67470f,1.897672231978504,0,3,10,0.1,1,scan-burst-f965d80dbe67470f-03,partial,0
11.13225837200298,10,6542127,scan-burst-f965d80dbe67470f,1.9150545009761117,0,4,10,0.1,1,scan-burst-f965d80dbe67470f-04,partial,0
10.883117716002744,4,5942959,scan-burst-c1d6254e57ac4979,1.909109325002646,0,1,4,0.0,0,scan-burst-c1d6254e57ac4979-01,insufficient_data,0
11.039479810016928,4,5980548,scan-burst-c1d6254e57ac4979,1.872622793976916,0,2,4,0.0,0,scan-burst-c1d6254e57ac4979-02,insufficient_data,0
10.682680888014147,4,5943906,scan-burst-c1d6254e57ac4979,1.8507951369974762,0,3,4,0.0,0,scan-burst-c1d6254e57ac4979-03,insufficient_data,0
10.508664621011121,4,5937749,scan-burst-c1d6254e57ac4979,1.8944391410041135,0,4,4,0.0,0,scan-burst-c1d6254e57ac4979-04,insufficient_data,0
10.991743674996542,8,6267713,scan-burst-58c6b079bfea47be,1.8281575379951391,1,1,7,0.25,2,scan-burst-58c6b079bfea47be-01,partial,0
10.830137860000832,7,6139057,scan-burst-58c6b079bfea47be,1.8769824570044875,0,2,7,0.14285714285714285,1,scan-burst-58c6b079bfea47be-02,partial,0
10.9511647450272,10,6420004,scan-burst-58c6b079bfea47be,1.8912799439858645,0,3,10,0.2,2,scan-burst-58c6b079bfea47be-03,partial,0
10.858407119987532,9,6260351,scan-burst-58c6b079bfea47be,1.8946387220057659,0,4,9,0.2222222222222222,2,scan-burst-58c6b079bfea47be-04,partial,0
11.266699134983355,4,5805401,scan-burst-97a27c082fe64f4a,1.8219498319958802,0,1,4,0.0,0,scan-burst-97a27c082fe64f4a-01,insufficient_data,0
10.737385824002558,4,5949129,scan-burst-97a27c082fe64f4a,1.8170583079918288,0,2,4,0.0,0,scan-burst-97a27c082fe64f4a-02,insufficient_data,0
10.558766658999957,4,5968846,scan-burst-97a27c082fe64f4a,1.9016972469980828,0,3,4,0.0,0,scan-burst-97a27c082fe64f4a-03,insufficient_data,0
10.37431001701043,4,5949418,scan-burst-97a27c082fe64f4a,1.863123782997718,0,4,4,0.0,0,scan-burst-97a27c082fe64f4a-04,insufficient_data,0
10.44674256700091,5,5675635,scan-burst-042cdfaad08d4037,1.9054440050094854,0,1,5,0.4,2,scan-burst-042cdfaad08d4037-01,partial,0
10.510957169986796,5,5865823,scan-burst-042cdfaad08d4037,1.889375423983438,0,2,5,0.6,3,scan-burst-042cdfaad08d4037-02,partial,0
10.525318713014713,5,5690273,scan-burst-042cdfaad08d4037,1.9044913949910551,0,3,5,0.8,4,scan-burst-042cdfaad08d4037-03,partial,0
10.751027135003824,5,5747712,scan-burst-042cdfaad08d4037,1.894741474010516,1,4,4,1.0,5,scan-burst-042cdfaad08d4037-04,complete,0
10.88548881400493,6,6140995,scan-burst-edf682443764427d,1.8499822090088855,1,1,5,0.0,0,scan-burst-edf682443764427d-01,insufficient_data,0
10.69011065698578,4,5885947,scan-burst-edf682443764427d,1.9155770249781199,0,2,4,0.0,0,scan-burst-edf682443764427d-02,insufficient_data,0
10.328007524978602,4,5890931,scan-burst-edf682443764427d,1.848939537012484,0,3,4,0.0,0,scan-burst-edf682443764427d-03,insufficient_data,0
10.41563230799511,4,5945609,scan-burst-edf682443764427d,1.909291543008294,0,4,4,0.0,0,scan-burst-edf682443764427d-04,insufficient_data,0
11.137102081993362,10,6555046,scan-burst-85911e6c1bac4a71,2.032411019987194,0,1,10,0.2,2,scan-burst-85911e6c1bac4a71-01,partial,0
11.070590749994153,12,6762687,scan-burst-85911e6c1bac4a71,1.9676448079990223,0,2,12,0.16666666666666666,2,scan-burst-85911e6c1bac4a71-02,partial,0
10.837833030993352,11,6554359,scan-burst-85911e6c1bac4a71,1.8716937950230204,1,3,10,0.18181818181818182,2,scan-burst-85911e6c1bac4a71-03,partial,0
10.748231155012036,11,6559889,scan-burst-85911e6c1bac4a71,1.8853623080067337,0,4,11,0.0,0,scan-burst-85911e6c1bac4a71-04,insufficient_data,0
11.038341027975548,6,6073590,scan-burst-606b7ab0f7684002,1.8925019080052152,2,1,4,0.5,3,scan-burst-606b7ab0f7684002-01,partial,0
10.905786955991061,10,6686873,scan-burst-606b7ab0f7684002,1.9028533450036775,0,2,10,0.0,0,scan-burst-606b7ab0f7684002-02,insufficient_data,0
10.704828510992229,8,6325797,scan-burst-606b7ab0f7684002,1.9155994089960586,1,3,7,0.125,1,scan-burst-606b7ab0f7684002-03,partial,0
10.979721928975778,9,6399395,scan-burst-606b7ab0f7684002,1.8943111459957436,0,4,9,0.1111111111111111,1,scan-burst-606b7ab0f7684002-04,partial,0
11.79034440999385,7,6314061,scan-burst-62e414cde4024a18,1.9349352350109257,0,1,7,0.0,0,scan-burst-62e414cde4024a18-01,insufficient_data,0
14.860358863021247,9,6377408,scan-burst-62e414cde4024a18,1.8651284179941285,1,2,8,0.1111111111111111,1,scan-burst-62e414cde4024a18-02,partial,0
15.663010631978977,7,6156741,scan-burst-62e414cde4024a18,1.8700437040242832,0,3,7,0.42857142857142855,3,scan-burst-62e414cde4024a18-03,partial,0
13.35637847398175,7,6169775,scan-burst-62e414cde4024a18,1.8937058949959464,0,4,7,0.42857142857142855,3,scan-burst-62e414cde4024a18-04,partial,0
10.63297346100444,5,5773251,scan-burst-1790f02d013b4e56,1.8928552900033537,0,1,5,0.4,2,scan-burst-1790f02d013b4e56-01,partial,0
10.909477517008781,6,5911453,scan-burst-1790f02d013b4e56,1.863102427974809,1,2,5,0.8333333333333334,5,scan-burst-1790f02d013b4e56-02,partial,0
10.697493983985623,4,5772559,scan-burst-1790f02d013b4e56,1.8643446619971655,0,3,4,0.5,2,scan-burst-1790f02d013b4e56-03,partial,0
10.97664999900735,4,5818156,scan-burst-1790f02d013b4e56,1.868701981002232,0,4,4,0.25,1,scan-burst-1790f02d013b4e56-04,partial,0
11.895579418021953,10,6126540,scan-burst-1d7f35e8242a4b12,1.9288654589909129,1,1,9,0.4,4,scan-burst-1d7f35e8242a4b12-01,partial,0
14.519248358003097,11,6250544,scan-burst-1d7f35e8242a4b12,1.9277414520038292,0,2,11,0.36363636363636365,4,scan-burst-1d7f35e8242a4b12-02,partial,0
13.702459582011215,10,6245800,scan-burst-1d7f35e8242a4b12,1.9671882469847333,0,3,10,0.4,4,scan-burst-1d7f35e8242a4b12-03,partial,0
11.813196173985489,11,6351368,scan-burst-1d7f35e8242a4b12,1.901310060027754,0,4,11,0.36363636363636365,4,scan-burst-1d7f35e8242a4b12-04,partial,0
10.756850792997284,8,6348029,scan-burst-d61062da31e543b0,1.8306432259851135,2,1,6,0.125,1,scan-burst-d61062da31e543b0-01,partial,0
10.274810636008624,7,6177404,scan-burst-d61062da31e543b0,1.909903730993392,1,2,6,0.0,0,scan-burst-d61062da31e543b0-02,insufficient_data,0
10.429023450997192,6,5977396,scan-burst-d61062da31e543b0,1.9515633579867426,0,3,6,0.0,0,scan-burst-d61062da31e543b0-03,insufficient_data,0
10.440758818003815,4,5921612,scan-burst-d61062da31e543b0,1.9629776990041137,0,4,4,0.0,0,scan-burst-d61062da31e543b0-04,insufficient_data,0
10.336820744007127,6,5935860,scan-burst-80213988a64f4798,1.8362612320051994,1,1,5,0.16666666666666666,1,scan-burst-80213988a64f4798-01,partial,0
10.507907406979939,5,5838642,scan-burst-80213988a64f4798,1.9010907560004853,0,2,5,0.2,1,scan-burst-80213988a64f4798-02,partial,0
10.306799193989718,6,5933891,scan-burst-80213988a64f4798,1.8666289169923402,0,3,6,0.3333333333333333,2,scan-burst-80213988a64f4798-03,partial,0
10.722224263998214,7,6086521,scan-burst-80213988a64f4798,1.8960100050026085,0,4,7,0.2857142857142857,2,scan-burst-80213988a64f4798-04,partial,0
10.541841900005238,9,6430147,scan-burst-f83b1f6916f247b8,1.862858452979708,1,1,8,0.1111111111111111,1,scan-burst-f83b1f6916f247b8-01,partial,0
11.004933939984767,12,6451761,scan-burst-f83b1f6916f247b8,1.8739037879859097,1,2,11,0.16666666666666666,2,scan-burst-f83b1f6916f247b8-02,partial,0
10.934644530003425,9,6529913,scan-burst-f83b1f6916f247b8,1.8241825150034856,0,3,9,0.1111111111111111,1,scan-burst-f83b1f6916f247b8-03,partial,0
10.740221051994013,9,6563261,scan-burst-f83b1f6916f247b8,1.8642680469783954,0,4,9,0.0,0,scan-burst-f83b1f6916f247b8-04,insufficient_data,0
10.559496297995793,4,5769675,scan-burst-8f2d6a19140b4c2f,1.8952680889924522,0,1,4,0.0,0,scan-burst-8f2d6a19140b4c2f-01,insufficient_data,0
10.606949487002566,4,5759708,scan-burst-8f2d6a19140b4c2f,1.9404343070054892,0,2,4,0.0,0,scan-burst-8f2d6a19140b4c2f-02,insufficient_data,0
10.786485930992058,4,5740828,scan-burst-8f2d6a19140b4c2f,1.8780604650091846,0,3,4,0.0,0,scan-burst-8f2d6a19140b4c2f-03,insufficient_data,0
10.538521851995029,4,5701771,scan-burst-8f2d6a19140b4c2f,1.9063824370095972,0,4,4,0.0,0,scan-burst-8f2d6a19140b4c2f-04,insufficient_data,0
10.882102458999725,2,5633663,scan-burst-0db8b25760c1447a,1.918833370989887,0,1,2,0.0,0,scan-burst-0db8b25760c1447a-01,insufficient_data,0
10.767805602023145,2,5643372,scan-burst-0db8b25760c1447a,1.9062814569915645,0,2,2,0.0,0,scan-burst-0db8b25760c1447a-02,insufficient_data,0
10.634578244003933,2,5633882,scan-burst-0db8b25760c1447a,1.8871801370114554,0,3,2,0.0,0,scan-burst-0db8b25760c1447a-03,insufficient_data,0
10.354633648996241,2,5638776,scan-burst-0db8b25760c1447a,1.8818217680091038,0,4,2,0.0,0,scan-burst-0db8b25760c1447a-04,insufficient_data,0
11.163572257995838,9,6163550,scan-burst-b35103a007174843,1.947541255998658,0,1,9,0.4444444444444444,4,scan-burst-b35103a007174843-01,partial,0
11.617223193024984,10,6467731,scan-burst-b35103a007174843,1.877045717992587,0,2,10,0.4,4,scan-burst-b35103a007174843-02,partial,0
11.168538667989196,9,6335780,scan-burst-b35103a007174843,1.8786447980091907,1,3,8,0.2222222222222222,2,scan-burst-b35103a007174843-03,partial,0
11.339596564008389,9,6506546,scan-burst-b35103a007174843,2.1003321550088003,0,4,9,0.4444444444444444,4,scan-burst-b35103a007174843-04,partial,0
10.887626225012355,9,6253294,scan-burst-ee66068b4388458f,1.946385179006029,0,1,9,0.2222222222222222,2,scan-burst-ee66068b4388458f-01,partial,0
10.938611562014557,8,6299275,scan-burst-ee66068b4388458f,1.8693696999980602,0,2,8,0.375,3,scan-burst-ee66068b4388458f-02,partial,1
10.876529243018012,8,6204394,scan-burst-ee66068b4388458f,1.878477080987068,0,3,8,0.625,5,scan-burst-ee66068b4388458f-03,partial,0
11.124422859022161,8,6209765,scan-burst-ee66068b4388458f,2.096967905003112,0,4,8,0.75,6,scan-burst-ee66068b4388458f-04,partial,0
11.720308393996675,7,6047146,scan-burst-2079d2abd2f045bd,1.9056093939871062,2,1,5,0.5714285714285714,4,scan-burst-2079d2abd2f045bd-01,partial,0
15.442228255007649,7,6117042,scan-burst-2079d2abd2f045bd,1.8908764859952498,0,2,7,0.14285714285714285,1,scan-burst-2079d2abd2f045bd-02,partial,0
16.58529937901767,9,6266022,scan-burst-2079d2abd2f045bd,1.8828243699972518,1,3,8,0.2222222222222222,2,scan-burst-2079d2abd2f045bd-03,partial,0
11.539148894982645,8,6070783,scan-burst-2079d2abd2f045bd,1.9090686080162413,0,4,8,0.375,3,scan-burst-2079d2abd2f045bd-04,partial,0
10.681486126006348,5,5990008,scan-burst-af0ba497083a4244,1.9277568699908443,0,1,5,0.0,0,scan-burst-af0ba497083a4244-01,insufficient_data,0
10.894621354993433,4,5794103,scan-burst-af0ba497083a4244,1.9108634650183376,0,2,4,0.25,1,scan-burst-af0ba497083a4244-02,partial,0
10.625505975011038,4,5768372,scan-burst-af0ba497083a4244,1.8867959449999034,0,3,4,0.25,1,scan-burst-af0ba497083a4244-03,partial,0
10.5225323199993,4,5778283,scan-burst-af0ba497083a4244,1.9037997320119757,0,4,4,0.5,2,scan-burst-af0ba497083a4244-04,partial,0
11.558936306013493,3,5774906,scan-burst-fc2c159bf81a4c1a,1.9306159239786211,0,1,3,0.0,0,scan-burst-fc2c159bf81a4c1a-01,insufficient_data,0
11.80618123797467,4,5833003,scan-burst-fc2c159bf81a4c1a,1.9198266699968372,1,2,3,0.0,0,scan-burst-fc2c159bf81a4c1a-02,insufficient_data,0
16.03607133499463,2,5637225,scan-burst-fc2c159bf81a4c1a,1.8900531039980706,0,3,2,0.0,0,scan-burst-fc2c159bf81a4c1a-03,insufficient_data,0
16.288945645996137,4,5915974,scan-burst-fc2c159bf81a4c1a,1.893567130988231,0,4,4,0.0,0,scan-burst-fc2c159bf81a4c1a-04,insufficient_data,0
10.09650827400037,0,5347472,scan-burst-a1abe75812f64381,1.925926249998156,0,1,0,,0,scan-burst-a1abe75812f64381-01,no_result,0
10.38733356600278,0,5349701,scan-burst-a1abe75812f64381,1.8907641349942423,0,2,0,,0,scan-burst-a1abe75812f64381-02,no_result,0
10.053214510000544,0,5301593,scan-burst-a1abe75812f64381,1.8827963250223547,0,3,0,,0,scan-burst-a1abe75812f64381-03,no_result,0
9.968129792017862,0,5294698,scan-burst-a1abe75812f64381,1.891473944997415,0,4,0,,0,scan-burst-a1abe75812f64381-04,no_result,0
11.248128247010754,12,6504224,scan-burst-dccec94728e94281,1.9040902989800088,1,1,11,0.3333333333333333,4,scan-burst-dccec94728e94281-01,partial,0
11.525177186005749,12,6649494,scan-burst-dccec94728e94281,1.9302260550030041,0,2,12,0.3333333333333333,4,scan-burst-dccec94728e94281-02,partial,0
10.986270596011309,12,6642360,scan-burst-dccec94728e94281,1.9119743320043199,0,3,12,0.08333333333333333,1,scan-burst-dccec94728e94281-03,partial,0
11.470641174993943,9,6301259,scan-burst-dccec94728e94281,1.9234127200033981,0,4,9,0.3333333333333333,3,scan-burst-dccec94728e94281-04,partial,0
11.23668759301654,16,6742532,scan-burst-0399c5c135134a53,1.9436757910007145,0,1,16,0.6875,11,scan-burst-0399c5c135134a53-01,partial,0
11.250651516980724,16,6805766,scan-burst-0399c5c135134a53,1.9019516830157954,0,2,16,0.6875,11,scan-burst-0399c5c135134a53-02,partial,0
11.004294755985029,15,6714951,scan-burst-0399c5c135134a53,1.901354720001109,0,3,15,0.8,12,scan-burst-0399c5c135134a53-03,partial,0
11.12841923601809,16,6841440,scan-burst-0399c5c135134a53,1.8669573169900104,1,4,15,0.5625,9,scan-burst-0399c5c135134a53-04,partial,0
11.369693708984414,10,6440615,scan-burst-b12837136154477e,1.9173955339938402,0,1,10,0.0,0,scan-burst-b12837136154477e-01,insufficient_data,0
11.194757034012582,8,6204868,scan-burst-b12837136154477e,1.8830435670097359,0,2,8,0.0,0,scan-burst-b12837136154477e-02,insufficient_data,0
11.102304222004022,7,6081513,scan-burst-b12837136154477e,1.9312335250142496,0,3,7,0.14285714285714285,1,scan-burst-b12837136154477e-03,partial,0
11.00863785398542,7,6132474,scan-burst-b12837136154477e,1.8904912730213255,0,4,7,0.14285714285714285,1,scan-burst-b12837136154477e-04,partial,0
11.100148518977221,8,6385618,scan-burst-b9d3dc9f5fe94b04,1.8913045020017307,0,1,8,0.25,2,scan-burst-b9d3dc9f5fe94b04-01,partial,0
11.174134995002532,7,6173536,scan-burst-b9d3dc9f5fe94b04,1.8761212500103284,0,2,7,0.42857142857142855,3,scan-burst-b9d3dc9f5fe94b04-02,partial,0
11.153360195981804,8,6281753,scan-burst-b9d3dc9f5fe94b04,1.8775341660075355,0,3,8,0.125,1,scan-burst-b9d3dc9f5fe94b04-03,partial,0
11.110280954017071,7,6233534,scan-burst-b9d3dc9f5fe94b04,1.888766048999969,0,4,7,0.2857142857142857,2,scan-burst-b9d3dc9f5fe94b04-04,partial,0
10.379633764998289,2,5611576,scan-burst-4a0e965e7a1f4541,1.8033985060174018,0,1,2,0.0,0,scan-burst-4a0e965e7a1f4541-01,insufficient_data,0
10.608797895984026,2,5570928,scan-burst-4a0e965e7a1f4541,1.8277666810026858,0,2,2,0.0,0,scan-burst-4a0e965e7a1f4541-02,insufficient_data,0
10.211760053003673,0,5299774,scan-burst-4a0e965e7a1f4541,1.8688841719995253,0,3,0,,0,scan-burst-4a0e965e7a1f4541-03,no_result,0
10.359117676998721,1,5461123,scan-burst-4a0e965e7a1f4541,1.8811731860041618,0,4,1,0.0,0,scan-burst-4a0e965e7a1f4541-04,insufficient_data,0
11.356524691014783,2,5665265,scan-burst-24c0cdc53ad14486,1.9919863390095998,0,1,2,0.0,0,scan-burst-24c0cdc53ad14486-01,insufficient_data,0
11.637092085002223,3,5817466,scan-burst-24c0cdc53ad14486,1.899941290001152,0,2,3,0.0,0,scan-burst-24c0cdc53ad14486-02,insufficient_data,0
11.047148065001238,3,5757157,scan-burst-24c0cdc53ad14486,1.9382858790049795,1,3,2,0.0,0,scan-burst-24c0cdc53ad14486-03,insufficient_data,0
11.348513542005094,4,5786670,scan-burst-24c0cdc53ad14486,1.8959250249899924,2,4,2,0.0,0,scan-burst-24c0cdc53ad14486-04,insufficient_data,0
10.705192849010928,4,5821310,scan-burst-1441546795944900,1.879083843989065,0,1,4,0.5,2,scan-burst-1441546795944900-01,partial,0
10.754151692992309,6,5994759,scan-burst-1441546795944900,1.853916620981181,0,2,6,0.5,3,scan-burst-1441546795944900-02,partial,0
10.964545727998484,6,6101364,scan-burst-1441546795944900,1.9495472949929535,0,3,6,0.3333333333333333,2,scan-burst-1441546795944900-03,partial,0
10.998629118985264,4,5784912,scan-burst-1441546795944900,1.854800728004193,1,4,3,0.25,1,scan-burst-1441546795944900-04,partial,0
11.106284512003185,3,5622776,scan-burst-620be597c0834c14,1.8601470210123807,0,1,3,0.0,0,scan-burst-620be597c0834c14-01,insufficient_data,0
11.031317929009674,3,5649541,scan-burst-620be597c0834c14,1.8955776859947946,0,2,3,0.0,0,scan-burst-620be597c0834c14-02,insufficient_data,0
11.199567008006852,3,5524180,scan-burst-620be597c0834c14,1.9080000960093457,0,3,3,0.0,0,scan-burst-620be597c0834c14-03,insufficient_data,0
10.73671205798746,3,5516017,scan-burst-620be597c0834c14,1.9125879130151588,0,4,3,0.0,0,scan-burst-620be597c0834c14-04,insufficient_data,0
10.433465718990192,0,5418867,scan-burst-8ba56f9429074863,1.8106456529931165,0,1,0,,0,scan-burst-8ba56f9429074863-01,no_result,0
10.860748990002321,0,5418756,scan-burst-8ba56f9429074863,1.8321422720036935,0,2,0,,0,scan-burst-8ba56f9429074863-02,no_result,0
10.566103417018894,0,5423706,scan-burst-8ba56f9429074863,1.899039531010203,0,3,0,,0,scan-burst-8ba56f9429074863-03,no_result,0
10.463280588999623,0,5425912,scan-burst-8ba56f9429074863,1.8936552199884318,0,4,0,,0,scan-burst-8ba56f9429074863-04,no_result,0
11.029226851998828,9,6273837,scan-burst-8a5da74f941946e1,1.8984930750157218,0,1,9,0.1111111111111111,1,scan-burst-8a5da74f941946e1-01,partial,0
10.786435757006984,8,6200530,scan-burst-8a5da74f941946e1,1.865232512995135,1,2,7,0.125,1,scan-burst-8a5da74f941946e1-02,partial,0
10.606290208001155,10,6336771,scan-burst-8a5da74f941946e1,1.8697180740127806,1,3,9,0.2,2,scan-burst-8a5da74f941946e1-03,partial,0
10.691106757993111,9,6235446,scan-burst-8a5da74f941946e1,1.8789087980112527,0,4,9,0.2222222222222222,2,scan-burst-8a5da74f941946e1-04,partial,0
10.431213133007986,4,5675857,scan-burst-258ab309dc94499a,1.9238807859946974,0,1,4,0.0,0,scan-burst-258ab309dc94499a-01,insufficient_data,0
10.74094790298841,4,5755146,scan-burst-258ab309dc94499a,1.9691680640098639,0,2,4,0.0,0,scan-burst-258ab309dc94499a-02,insufficient_data,0
10.738237424986437,4,5977396,scan-burst-258ab309dc94499a,1.9082185389997903,0,3,4,0.0,0,scan-burst-258ab309dc94499a-03,insufficient_data,0
10.412782831001095,4,5719319,scan-burst-258ab309dc94499a,1.934693608985981,0,4,4,0.0,0,scan-burst-258ab309dc94499a-04,insufficient_data,0
10.976358036015881,11,6591407,scan-burst-fdaca520eb7245f0,1.9191772250051145,0,1,11,0.2727272727272727,3,scan-burst-fdaca520eb7245f0-01,partial,0
10.505568153981585,11,6611306,scan-burst-fdaca520eb7245f0,1.9360976550087798,0,2,11,0.0,0,scan-burst-fdaca520eb7245f0-02,insufficient_data,0
10.393322292977246,8,6344124,scan-burst-fdaca520eb7245f0,1.95899371401174,0,3,8,0.0,0,scan-burst-fdaca520eb7245f0-03,insufficient_data,0
10.755161182984011,13,6963098,scan-burst-fdaca520eb7245f0,1.8846659059927333,0,4,13,0.07692307692307693,1,scan-burst-fdaca520eb7245f0-04,partial,0
10.464415667986032,1,5566398,scan-burst-3989b855c8ec401c,1.8974699969985522,0,1,1,0.0,0,scan-burst-3989b855c8ec401c-01,insufficient_data,0
10.367429214005824,0,5337475,scan-burst-3989b855c8ec401c,1.9072783169976901,0,2,0,,0,scan-burst-3989b855c8ec401c-02,no_result,0
10.280551442003343,0,5324818,scan-burst-3989b855c8ec401c,1.8913848100055475,0,3,0,,0,scan-burst-3989b855c8ec401c-03,no_result,0
10.367789622017881,0,5317160,scan-burst-3989b855c8ec401c,1.888216384977568,0,4,0,,0,scan-burst-3989b855c8ec401c-04,no_result,0
11.436583977018017,16,6982482,scan-burst-82e469503e014ff9,1.9324177709931973,0,1,16,0.0,0,scan-burst-82e469503e014ff9-01,insufficient_data,0
11.377914338983828,16,7077172,scan-burst-82e469503e014ff9,1.8852160169917624,0,2,16,0.125,2,scan-burst-82e469503e014ff9-02,partial,0
10.626599284994882,16,6863518,scan-burst-82e469503e014ff9,1.8852689540071879,0,3,16,0.0,0,scan-burst-82e469503e014ff9-03,insufficient_data,0
11.302856582013192,16,6916961,scan-burst-82e469503e014ff9,1.8886398059839848,0,4,16,0.125,2,scan-burst-82e469503e014ff9-04,partial,0
10.997311659011757,6,6110593,scan-burst-86cd5407d45942d8,1.9443229449971113,0,1,6,0.16666666666666666,1,scan-burst-86cd5407d45942d8-01,partial,1
11.049127641977975,9,6481800,scan-burst-86cd5407d45942d8,1.9150801659852732,0,2,9,0.2222222222222222,2,scan-burst-86cd5407d45942d8-02,partial,0
11.021946321998257,11,6498167,scan-burst-86cd5407d45942d8,1.8879143509839196,1,3,10,0.0,0,scan-burst-86cd5407d45942d8-03,insufficient_data,0
10.907046479987912,11,6463241,scan-burst-86cd5407d45942d8,1.9360825429903343,0,4,11,0.09090909090909091,1,scan-burst-86cd5407d45942d8-04,partial,0
10.65179070198792,4,5800298,scan-burst-928cce161f134e5d,1.8557489569939207,0,1,4,0.0,0,scan-burst-928cce161f134e5d-01,insufficient_data,0
10.687305022001965,4,5919996,scan-burst-928cce161f134e5d,1.8770264929917175,0,2,4,0.0,0,scan-burst-928cce161f134e5d-02,insufficient_data,0
10.678141765994951,4,5881915,scan-burst-928cce161f134e5d,1.9004027580085676,1,3,3,0.0,0,scan-burst-928cce161f134e5d-03,insufficient_data,0
10.459029409015784,3,5762053,scan-burst-928cce161f134e5d,1.9220261779846624,0,4,3,0.0,0,scan-burst-928cce161f134e5d-04,insufficient_data,0
10.263387332990533,0,5264282,scan-burst-9ba557b0dcef4001,1.8744127590034623,0,1,0,,0,scan-burst-9ba557b0dcef4001-01,no_result,0
10.194889703008812,0,5266405,scan-burst-9ba557b0dcef4001,1.9112513250147458,0,2,0,,0,scan-burst-9ba557b0dcef4001-02,no_result,0
10.219649664009921,0,5362713,scan-burst-9ba557b0dcef4001,1.849437923025107,0,3,0,,0,scan-burst-9ba557b0dcef4001-03,no_result,0
10.074449078994803,0,5247629,scan-burst-9ba557b0dcef4001,1.8578193839930464,0,4,0,,0,scan-burst-9ba557b0dcef4001-04,no_result,0
10.780137270019623,4,5985621,scan-burst-c49cd8ffc4344ef1,1.8523073599790223,0,1,4,0.0,0,scan-burst-c49cd8ffc4344ef1-01,insufficient_data,0
10.707088662020396,6,6168593,scan-burst-c49cd8ffc4344ef1,1.9033614590007346,0,2,6,0.0,0,scan-burst-c49cd8ffc4344ef1-02,insufficient_data,0
10.575996808998752,6,5982172,scan-burst-c49cd8ffc4344ef1,1.9128869160194881,0,3,6,0.0,0,scan-burst-c49cd8ffc4344ef1-03,insufficient_data,0
10.61597379000159,7,6334198,scan-burst-c49cd8ffc4344ef1,1.9268104360089637,0,4,7,0.14285714285714285,1,scan-burst-c49cd8ffc4344ef1-04,partial,0
10.706279828009428,4,5814716,scan-burst-9d8969b4032e4bde,1.9275121960090473,0,1,4,0.0,0,scan-burst-9d8969b4032e4bde-01,insufficient_data,0
10.680046377005056,7,5987354,scan-burst-9d8969b4032e4bde,1.9157138350128662,0,2,7,0.0,0,scan-burst-9d8969b4032e4bde-02,insufficient_data,0
10.609060118003981,5,5962917,scan-burst-9d8969b4032e4bde,1.9007202170032542,0,3,5,0.0,0,scan-burst-9d8969b4032e4bde-03,insufficient_data,0
10.54583102298784,5,5891642,scan-burst-9d8969b4032e4bde,1.8761724469950423,0,4,5,0.0,0,scan-burst-9d8969b4032e4bde-04,insufficient_data,0
10.443556967016775,6,6078836,scan-burst-fac18743890441c0,1.8447476199944504,0,1,6,0.0,0,scan-burst-fac18743890441c0-01,insufficient_data,0
10.735108563007088,6,6092364,scan-burst-fac18743890441c0,1.8974233430053573,0,2,6,0.16666666666666666,1,scan-burst-fac18743890441c0-02,partial,0
10.469118773005903,6,5964052,scan-burst-fac18743890441c0,1.884617168980185,0,3,6,0.16666666666666666,1,scan-burst-fac18743890441c0-03,partial,0
10.490381148003507,6,5974509,scan-burst-fac18743890441c0,1.892498555011116,0,4,6,0.16666666666666666,1,scan-burst-fac18743890441c0-04,partial,0
10.559715456998674,6,6000939,scan-burst-1d63a6b1cdc1468e,1.8969091519829817,0,1,6,0.6666666666666666,4,scan-burst-1d63a6b1cdc1468e-01,partial,0
10.66989122700761,6,6006362,scan-burst-1d63a6b1cdc1468e,1.8907579430087935,0,2,6,0.5,3,scan-burst-1d63a6b1cdc1468e-02,partial,0
10.690786727995146,9,6256992,scan-burst-1d63a6b1cdc1468e,1.9599979560007341,1,3,8,0.4444444444444444,4,scan-burst-1d63a6b1cdc1468e-03,partial,0
10.569869314000243,6,5926167,scan-burst-1d63a6b1cdc1468e,1.922309404995758,2,4,4,0.8333333333333334,5,scan-burst-1d63a6b1cdc1468e-04,partial,0
10.786435379995964,8,6097035,scan-burst-94118ef977e74e65,1.90973702800693,0,1,8,1.0,8,scan-burst-94118ef977e74e65-01,complete,0
10.662947931006784,8,6074304,scan-burst-94118ef977e74e65,1.890791610989254,0,2,8,1.0,8,scan-burst-94118ef977e74e65-02,complete,0
10.679431728000054,8,6104424,scan-burst-94118ef977e74e65,1.8925444119959138,0,3,8,1.0,8,scan-burst-94118ef977e74e65-03,complete,0
10.497100083011901,8,6061018,scan-burst-94118ef977e74e65,1.8908764799998607,0,4,8,1.0,8,scan-burst-94118ef977e74e65-04,complete,0
10.61100855100085,5,5628091,scan-burst-2be19767de8946c3,1.9069401630258653,1,1,4,0.0,0,scan-burst-2be19767de8946c3-01,insufficient_data,0
10.600866540014977,5,5896839,scan-burst-2be19767de8946c3,1.9006706590007525,0,2,5,0.4,2,scan-burst-2be19767de8946c3-02,partial,0
10.602614258998074,5,5788624,scan-burst-2be19767de8946c3,1.9188005870091729,1,3,4,0.2,1,scan-burst-2be19767de8946c3-03,partial,0
10.633629806980025,5,5863662,scan-burst-2be19767de8946c3,1.9500744800025132,0,4,5,0.2,1,scan-burst-2be19767de8946c3-04,partial,0
11.117546665016562,4,5772045,scan-burst-3c6ca352d6804250,2.018558965995908,0,1,4,0.25,1,scan-burst-3c6ca352d6804250-01,partial,0
11.368570146994898,6,6085530,scan-burst-3c6ca352d6804250,1.8706576869881246,0,2,6,0.0,0,scan-burst-3c6ca352d6804250-02,insufficient_data,0
12.134469634998823,5,5978040,scan-burst-3c6ca352d6804250,1.8733544269925915,0,3,5,0.0,0,scan-burst-3c6ca352d6804250-03,insufficient_data,0
12.108527913020225,8,6326636,scan-burst-3c6ca352d6804250,1.870438257989008,1,4,7,0.0,0,scan-burst-3c6ca352d6804250-04,insufficient_data,0
10.472806416015374,0,5418836,scan-burst-b574ca058c9d421a,1.8190261000127066,0,1,0,,0,scan-burst-b574ca058c9d421a-01,no_result,0
10.139615782012697,0,5322020,scan-burst-b574ca058c9d421a,1.9109368880162947,0,2,0,,0,scan-burst-b574ca058c9d421a-02,no_result,0
9.927263602003222,0,5399965,scan-burst-b574ca058c9d421a,1.8917891059827525,0,3,0,,0,scan-burst-b574ca058c9d421a-03,no_result,0
10.428632665018085,0,5355766,scan-burst-b574ca058c9d421a,1.9092613239772618,0,4,0,,0,scan-burst-b574ca058c9d421a-04,no_result,0
10.25767162599368,5,5873021,scan-burst-624c36dbd6ef479f,1.9030946630227845,1,1,4,0.4,2,scan-burst-624c36dbd6ef479f-01,partial,0
10.614806436002254,6,6075096,scan-burst-624c36dbd6ef479f,1.8755431860045064,0,2,6,0.3333333333333333,2,scan-burst-624c36dbd6ef479f-02,partial,0
10.181163258006563,3,5759785,scan-burst-624c36dbd6ef479f,1.8879904609930236,0,3,3,0.0,0,scan-burst-624c36dbd6ef479f-03,insufficient_data,0
10.674965640995651,2,5621459,scan-burst-624c36dbd6ef479f,1.8800757720018737,0,4,2,0.0,0,scan-burst-624c36dbd6ef479f-04,insufficient_data,0
10.663805001997389,5,6046976,scan-burst-92c6152f844c4105,1.8467023599951062,1,1,4,0.0,0,scan-burst-92c6152f844c4105-01,insufficient_data,0
10.627139118005289,4,5989286,scan-burst-92c6152f844c4105,1.8945627119974233,0,2,4,0.0,0,scan-burst-92c6152f844c4105-02,insufficient_data,0
10.761651422013529,6,6158993,scan-burst-92c6152f844c4105,1.8775369870127179,1,3,5,0.16666666666666666,1,scan-burst-92c6152f844c4105-03,partial,0
11.055593160999706,6,6081113,scan-burst-92c6152f844c4105,1.880123727984028,0,4,6,0.16666666666666666,1,scan-burst-92c6152f844c4105-04,partial,0
10.563305390998721,2,5577775,scan-burst-447160e577b74290,1.9178325090033468,0,1,2,0.0,0,scan-burst-447160e577b74290-01,insufficient_data,0
10.225972752989037,2,5584468,scan-burst-447160e577b74290,1.8352592649753205,0,2,2,0.0,0,scan-burst-447160e577b74290-02,insufficient_data,0
10.357645215990487,3,5549858,scan-burst-447160e577b74290,1.8449910680064932,0,3,3,0.0,0,scan-burst-447160e577b74290-03,insufficient_data,0
10.43362331399112,2,5524485,scan-burst-447160e577b74290,1.8996142760151997,0,4,2,0.0,0,scan-burst-447160e577b74290-04,insufficient_data,0
10.827819239988457,6,5920595,scan-burst-d660a69b832a476c,1.9118068310199305,0,1,6,0.0,0,scan-burst-d660a69b832a476c-01,insufficient_data,0
10.365350399981253,4,5524932,scan-burst-d660a69b832a476c,1.9120151870010886,0,2,4,0.0,0,scan-burst-d660a69b832a476c-02,insufficient_data,0
10.752220269991085,4,5606159,scan-burst-d660a69b832a476c,1.8746563640015665,0,3,4,0.0,0,scan-burst-d660a69b832a476c-03,insufficient_data,0
10.439066315011587,4,5759139,scan-burst-d660a69b832a476c,1.8767609680071473,0,4,4,0.0,0,scan-burst-d660a69b832a476c-04,insufficient_data,0
10.762214857008075,4,5968785,scan-burst-891e140f3f8a46eb,1.8455508330080193,0,1,4,0.0,0,scan-burst-891e140f3f8a46eb-01,insufficient_data,0
10.953882272006012,3,5862283,scan-burst-891e140f3f8a46eb,1.8692526340018958,0,2,3,0.0,0,scan-burst-891e140f3f8a46eb-02,insufficient_data,0
10.640825513983145,3,5787636,scan-burst-891e140f3f8a46eb,1.8742560760001652,0,3,3,0.0,0,scan-burst-891e140f3f8a46eb-03,insufficient_data,1
10.708301160979318,4,5948881,scan-burst-891e140f3f8a46eb,1.911335937998956,0,4,4,0.0,0,scan-burst-891e140f3f8a46eb-04,insufficient_data,0
10.998744270007592,8,6260125,scan-burst-1524364444404932,1.890908658009721,0,1,8,0.125,1,scan-burst-1524364444404932-01,partial,0
11.150834970001597,8,6306931,scan-burst-1524364444404932,1.8620968319883104,0,2,8,0.625,5,scan-burst-1524364444404932-02,partial,0
10.609884019009769,8,6358475,scan-burst-1524364444404932,1.8751775749842636,0,3,8,0.25,2,scan-burst-1524364444404932-03,partial,0
10.842859305004822,8,6303494,scan-burst-1524364444404932,1.8769687770109158,0,4,8,0.125,1,scan-burst-1524364444404932-04,partial,0
10.857948387012584,11,6684611,scan-burst-10e12b8315704353,1.9454013130161911,0,1,11,0.09090909090909091,1,scan-burst-10e12b8315704353-01,partial,0
10.4874793929921,6,6155503,scan-burst-10e12b8315704353,1.8695742190175224,0,2,6,0.0,0,scan-burst-10e12b8315704353-02,insufficient_data,0
10.450024805002613,7,6278529,scan-burst-10e12b8315704353,1.9428940970101394,0,3,7,0.0,0,scan-burst-10e12b8315704353-03,insufficient_data,0
10.601741960010258,6,6210882,scan-burst-10e12b8315704353,1.9280324729916174,0,4,6,0.16666666666666666,1,scan-burst-10e12b8315704353-04,partial,0
10.580715285002952,2,5506717,scan-burst-5665bfa3c16840fa,1.9225149499834515,0,1,2,0.0,0,scan-burst-5665bfa3c16840fa-01,insufficient_data,0
10.699128859007033,2,5445083,scan-burst-5665bfa3c16840fa,1.9203441330173519,0,2,2,0.0,0,scan-burst-5665bfa3c16840fa-02,insufficient_data,0
10.53759622000507,1,5489535,scan-burst-5665bfa3c16840fa,1.8778959089831915,0,3,1,0.0,0,scan-burst-5665bfa3c16840fa-03,insufficient_data,0
10.035807139996905,2,5523525,scan-burst-5665bfa3c16840fa,1.864245481992839,0,4,2,1.0,2,scan-burst-5665bfa3c16840fa-04,complete,0
10.520633887004806,8,6451030,scan-burst-50ac1db6df954d57,1.9324787719815504,0,1,8,0.0,0,scan-burst-50ac1db6df954d57-01,insufficient_data,0
10.655359871016117,7,6262316,scan-burst-50ac1db6df954d57,1.9526777979917824,0,2,7,0.0,0,scan-burst-50ac1db6df954d57-02,insufficient_data,0
10.826579596992815,8,6435977,scan-burst-50ac1db6df954d57,1.9057916789897718,0,3,8,0.0,0,scan-burst-50ac1db6df954d57-03,insufficient_data,0
10.548792912013596,8,6401061,scan-burst-50ac1db6df954d57,1.894616789999418,0,4,8,0.0,0,scan-burst-50ac1db6df954d57-04,insufficient_data,0
10.155656064976938,0,5321191,scan-burst-ccdeffac07874be2,1.8843990869936533,0,1,0,,0,scan-burst-ccdeffac07874be2-01,no_result,0
10.402478040981805,0,5250958,scan-burst-ccdeffac07874be2,1.8866086899943184,0,2,0,,0,scan-burst-ccdeffac07874be2-02,no_result,0
10.542916289006826,2,5565082,scan-burst-ccdeffac07874be2,1.8879153129819315,0,3,2,0.0,0,scan-burst-ccdeffac07874be2-03,insufficient_data,0
10.619756886997493,2,5596765,scan-burst-ccdeffac07874be2,1.9144048140151426,0,4,2,0.0,0,scan-burst-ccdeffac07874be2-04,insufficient_data,0
10.758524748991476,9,6080438,scan-burst-bd934ff5ba29460c,1.826199422008358,1,1,8,0.0,0,scan-burst-bd934ff5ba29460c-01,insufficient_data,0
10.6361564900144,10,6281653,scan-burst-bd934ff5ba29460c,1.8819222269812599,0,2,10,0.0,0,scan-burst-bd934ff5ba29460c-02,insufficient_data,0
10.75577041701763,9,6170607,scan-burst-bd934ff5ba29460c,1.874724402994616,0,3,9,0.0,0,scan-burst-bd934ff5ba29460c-03,insufficient_data,0
10.584711540985154,10,6254741,scan-burst-bd934ff5ba29460c,1.8797179060056806,0,4,10,0.0,0,scan-burst-bd934ff5ba29460c-04,insufficient_data,0
10.93437622700003,4,5963584,scan-burst-65ba701fc17349dd,1.9143030430132058,0,1,4,0.0,0,scan-burst-65ba701fc17349dd-01,insufficient_data,0
10.507460647000698,5,5983926,scan-burst-65ba701fc17349dd,1.925541909004096,0,2,5,0.0,0,scan-burst-65ba701fc17349dd-02,insufficient_data,0
10.504909854993457,4,6010360,scan-burst-65ba701fc17349dd,1.9032356849929783,0,3,4,0.0,0,scan-burst-65ba701fc17349dd-03,insufficient_data,0
10.628463244996965,6,6181025,scan-burst-65ba701fc17349dd,1.8871964019781444,1,4,5,0.0,0,scan-burst-65ba701fc17349dd-04,insufficient_data,0
10.553446991980309,2,5585884,scan-burst-6144f19c49bc427e,1.9020847190113273,0,1,2,0.0,0,scan-burst-6144f19c49bc427e-01,insufficient_data,0
10.536244613991585,3,5659432,scan-burst-6144f19c49bc427e,1.8668078889895696,1,2,2,0.0,0,scan-burst-6144f19c49bc427e-02,insufficient_data,0
10.388304891006555,2,5598624,scan-burst-6144f19c49bc427e,1.9051350879890379,0,3,2,0.0,0,scan-burst-6144f19c49bc427e-03,insufficient_data,0
10.156030817015562,2,5550717,scan-burst-6144f19c49bc427e,1.9132888320018537,0,4,2,0.0,0,scan-burst-6144f19c49bc427e-04,insufficient_data,0
10.44448733999161,4,5753797,scan-burst-93f272b1be914a08,1.9243041400040966,0,1,4,0.0,0,scan-burst-93f272b1be914a08-01,insufficient_data,0
10.56409948199871,2,5450420,scan-burst-93f272b1be914a08,1.9020866790087894,0,2,2,0.0,0,scan-burst-93f272b1be914a08-02,insufficient_data,0
10.229035120020853,2,5520773,scan-burst-93f272b1be914a08,1.898218940012157,0,3,2,0.0,0,scan-burst-93f272b1be914a08-03,insufficient_data,0
10.390679598000133,3,5494351,scan-burst-93f272b1be914a08,1.9099694149917923,0,4,3,0.0,0,scan-burst-93f272b1be914a08-04,insufficient_data,0
10.888682447985047,8,6228529,scan-burst-0e5082c776d3427d,1.9133527459925972,1,1,7,0.0,0,scan-burst-0e5082c776d3427d-01,insufficient_data,0
10.966533734987024,9,6349122,scan-burst-0e5082c776d3427d,1.8714594439952634,1,2,8,0.1111111111111111,1,scan-burst-0e5082c776d3427d-02,partial,0
10.843402925005648,8,6322713,scan-burst-0e5082c776d3427d,1.8855702400032897,0,3,8,0.0,0,scan-burst-0e5082c776d3427d-03,insufficient_data,0
10.678740040020784,7,6136481,scan-burst-0e5082c776d3427d,1.8563817609974649,0,4,7,0.0,0,scan-burst-0e5082c776d3427d-04,insufficient_data,0
11.272926003002794,8,6414557,scan-burst-7cab2092ef9142b9,1.7984779050166253,0,1,8,0.0,0,scan-burst-7cab2092ef9142b9-01,insufficient_data,0
11.375966124003753,8,6355187,scan-burst-7cab2092ef9142b9,1.88501843000995,1,2,7,0.0,0,scan-burst-7cab2092ef9142b9-02,insufficient_data,0
10.51587437800481,5,6037322,scan-burst-7cab2092ef9142b9,1.9272432560101151,0,3,5,0.2,1,scan-burst-7cab2092ef9142b9-03,partial,0
10.754468742990866,7,6292997,scan-burst-7cab2092ef9142b9,1.8649438870197628,0,4,7,0.0,0,scan-burst-7cab2092ef9142b9-04,insufficient_data,0
11.113607104984112,8,6348954,scan-burst-6ea37868f3f141a2,1.9198838130105287,0,1,8,0.0,0,scan-burst-6ea37868f3f141a2-01,insufficient_data,0
11.184188885003095,9,6300706,scan-burst-6ea37868f3f141a2,1.9207014290150255,0,2,9,0.0,0,scan-burst-6ea37868f3f141a2-02,insufficient_data,0
10.96959627000615,8,6101965,scan-burst-6ea37868f3f141a2,1.8718615400139242,0,3,8,0.0,0,scan-burst-6ea37868f3f141a2-03,insufficient_data,0
10.791467775998171,8,6118765,scan-burst-6ea37868f3f141a2,1.8614398640056606,0,4,8,0.0,0,scan-burst-6ea37868f3f141a2-04,insufficient_data,0
10.94082961298409,14,6721268,scan-burst-068989c981c14ef6,1.9161767789919395,0,1,14,0.7142857142857143,10,scan-burst-068989c981c14ef6-01,partial,0
10.806607678998262,14,6825145,scan-burst-068989c981c14ef6,1.9146854100108612,0,2,14,0.5,7,scan-burst-068989c981c14ef6-02,partial,0
10.963539744989248,13,6787831,scan-burst-068989c981c14ef6,1.92327945199213,0,3,13,0.46153846153846156,6,scan-burst-068989c981c14ef6-03,partial,0
10.948342251009308,15,7040904,scan-burst-068989c981c14ef6,1.9116220609867014,1,4,14,0.4,6,scan-burst-068989c981c14ef6-04,partial,0
10.92363692302024,14,6802715,scan-burst-7b7e4a937d684d69,1.869860487000551,0,1,14,0.5,7,scan-burst-7b7e4a937d684d69-01,partial,0
10.681519461009884,14,6732512,scan-burst-7b7e4a937d684d69,1.9545082119875588,0,2,14,0.42857142857142855,6,scan-burst-7b7e4a937d684d69-02,partial,0
10.565939474996412,14,6676728,scan-burst-7b7e4a937d684d69,1.9204507840040606,0,3,14,0.42857142857142855,6,scan-burst-7b7e4a937d684d69-03,partial,0
10.835650197986979,14,6721574,scan-burst-7b7e4a937d684d69,1.8805275250051636,0,4,14,0.5,7,scan-burst-7b7e4a937d684d69-04,partial,0
11.316009658999974,12,6448867,scan-burst-8fa2c6d13a044246,1.8990006270178128,1,1,11,0.25,3,scan-burst-8fa2c6d13a044246-01,partial,0
11.203633138007717,13,6770415,scan-burst-8fa2c6d13a044246,1.8963082449918147,1,2,12,0.23076923076923078,3,scan-burst-8fa2c6d13a044246-02,partial,0
11.483708050014684,12,6672621,scan-burst-8fa2c6d13a044246,1.8883822520147078,0,3,12,0.3333333333333333,4,scan-burst-8fa2c6d13a044246-03,partial,0
11.356611294002505,14,6853072,scan-burst-8fa2c6d13a044246,1.8607293140084948,0,4,14,0.5,7,scan-burst-8fa2c6d13a044246-04,partial,0
10.852752886974486,8,6423381,scan-burst-a49f8b09da1b4c03,1.8978949229931459,0,1,8,0.0,0,scan-burst-a49f8b09da1b4c03-01,insufficient_data,0
11.559241018985631,8,6257400,scan-burst-a49f8b09da1b4c03,1.9060622309916653,0,2,8,0.0,0,scan-burst-a49f8b09da1b4c03-02,insufficient_data,0
11.014777914009755,8,6381603,scan-burst-a49f8b09da1b4c03,1.8730049039877485,0,3,8,0.0,0,scan-burst-a49f8b09da1b4c03-03,insufficient_data,0
11.468239694018848,8,6338376,scan-burst-a49f8b09da1b4c03,1.9028631419932935,0,4,8,0.125,1,scan-burst-a49f8b09da1b4c03-04,partial,0
12.250083416991401,10,6485028,scan-burst-c64a2ea4b7834103,1.8663397809723392,0,1,10,0.0,0,scan-burst-c64a2ea4b7834103-01,insufficient_data,0
15.642908344976604,10,6534072,scan-burst-c64a2ea4b7834103,1.9226808499952313,0,2,10,0.1,1,scan-burst-c64a2ea4b7834103-02,partial,0
12.067262286000187,10,6398017,scan-burst-c64a2ea4b7834103,1.8914548039902002,0,3,10,0.1,1,scan-burst-c64a2ea4b7834103-03,partial,0
13.10102197600645,10,6454366,scan-burst-c64a2ea4b7834103,1.9133568620018195,0,4,10,0.3,3,scan-burst-c64a2ea4b7834103-04,partial,0
10.852721268020105,6,6231329,scan-burst-d16753a8e41e41bb,2.080491022003116,0,1,6,0.0,0,scan-burst-d16753a8e41e41bb-01,insufficient_data,0
11.147105866024503,8,6376595,scan-burst-d16753a8e41e41bb,1.9003374020103365,0,2,8,0.0,0,scan-burst-d16753a8e41e41bb-02,insufficient_data,0
10.799366247025318,8,6333820,scan-burst-d16753a8e41e41bb,1.8939350100117736,0,3,8,0.0,0,scan-burst-d16753a8e41e41bb-03,insufficient_data,0
10.964954085997306,8,6342526,scan-burst-d16753a8e41e41bb,1.9322241919871885,0,4,8,0.0,0,scan-burst-d16753a8e41e41bb-04,insufficient_data,0
11.838971555989701,7,6234166,scan-burst-a1a928a8659a473e,1.8203415620082524,0,1,7,0.2857142857142857,2,scan-burst-a1a928a8659a473e-01,partial,0
12.19516638701316,10,6475733,scan-burst-a1a928a8659a473e,1.8916592649766244,1,2,9,0.3,3,scan-burst-a1a928a8659a473e-02,partial,0
11.241527336009312,10,6514997,scan-burst-a1a928a8659a473e,1.8613519300124608,1,3,9,0.4,4,scan-burst-a1a928a8659a473e-03,partial,0
11.450543007988017,11,6468603,scan-burst-a1a928a8659a473e,1.8763613839983009,0,4,11,0.2727272727272727,3,scan-burst-a1a928a8659a473e-04,partial,0
11.242387912992854,10,6190266,scan-burst-e1f2ae7e52194cd7,1.901866936008446,1,1,9,0.0,0,scan-burst-e1f2ae7e52194cd7-01,insufficient_data,0
11.353806233004434,11,6382367,scan-burst-e1f2ae7e52194cd7,1.902574140985962,0,2,11,0.0,0,scan-burst-e1f2ae7e52194cd7-02,insufficient_data,0
11.22350719201495,10,6369727,scan-burst-e1f2ae7e52194cd7,1.8644311800017022,0,3,10,0.1,1,scan-burst-e1f2ae7e52194cd7-03,partial,0
11.01448502400308,10,6369087,scan-burst-e1f2ae7e52194cd7,1.8501473030191846,0,4,10,0.0,0,scan-burst-e1f2ae7e52194cd7-04,insufficient_data,0
11.060834522999357,6,6069110,scan-burst-4dac1134548a4a2c,1.850126851000823,0,1,6,0.16666666666666666,1,scan-burst-4dac1134548a4a2c-01,partial,0
11.661546121991705,6,5976809,scan-burst-4dac1134548a4a2c,1.9067999800026882,0,2,6,0.3333333333333333,2,scan-burst-4dac1134548a4a2c-02,partial,0
11.54705210099928,10,6334908,scan-burst-4dac1134548a4a2c,1.8832855230139103,0,3,10,0.2,2,scan-burst-4dac1134548a4a2c-03,partial,0
10.904260013980092,11,6378441,scan-burst-4dac1134548a4a2c,1.9062309080036357,1,4,10,0.45454545454545453,5,scan-burst-4dac1134548a4a2c-04,partial,0
11.277283356001135,8,6331023,scan-burst-4bcd773e7f6146a4,1.8911413909809198,0,1,8,0.0,0,scan-burst-4bcd773e7f6146a4-01,insufficient_data,0
12.037879554991378,7,6304325,scan-burst-4bcd773e7f6146a4,1.8829690029961057,0,2,7,0.14285714285714285,1,scan-burst-4bcd773e7f6146a4-02,partial,0
10.782055510004284,8,6357306,scan-burst-4bcd773e7f6146a4,1.906785020022653,0,3,8,0.0,0,scan-burst-4bcd773e7f6146a4-03,insufficient_data,0
10.7289641139796,7,6223632,scan-burst-4bcd773e7f6146a4,1.9060114229796454,0,4,7,0.14285714285714285,1,scan-burst-4bcd773e7f6146a4-04,partial,0
10.944243920006556,0,5262669,scan-burst-38038c640b0b447e,1.898443213023711,0,1,0,,0,scan-burst-38038c640b0b447e-01,no_result,0
10.920771837991197,1,5453738,scan-burst-38038c640b0b447e,1.9034729370032437,0,2,1,0.0,0,scan-burst-38038c640b0b447e-02,insufficient_data,0
10.940116265002871,2,5552048,scan-burst-38038c640b0b447e,1.8661016559926793,0,3,2,0.0,0,scan-burst-38038c640b0b447e-03,insufficient_data,0
10.841636956000002,2,5509618,scan-burst-38038c640b0b447e,1.8793629270221572,0,4,2,0.0,0,scan-burst-38038c640b0b447e-04,insufficient_data,0
10.866324016998988,1,5436811,scan-burst-340a71632e5c4719,1.8843409910041373,0,1,1,0.0,0,scan-burst-340a71632e5c4719-01,insufficient_data,0
11.089476235996699,1,5449827,scan-burst-340a71632e5c4719,1.9244275529927108,0,2,1,0.0,0,scan-burst-340a71632e5c4719-02,insufficient_data,0
10.870566919998964,0,5245479,scan-burst-340a71632e5c4719,1.8958108260121662,0,3,0,,0,scan-burst-340a71632e5c4719-03,no_result,0
10.540201448980952,1,5455261,scan-burst-340a71632e5c4719,1.8743034069775604,0,4,1,0.0,0,scan-burst-340a71632e5c4719-04,insufficient_data,0
11.573038848990109,10,6511484,scan-burst-ed38e47e8e224190,1.9051706019963603,1,1,9,0.1,1,scan-burst-ed38e47e8e224190-01,partial,0
10.884068768995348,8,6350076,scan-burst-ed38e47e8e224190,1.9147059099923354,0,2,8,0.0,0,scan-burst-ed38e47e8e224190-02,insufficient_data,1
10.91220056900056,7,6205137,scan-burst-ed38e47e8e224190,1.9153419099748135,0,3,7,0.0,0,scan-burst-ed38e47e8e224190-03,insufficient_data,0
10.918634832982207,9,6411097,scan-burst-ed38e47e8e224190,1.940694746997906,1,4,8,0.0,0,scan-burst-ed38e47e8e224190-04,insufficient_data,0
10.760249423008645,9,6455214,scan-burst-259a2b8d7adc4d0c,1.8827556010219269,0,1,9,0.2222222222222222,2,scan-burst-259a2b8d7adc4d0c-01,partial,0
11.456337001000065,12,6630341,scan-burst-259a2b8d7adc4d0c,1.9110680510057136,0,2,12,0.25,3,scan-burst-259a2b8d7adc4d0c-02,partial,0
10.952899007010274,12,6640439,scan-burst-259a2b8d7adc4d0c,1.9131625609879848,0,3,12,0.08333333333333333,1,scan-burst-259a2b8d7adc4d0c-03,partial,0
11.206197705003433,11,6705022,scan-burst-259a2b8d7adc4d0c,1.9322489729966037,0,4,11,0.18181818181818182,2,scan-burst-259a2b8d7adc4d0c-04,partial,0
11.298420773993712,7,6269007,scan-burst-b06673e2225c4de3,1.7991787990031298,0,1,7,0.2857142857142857,2,scan-burst-b06673e2225c4de3-01,partial,0
11.074394904979272,7,6191013,scan-burst-b06673e2225c4de3,1.8901078130002134,1,2,6,0.2857142857142857,2,scan-burst-b06673e2225c4de3-02,partial,0
10.970993671013275,7,6238103,scan-burst-b06673e2225c4de3,1.9265574509918224,0,3,7,0.2857142857142857,2,scan-burst-b06673e2225c4de3-03,partial,0
10.679227956017712,7,6149212,scan-burst-b06673e2225c4de3,1.925183575018309,0,4,7,0.7142857142857143,5,scan-burst-b06673e2225c4de3-04,partial,0
10.39584712201031,4,5862821,scan-burst-24c8f8170424485e,1.8245521029748488,0,1,4,0.25,1,scan-burst-24c8f8170424485e-01,partial,0
10.386750120000215,5,5790017,scan-burst-24c8f8170424485e,1.8863212130090687,0,2,5,0.6,3,scan-burst-24c8f8170424485e-02,partial,0
10.42852249398129,5,5760056,scan-burst-24c8f8170424485e,1.9226117380021606,0,3,5,0.6,3,scan-burst-24c8f8170424485e-03,partial,0
10.476253772998461,8,6257340,scan-burst-24c8f8170424485e,1.9049569689959753,0,4,8,0.5,4,scan-burst-24c8f8170424485e-04,partial,0
10.19285641197348,0,5381182,scan-burst-0cddd1802134477f,1.8336184349900577,0,1,0,,0,scan-burst-0cddd1802134477f-01,no_result,0
10.33885903301416,1,5502974,scan-burst-0cddd1802134477f,1.8867906380037311,1,2,0,1.0,1,scan-burst-0cddd1802134477f-02,complete,0
10.302794017014094,0,5321241,scan-burst-0cddd1802134477f,1.8794337250001263,0,3,0,,0,scan-burst-0cddd1802134477f-03,no_result,0
10.441346269013593,0,5314224,scan-burst-0cddd1802134477f,1.902670784998918,0,4,0,,0,scan-burst-0cddd1802134477f-04,no_result,0
