created_at,failure,id,manifest_uri,pipeline_lane,pipeline_release_id,sealed_at,session_id,started_at,state
2026-08-23T09:16:50.128336+00:00,1 processing jobs failed or were cancelled,capture-4817cf4a8fdb43018d9b1e365b7bbdf5,,standard,88a5bc8b855f6e1f4edfbb8f627ad525e4ad3f77,2026-08-23T09:19:07.928015+00:00,cap-20260823T091503-ae0acd1df7cd,2026-08-23T09:16:50.376762+00:00,failed
2026-08-23T09:19:44.472102+00:00,,capture-96889800aba14cbbb6ce129b07e90759,bulk://analysis/cap-20260823T091800-9bd536243a3e/capture-96889800aba14cbbb6ce129b07e90759/manifest.json,standard,88a5bc8b855f6e1f4edfbb8f627ad525e4ad3f77,2026-08-23T09:23:29.852402+00:00,cap-20260823T091800-9bd536243a3e,2026-08-23T09:19:44.807966+00:00,succeeded
2026-08-23T09:22:50.321077+00:00,,capture-954b9c1224fc49a5b73cd5c9012783af,bulk://analysis/cap-20260823T092100-62d4c6eb7bdc/capture-954b9c1224fc49a5b73cd5c9012783af/manifest.json,standard,88a5bc8b855f6e1f4edfbb8f627ad525e4ad3f77,2026-08-23T09:27:02.284824+00:00,cap-20260823T092100-62d4c6eb7bdc,2026-08-23T09:22:50.451308+00:00,succeeded
2026-08-23T09:25:46.489715+00:00,,capture-e81170cfe7ca4355a154e5aa351bf735,bulk://analysis/cap-20260823T092400-3c35810955bd/capture-e81170cfe7ca4355a154e5aa351bf735/manifest.json,standard,88a5bc8b855f6e1f4edfbb8f627ad525e4ad3f77,2026-08-23T09:29:07.905359+00:00,cap-20260823T092400-3c35810955bd,2026-08-23T09:25:55.708601+00:00,succeeded
2026-08-23T09:28:45.461774+00:00,,capture-943f517c9d07413a83993e2dbd1875a3,bulk://analysis/cap-20260823T092700-48effabd4369/capture-943f517c9d07413a83993e2dbd1875a3/manifest.json,standard,88a5bc8b855f6e1f4edfbb8f627ad525e4ad3f77,2026-08-23T09:32:59.151152+00:00,cap-20260823T092700-48effabd4369,2026-08-23T09:28:46.495605+00:00,succeeded
2026-08-23T09:31:45.472231+00:00,1 processing jobs failed or were cancelled,capture-afd61ab707d54962a2792aa34f77b6df,,standard,88a5bc8b855f6e1f4edfbb8f627ad525e4ad3f77,2026-08-23T09:34:01.227702+00:00,cap-20260823T093000-8c791df0895a,2026-08-23T09:31:45.647811+00:00,failed
2026-08-23T09:34:46.781326+00:00,,capture-056851ab84bd4b51b89413b935f2edb2,bulk://analysis/cap-20260823T093300-d7b2a62549fe/capture-056851ab84bd4b51b89413b935f2edb2/manifest.json,standard,88a5bc8b855f6e1f4edfbb8f627ad525e4ad3f77,2026-08-23T09:38:41.202262+00:00,cap-20260823T093300-d7b2a62549fe,2026-08-23T09:34:50.701389+00:00,succeeded
2026-08-23T09:40:44.137442+00:00,,capture-495412ce40c040d4a80e425e536b7f99,bulk://analysis/cap-20260823T093900-39acaef247b6/capture-495412ce40c040d4a80e425e536b7f99/manifest.json,standard,88a5bc8b855f6e1f4edfbb8f627ad525e4ad3f77,2026-08-23T09:44:44.715669+00:00,cap-20260823T093900-39acaef247b6,2026-08-23T09:40:45.137036+00:00,succeeded
2026-08-23T09:43:47.521277+00:00,,capture-5fb512f992134ad6860ea093ecea8e4f,bulk://analysis/cap-20260823T094200-286af7ccf451/capture-5fb512f992134ad6860ea093ecea8e4f/manifest.json,standard,88a5bc8b855f6e1f4edfbb8f627ad525e4ad3f77,2026-08-23T09:48:50.694504+00:00,cap-20260823T094200-286af7ccf451,2026-08-23T09:43:51.797871+00:00,succeeded
2026-08-23T09:46:45.304588+00:00,,capture-b6c8c358d9cb40fdb30a2bf2c0d71f2f,bulk://analysis/cap-20260823T094500-4c44f53f328a/capture-b6c8c358d9cb40fdb30a2bf2c0d71f2f/manifest.json,standard,88a5bc8b855f6e1f4edfbb8f627ad525e4ad3f77,2026-08-23T09:52:07.064895+00:00,cap-20260823T094500-4c44f53f328a,2026-08-23T09:46:53.634642+00:00,succeeded
2026-08-23T09:49:49.366226+00:00,,capture-12067bda3c234a42b20fbe9e481f3b5b,bulk://analysis/cap-20260823T094800-8799dba1652a/capture-12067bda3c234a42b20fbe9e481f3b5b/manifest.json,standard,88a5bc8b855f6e1f4edfbb8f627ad525e4ad3f77,2026-08-23T09:55:04.174498+00:00,cap-20260823T094800-8799dba1652a,2026-08-23T09:49:50.756391+00:00,succeeded
2026-08-23T09:56:48.319098+00:00,,capture-83f7e3313e224b1b9199ac47e1f076ee,bulk://analysis/cap-20260823T095458-7d2412e2ff8f/capture-83f7e3313e224b1b9199ac47e1f076ee/manifest.json,standard,88a5bc8b855f6e1f4edfbb8f627ad525e4ad3f77,2026-08-23T10:01:30.652685+00:00,cap-20260823T095458-7d2412e2ff8f,2026-08-23T09:56:49.296404+00:00,succeeded
2026-08-23T09:59:38.750091+00:00,,capture-ed8bee562ad2417c9930b680ccdfeda0,bulk://analysis/cap-20260823T095749-8569a833587a/capture-ed8bee562ad2417c9930b680ccdfeda0/manifest.json,standard,88a5bc8b855f6e1f4edfbb8f627ad525e4ad3f77,2026-08-23T10:04:08.986109+00:00,cap-20260823T095749-8569a833587a,2026-08-23T09:59:39.874927+00:00,succeeded
2026-08-23T10:02:28.374238+00:00,,capture-d814c27e8e5c40da94549617a41e94f6,bulk://analysis/cap-20260823T100040-7bc5ba3cc0ac/capture-d814c27e8e5c40da94549617a41e94f6/manifest.json,standard,88a5bc8b855f6e1f4edfbb8f627ad525e4ad3f77,2026-08-23T10:06:08.788297+00:00,cap-20260823T100040-7bc5ba3cc0ac,2026-08-23T10:02:28.452067+00:00,succeeded
2026-08-23T10:05:17.57627+00:00,,capture-35e2281124eb47d5b5939132b8a0e892,bulk://analysis/cap-20260823T100330-f8009ee92145/capture-35e2281124eb47d5b5939132b8a0e892/manifest.json,standard,88a5bc8b855f6e1f4edfbb8f627ad525e4ad3f77,2026-08-23T10:09:25.241446+00:00,cap-20260823T100330-f8009ee92145,2026-08-23T10:05:18.38469+00:00,succeeded
2026-08-23T10:10:50.149282+00:00,,capture-b6132bbbaa9c4bfeaf4c0292cae09f11,bulk://analysis/cap-20260823T100905-29d563ac02d9/capture-b6132bbbaa9c4bfeaf4c0292cae09f11/manifest.json,standard,88a5bc8b855f6e1f4edfbb8f627ad525e4ad3f77,2026-08-23T10:16:04.57001+00:00,cap-20260823T100905-29d563ac02d9,2026-08-23T10:10:51.447776+00:00,succeeded
2026-08-23T10:13:51.323523+00:00,,capture-3a61d92491324f3dbc8f77519f46ddd3,bulk://analysis/cap-20260823T101200-1b98ddd3d643/capture-3a61d92491324f3dbc8f77519f46ddd3/manifest.json,standard,88a5bc8b855f6e1f4edfbb8f627ad525e4ad3f77,2026-08-23T10:18:15.397712+00:00,cap-20260823T101200-1b98ddd3d643,2026-08-23T10:13:53.718837+00:00,succeeded
2026-08-23T10:19:54.228057+00:00,,capture-795de2e34b694f7daf46ccf74e665ce3,bulk://analysis/cap-20260823T101809-80205045e4c6/capture-795de2e34b694f7daf46ccf74e665ce3/manifest.json,standard,88a5bc8b855f6e1f4edfbb8f627ad525e4ad3f77,2026-08-23T10:25:12.211291+00:00,cap-20260823T101809-80205045e4c6,2026-08-23T10:19:54.5933+00:00,succeeded
2026-08-23T10:22:43.497134+00:00,,capture-0622076e5caf438db7609586454d8c16,bulk://analysis/cap-20260823T102100-41a973bd84ae/capture-0622076e5caf438db7609586454d8c16/manifest.json,standard,88a5bc8b855f6e1f4edfbb8f627ad525e4ad3f77,2026-08-23T10:27:39.176484+00:00,cap-20260823T102100-41a973bd84ae,2026-08-23T10:22:45.138841+00:00,succeeded
2026-08-23T10:29:06.278818+00:00,,capture-a5c584a09e3549d1b87cd7d9cbe26004,bulk://analysis/cap-20260823T102721-5eb863f3e015/capture-a5c584a09e3549d1b87cd7d9cbe26004/manifest.json,standard,88a5bc8b855f6e1f4edfbb8f627ad525e4ad3f77,2026-08-23T10:32:48.44681+00:00,cap-20260823T102721-5eb863f3e015,2026-08-23T10:29:07.628691+00:00,succeeded
2026-08-23T10:31:50.916079+00:00,,capture-4e7e797d124e40eba405ea1f74cdbe76,bulk://analysis/cap-20260823T103006-b22ba294d7f7/capture-4e7e797d124e40eba405ea1f74cdbe76/manifest.json,standard,88a5bc8b855f6e1f4edfbb8f627ad525e4ad3f77,2026-08-23T10:36:13.118454+00:00,cap-20260823T103006-b22ba294d7f7,2026-08-23T10:31:51.99339+00:00,succeeded
2026-08-23T10:34:45.647801+00:00,,capture-cdf84df80a9543d99594c45de0633ed4,bulk://analysis/cap-20260823T103300-f5e88b1f6dff/capture-cdf84df80a9543d99594c45de0633ed4/manifest.json,standard,88a5bc8b855f6e1f4edfbb8f627ad525e4ad3f77,2026-08-23T10:39:06.256426+00:00,cap-20260823T103300-f5e88b1f6dff,2026-08-23T10:34:48.185626+00:00,succeeded
2026-08-23T10:37:46.961607+00:00,,capture-3dc9cc1110eb4f68b499eefc2b651b34,bulk://analysis/cap-20260823T103600-a42d17d4fcb0/capture-3dc9cc1110eb4f68b499eefc2b651b34/manifest.json,standard,88a5bc8b855f6e1f4edfbb8f627ad525e4ad3f77,2026-08-23T10:42:50.226725+00:00,cap-20260823T103600-a42d17d4fcb0,2026-08-23T10:37:50.783946+00:00,succeeded
2026-08-23T10:40:44.31865+00:00,,capture-ce31b616191c4a8db21e96fe64d9f75c,bulk://analysis/cap-20260823T103900-f15ba31ea9b2/capture-ce31b616191c4a8db21e96fe64d9f75c/manifest.json,standard,88a5bc8b855f6e1f4edfbb8f627ad525e4ad3f77,2026-08-23T10:45:10.017147+00:00,cap-20260823T103900-f15ba31ea9b2,2026-08-23T10:40:44.882682+00:00,succeeded
2026-08-23T10:43:44.730791+00:00,,capture-f020fefcc7e74c518c70ecaab4abf9e3,bulk://analysis/cap-20260823T104200-597c155f2bcf/capture-f020fefcc7e74c518c70ecaab4abf9e3/manifest.json,standard,88a5bc8b855f6e1f4edfbb8f627ad525e4ad3f77,2026-08-23T10:46:47.592072+00:00,cap-20260823T104200-597c155f2bcf,2026-08-23T10:43:45.988706+00:00,succeeded
2026-08-23T10:46:43.107518+00:00,,capture-c842fb33748f4b1abc4fd9e531a870bb,bulk://analysis/cap-20260823T104500-c60e191df8ff/capture-c842fb33748f4b1abc4fd9e531a870bb/manifest.json,standard,88a5bc8b855f6e1f4edfbb8f627ad525e4ad3f77,2026-08-23T10:51:00.553574+00:00,cap-20260823T104500-c60e191df8ff,2026-08-23T10:46:44.103366+00:00,succeeded
2026-08-23T10:49:43.567866+00:00,,capture-a6897b23e8804d3e85702c2e633ec2c4,bulk://analysis/cap-20260823T104800-e74d8882b242/capture-a6897b23e8804d3e85702c2e633ec2c4/manifest.json,standard,88a5bc8b855f6e1f4edfbb8f627ad525e4ad3f77,2026-08-23T10:54:14.0281+00:00,cap-20260823T104800-e74d8882b242,2026-08-23T10:49:44.914648+00:00,succeeded
2026-08-23T10:55:44.701688+00:00,,capture-a5203b147ef44b48a9cae153d15cf19a,bulk://analysis/cap-20260823T105400-45b265314705/capture-a5203b147ef44b48a9cae153d15cf19a/manifest.json,standard,88a5bc8b855f6e1f4edfbb8f627ad525e4ad3f77,2026-08-23T11:01:04.222305+00:00,cap-20260823T105400-45b265314705,2026-08-23T10:55:44.87909+00:00,succeeded
2026-08-23T10:58:51.129793+00:00,,capture-c5764441c2654563a02454f54c5e6872,bulk://analysis/cap-20260823T105700-5b47e25426e2/capture-c5764441c2654563a02454f54c5e6872/manifest.json,standard,88a5bc8b855f6e1f4edfbb8f627ad525e4ad3f77,2026-08-23T11:03:38.64309+00:00,cap-20260823T105700-5b47e25426e2,2026-08-23T10:58:54.063697+00:00,succeeded
2026-08-23T11:05:20.334458+00:00,,capture-143e3b6e24904d14a701b90f061f01a1,bulk://analysis/cap-20260823T110332-725635ff80b1/capture-143e3b6e24904d14a701b90f061f01a1/manifest.json,standard,88a5bc8b855f6e1f4edfbb8f627ad525e4ad3f77,2026-08-23T11:10:08.98921+00:00,cap-20260823T110332-725635ff80b1,2026-08-23T11:05:20.738559+00:00,succeeded
2026-08-23T11:08:08.164052+00:00,,capture-3d378441b80340aba7e4d18cd0777aa5,bulk://analysis/cap-20260823T110622-a02d007ca14a/capture-3d378441b80340aba7e4d18cd0777aa5/manifest.json,standard,88a5bc8b855f6e1f4edfbb8f627ad525e4ad3f77,2026-08-23T11:12:54.564071+00:00,cap-20260823T110622-a02d007ca14a,2026-08-23T11:08:09.09122+00:00,succeeded
2026-08-23T11:13:29.168595+00:00,,capture-7417ea60498c438dadfa240b0f24e232,bulk://analysis/cap-20260823T111139-5bde5bd4dd04/capture-7417ea60498c438dadfa240b0f24e232/manifest.json,standard,88a5bc8b855f6e1f4edfbb8f627ad525e4ad3f77,2026-08-23T11:16:41.63497+00:00,cap-20260823T111139-5bde5bd4dd04,2026-08-23T11:13:30.018183+00:00,succeeded
2026-08-23T11:16:15.829741+00:00,,capture-5ceb0c08cdd94339bde54b97fb33bc81,bulk://analysis/cap-20260823T111430-17ab4cda0851/capture-5ceb0c08cdd94339bde54b97fb33bc81/manifest.json,standard,88a5bc8b855f6e1f4edfbb8f627ad525e4ad3f77,2026-08-23T11:20:18.975326+00:00,cap-20260823T111430-17ab4cda0851,2026-08-23T11:16:17.05955+00:00,succeeded
2026-08-23T11:19:00.096768+00:00,,capture-53fb7202197a4ff4a4488c4e3fef7d76,bulk://analysis/cap-20260823T111715-35a82d19c4c5/capture-53fb7202197a4ff4a4488c4e3fef7d76/manifest.json,standard,88a5bc8b855f6e1f4edfbb8f627ad525e4ad3f77,2026-08-23T11:23:05.500157+00:00,cap-20260823T111715-35a82d19c4c5,2026-08-23T11:19:07.052341+00:00,succeeded
2026-08-23T11:21:46.1419+00:00,,capture-5e4cf843a53943e798d72e54e8875d76,bulk://analysis/cap-20260823T112002-cd1078bbb46d/capture-5e4cf843a53943e798d72e54e8875d76/manifest.json,standard,88a5bc8b855f6e1f4edfbb8f627ad525e4ad3f77,2026-08-23T11:26:16.024125+00:00,cap-20260823T112002-cd1078bbb46d,2026-08-23T11:21:46.7745+00:00,succeeded
2026-08-23T11:24:30.270783+00:00,,capture-34e22a075a614858b1602a9ac0b8904e,bulk://analysis/cap-20260823T112246-00eaaa171336/capture-34e22a075a614858b1602a9ac0b8904e/manifest.json,standard,88a5bc8b855f6e1f4edfbb8f627ad525e4ad3f77,2026-08-23T11:29:18.683368+00:00,cap-20260823T112246-00eaaa171336,2026-08-23T11:24:30.409302+00:00,succeeded
2026-08-23T11:30:08.210504+00:00,,capture-c5d8c539a08d47dbb4dc29d85840e499,bulk://analysis/cap-20260823T112821-12d694a8feba/capture-c5d8c539a08d47dbb4dc29d85840e499/manifest.json,standard,88a5bc8b855f6e1f4edfbb8f627ad525e4ad3f77,2026-08-23T11:35:23.847555+00:00,cap-20260823T112821-12d694a8feba,2026-08-23T11:30:09.936494+00:00,succeeded
2026-08-23T11:32:54.642438+00:00,,capture-d2cf0b3392654088afd9016e9911219e,bulk://analysis/cap-20260823T113111-10142f2c1489/capture-d2cf0b3392654088afd9016e9911219e/manifest.json,standard,88a5bc8b855f6e1f4edfbb8f627ad525e4ad3f77,2026-08-23T11:37:26.756191+00:00,cap-20260823T113111-10142f2c1489,2026-08-23T11:32:59.142163+00:00,succeeded
2026-08-23T11:39:11.222421+00:00,,capture-634215262cab44b78d74cacaa22d14dc,bulk://analysis/cap-20260823T113719-e85d040a0afd/capture-634215262cab44b78d74cacaa22d14dc/manifest.json,standard,88a5bc8b855f6e1f4edfbb8f627ad525e4ad3f77,2026-08-23T11:44:21.934098+00:00,cap-20260823T113719-e85d040a0afd,2026-08-23T11:39:11.47865+00:00,succeeded
2026-08-23T11:41:59.170788+00:00,,capture-35c6754389d54183bd7d2f49f4c937d4,bulk://analysis/cap-20260823T114012-49c3afc433c0/capture-35c6754389d54183bd7d2f49f4c937d4/manifest.json,standard,88a5bc8b855f6e1f4edfbb8f627ad525e4ad3f77,2026-08-23T11:46:00.685981+00:00,cap-20260823T114012-49c3afc433c0,2026-08-23T11:42:03.615863+00:00,succeeded
2026-08-23T11:47:21.7074+00:00,,capture-93f3c4ffb60c465faeecb286487f032f,bulk://analysis/cap-20260823T114537-e7e1cf063697/capture-93f3c4ffb60c465faeecb286487f032f/manifest.json,standard,88a5bc8b855f6e1f4edfbb8f627ad525e4ad3f77,2026-08-23T11:51:41.742085+00:00,cap-20260823T114537-e7e1cf063697,2026-08-23T11:47:22.092919+00:00,succeeded
2026-08-23T11:50:06.081595+00:00,,capture-6f90531bf43345aeb693a8d97181f0ef,bulk://analysis/cap-20260823T114819-6119ff0fc686/capture-6f90531bf43345aeb693a8d97181f0ef/manifest.json,standard,88a5bc8b855f6e1f4edfbb8f627ad525e4ad3f77,2026-08-23T11:54:00.561308+00:00,cap-20260823T114819-6119ff0fc686,2026-08-23T11:50:06.489509+00:00,succeeded
2026-08-23T11:53:01.33146+00:00,,capture-7899f78b1f4848dbbd205ca224438a1c,bulk://analysis/cap-20260823T115110-180c32b1c8f9/capture-7899f78b1f4848dbbd205ca224438a1c/manifest.json,standard,88a5bc8b855f6e1f4edfbb8f627ad525e4ad3f77,2026-08-23T11:57:53.495254+00:00,cap-20260823T115110-180c32b1c8f9,2026-08-23T11:53:03.12953+00:00,succeeded
2026-08-23T11:58:44.642315+00:00,,capture-c7d31883b06d4ae482cede761d86470c,bulk://analysis/cap-20260823T115700-5d76364aed04/capture-c7d31883b06d4ae482cede761d86470c/manifest.json,standard,88a5bc8b855f6e1f4edfbb8f627ad525e4ad3f77,2026-08-23T12:02:31.843096+00:00,cap-20260823T115700-5d76364aed04,2026-08-23T11:58:47.707907+00:00,succeeded
2026-08-23T12:01:52.58142+00:00,,capture-678ff90eca1142dbac78454aebe3850e,bulk://analysis/cap-20260823T120000-c785295408a6/capture-678ff90eca1142dbac78454aebe3850e/manifest.json,standard,88a5bc8b855f6e1f4edfbb8f627ad525e4ad3f77,2026-08-23T12:06:34.996091+00:00,cap-20260823T120000-c785295408a6,2026-08-23T12:01:53.69141+00:00,succeeded
2026-08-23T12:04:53.45129+00:00,,capture-58683e850d7440d5ba1bada4a791b73b,bulk://analysis/cap-20260823T120300-951fa50b00a5/capture-58683e850d7440d5ba1bada4a791b73b/manifest.json,standard,88a5bc8b855f6e1f4edfbb8f627ad525e4ad3f77,2026-08-23T12:09:19.18694+00:00,cap-20260823T120300-951fa50b00a5,2026-08-23T12:04:56.364342+00:00,succeeded
2026-08-23T12:11:04.879185+00:00,,capture-5b37fc30e1c940efb3d87c13d666a844,bulk://analysis/cap-20260823T120914-2fb2b61aab4b/capture-5b37fc30e1c940efb3d87c13d666a844/manifest.json,standard,88a5bc8b855f6e1f4edfbb8f627ad525e4ad3f77,2026-08-23T12:15:51.596659+00:00,cap-20260823T120914-2fb2b61aab4b,2026-08-23T12:11:05.285257+00:00,succeeded
2026-08-23T12:13:53.530791+00:00,,capture-2bf3ce026f3d4736b17c8a7a1d5e89cb,bulk://analysis/cap-20260823T121207-a425c08db278/capture-2bf3ce026f3d4736b17c8a7a1d5e89cb/manifest.json,standard,88a5bc8b855f6e1f4edfbb8f627ad525e4ad3f77,2026-08-23T12:18:19.879654+00:00,cap-20260823T121207-a425c08db278,2026-08-23T12:13:56.243948+00:00,succeeded
2026-08-23T12:16:45.260341+00:00,,capture-714f67ab794541d1bdb08ff2145483b4,bulk://analysis/cap-20260823T121500-1549f8e17f0e/capture-714f67ab794541d1bdb08ff2145483b4/manifest.json,standard,88a5bc8b855f6e1f4edfbb8f627ad525e4ad3f77,2026-08-23T12:20:55.432852+00:00,cap-20260823T121500-1549f8e17f0e,2026-08-23T12:16:46.129069+00:00,succeeded
2026-08-23T12:19:44.535776+00:00,,capture-7544b746159e49b09a179c63dcaf079e,bulk://analysis/cap-20260823T121800-1b13c9a3deb5/capture-7544b746159e49b09a179c63dcaf079e/manifest.json,standard,88a5bc8b855f6e1f4edfbb8f627ad525e4ad3f77,2026-08-23T12:23:27.772025+00:00,cap-20260823T121800-1b13c9a3deb5,2026-08-23T12:19:44.886046+00:00,succeeded
2026-08-23T12:22:42.454036+00:00,,capture-dda79d3cddad43ae92af4a55f9f0a348,bulk://analysis/cap-20260823T122100-237b879c5bd8/capture-dda79d3cddad43ae92af4a55f9f0a348/manifest.json,standard,88a5bc8b855f6e1f4edfbb8f627ad525e4ad3f77,2026-08-23T12:26:02.60018+00:00,cap-20260823T122100-237b879c5bd8,2026-08-23T12:22:49.295852+00:00,succeeded
2026-08-23T12:25:41.655039+00:00,,capture-15309aa589ea4b19a2aa5cb6b086dbb7,bulk://analysis/cap-20260823T122400-3e76e386934e/capture-15309aa589ea4b19a2aa5cb6b086dbb7/manifest.json,standard,88a5bc8b855f6e1f4edfbb8f627ad525e4ad3f77,2026-08-23T12:29:11.386754+00:00,cap-20260823T122400-3e76e386934e,2026-08-23T12:25:41.77544+00:00,succeeded
2026-08-23T12:28:46.548975+00:00,,capture-d6782e8169024dc89f8051981ced7b67,bulk://analysis/cap-20260823T122700-0f0409ec36c0/capture-d6782e8169024dc89f8051981ced7b67/manifest.json,standard,88a5bc8b855f6e1f4edfbb8f627ad525e4ad3f77,2026-08-23T12:32:30.521516+00:00,cap-20260823T122700-0f0409ec36c0,2026-08-23T12:28:47.724875+00:00,succeeded
2026-08-23T12:31:45.73802+00:00,,capture-6e97e60b96fb4fdd8ca5e4fbc6b4557d,bulk://analysis/cap-20260823T123000-7d9bf279ce51/capture-6e97e60b96fb4fdd8ca5e4fbc6b4557d/manifest.json,standard,88a5bc8b855f6e1f4edfbb8f627ad525e4ad3f77,2026-08-23T12:36:07.274183+00:00,cap-20260823T123000-7d9bf279ce51,2026-08-23T12:31:49.684886+00:00,succeeded
2026-08-23T12:34:45.656715+00:00,,capture-4e22141a78a94b8480322f749386d8f8,bulk://analysis/cap-20260823T123300-c314b8b8743a/capture-4e22141a78a94b8480322f749386d8f8/manifest.json,standard,88a5bc8b855f6e1f4edfbb8f627ad525e4ad3f77,2026-08-23T12:38:59.654697+00:00,cap-20260823T123300-c314b8b8743a,2026-08-23T12:34:54.411391+00:00,succeeded
2026-08-23T12:37:45.129831+00:00,,capture-ae29c7ec50ac4ca092fda5150b7bbafe,bulk://analysis/cap-20260823T123600-af912444ceca/capture-ae29c7ec50ac4ca092fda5150b7bbafe/manifest.json,standard,88a5bc8b855f6e1f4edfbb8f627ad525e4ad3f77,2026-08-23T12:41:39.913404+00:00,cap-20260823T123600-af912444ceca,2026-08-23T12:37:45.761635+00:00,succeeded
2026-08-23T12:40:42.455127+00:00,,capture-5385cdd9743546b3a1c04cfb711a978e,bulk://analysis/cap-20260823T123900-885a0a1407c0/capture-5385cdd9743546b3a1c04cfb711a978e/manifest.json,standard,88a5bc8b855f6e1f4edfbb8f627ad525e4ad3f77,2026-08-23T12:45:03.912878+00:00,cap-20260823T123900-885a0a1407c0,2026-08-23T12:40:42.53422+00:00,succeeded
2026-08-23T12:43:43.677838+00:00,,capture-20c751b4444945a38f3fe3167c53a8d8,bulk://analysis/cap-20260823T124200-2d84faf9d282/capture-20c751b4444945a38f3fe3167c53a8d8/manifest.json,standard,88a5bc8b855f6e1f4edfbb8f627ad525e4ad3f77,2026-08-23T12:47:54.66518+00:00,cap-20260823T124200-2d84faf9d282,2026-08-23T12:43:44.861135+00:00,succeeded
2026-08-23T12:46:42.313404+00:00,,capture-763ad529476c40338393ccff6d9fbf19,bulk://analysis/cap-20260823T124500-aeeb35522ab9/capture-763ad529476c40338393ccff6d9fbf19/manifest.json,standard,88a5bc8b855f6e1f4edfbb8f627ad525e4ad3f77,2026-08-23T12:49:25.541903+00:00,cap-20260823T124500-aeeb35522ab9,2026-08-23T12:46:42.543786+00:00,succeeded
2026-08-23T12:49:43.525245+00:00,,capture-2cce7ca22297426eb4eee6806a4b385a,bulk://analysis/cap-20260823T124800-650468f8f57d/capture-2cce7ca22297426eb4eee6806a4b385a/manifest.json,standard,88a5bc8b855f6e1f4edfbb8f627ad525e4ad3f77,2026-08-23T12:53:28.992412+00:00,cap-20260823T124800-650468f8f57d,2026-08-23T12:49:45.264035+00:00,succeeded
2026-08-23T12:52:46.210645+00:00,,capture-8bc01218f7e2452d92ecb27ce4805e0c,bulk://analysis/cap-20260823T125100-15f477ec3c2e/capture-8bc01218f7e2452d92ecb27ce4805e0c/manifest.json,standard,88a5bc8b855f6e1f4edfbb8f627ad525e4ad3f77,2026-08-23T12:56:30.303847+00:00,cap-20260823T125100-15f477ec3c2e,2026-08-23T12:52:51.646509+00:00,succeeded
2026-08-23T13:01:45.167978+00:00,,capture-07a5f036beae45f8b00b454b2d612171,bulk://analysis/cap-20260823T130000-3b8996fa984b/capture-07a5f036beae45f8b00b454b2d612171/manifest.json,standard,88a5bc8b855f6e1f4edfbb8f627ad525e4ad3f77,2026-08-23T13:06:18.661956+00:00,cap-20260823T130000-3b8996fa984b,2026-08-23T13:01:45.557735+00:00,succeeded
2026-08-23T13:17:02.970223+00:00,,capture-4f261aa05da848b6b120d634c40a97d9,bulk://analysis/cap-20260823T131519-2504637dc8f8/capture-4f261aa05da848b6b120d634c40a97d9/manifest.json,standard,88a5bc8b855f6e1f4edfbb8f627ad525e4ad3f77,2026-08-23T13:19:57.703887+00:00,cap-20260823T131519-2504637dc8f8,2026-08-23T13:17:04.910948+00:00,succeeded
2026-08-23T13:19:45.349628+00:00,,capture-41c794e268124ff3bc4d204b15f37570,bulk://analysis/cap-20260823T131801-604f88d26a85/capture-41c794e268124ff3bc4d204b15f37570/manifest.json,standard,88a5bc8b855f6e1f4edfbb8f627ad525e4ad3f77,2026-08-23T13:23:35.624093+00:00,cap-20260823T131801-604f88d26a85,2026-08-23T13:19:46.24852+00:00,succeeded
2026-08-23T13:22:39.62276+00:00,,capture-ce172d5207c54ef3bec5fe8bf6c15fec,bulk://analysis/cap-20260823T132100-7e848cfd1394/capture-ce172d5207c54ef3bec5fe8bf6c15fec/manifest.json,standard,88a5bc8b855f6e1f4edfbb8f627ad525e4ad3f77,2026-08-23T13:26:06.083614+00:00,cap-20260823T132100-7e848cfd1394,2026-08-23T13:22:39.780139+00:00,succeeded
2026-08-23T13:25:45.658528+00:00,,capture-2207245d861143a996d1376788eafbb6,bulk://analysis/cap-20260823T132400-e36b1b963036/capture-2207245d861143a996d1376788eafbb6/manifest.json,standard,88a5bc8b855f6e1f4edfbb8f627ad525e4ad3f77,2026-08-23T13:29:43.849823+00:00,cap-20260823T132400-e36b1b963036,2026-08-23T13:25:47.14413+00:00,succeeded
2026-08-23T13:28:39.627968+00:00,,capture-2cc6d79b41f34207a363da1bff12ee8b,bulk://analysis/cap-20260823T132700-1f1a9f00d07d/capture-2cc6d79b41f34207a363da1bff12ee8b/manifest.json,standard,88a5bc8b855f6e1f4edfbb8f627ad525e4ad3f77,2026-08-23T13:32:49.628551+00:00,cap-20260823T132700-1f1a9f00d07d,2026-08-23T13:28:44.574382+00:00,succeeded
2026-08-23T13:31:45.86525+00:00,,capture-bdc1243ba58848139e3fed3fbdab6cab,bulk://analysis/cap-20260823T133000-05e02094d704/capture-bdc1243ba58848139e3fed3fbdab6cab/manifest.json,standard,88a5bc8b855f6e1f4edfbb8f627ad525e4ad3f77,2026-08-23T13:36:27.681751+00:00,cap-20260823T133000-05e02094d704,2026-08-23T13:31:45.969281+00:00,succeeded
2026-08-23T13:34:42.415217+00:00,,capture-aa2ddddede71449c8f8ed784709b02ac,bulk://analysis/cap-20260823T133300-eb7033a60d1c/capture-aa2ddddede71449c8f8ed784709b02ac/manifest.json,standard,88a5bc8b855f6e1f4edfbb8f627ad525e4ad3f77,2026-08-23T13:38:44.642498+00:00,cap-20260823T133300-eb7033a60d1c,2026-08-23T13:34:44.099383+00:00,succeeded
2026-08-23T13:37:40.237878+00:00,,capture-285838dc71dd4bc28a1004ad7a83c5b7,bulk://analysis/cap-20260823T133600-e6a64a20edaf/capture-285838dc71dd4bc28a1004ad7a83c5b7/manifest.json,standard,88a5bc8b855f6e1f4edfbb8f627ad525e4ad3f77,2026-08-23T13:41:51.044222+00:00,cap-20260823T133600-e6a64a20edaf,2026-08-23T13:37:40.564126+00:00,succeeded
2026-08-23T13:40:43.324543+00:00,,capture-aa703a7cb2d54f1dace62c9edf13af89,bulk://analysis/cap-20260823T133900-e9ac7614124b/capture-aa703a7cb2d54f1dace62c9edf13af89/manifest.json,standard,88a5bc8b855f6e1f4edfbb8f627ad525e4ad3f77,2026-08-23T13:44:00.681673+00:00,cap-20260823T133900-e9ac7614124b,2026-08-23T13:40:43.890523+00:00,succeeded
2026-08-23T13:43:46.716593+00:00,,capture-8fa7a2e1132a460995eebb7ae08ccb08,bulk://analysis/cap-20260823T134200-2d7cd9a08d04/capture-8fa7a2e1132a460995eebb7ae08ccb08/manifest.json,standard,88a5bc8b855f6e1f4edfbb8f627ad525e4ad3f77,2026-08-23T13:47:46.600452+00:00,cap-20260823T134200-2d7cd9a08d04,2026-08-23T13:43:47.28734+00:00,succeeded
2026-08-23T13:46:44.877578+00:00,,capture-9ba4ef3c26a54f6fa6f3a05ecc697ac6,bulk://analysis/cap-20260823T134500-a3357e0a77fc/capture-9ba4ef3c26a54f6fa6f3a05ecc697ac6/manifest.json,standard,88a5bc8b855f6e1f4edfbb8f627ad525e4ad3f77,2026-08-23T13:50:46.157069+00:00,cap-20260823T134500-a3357e0a77fc,2026-08-23T13:46:45.827376+00:00,succeeded
2026-08-23T13:49:42.221212+00:00,,capture-97031bd4e2d041b4accc49104f764bea,bulk://analysis/cap-20260823T134800-272180665c42/capture-97031bd4e2d041b4accc49104f764bea/manifest.json,standard,88a5bc8b855f6e1f4edfbb8f627ad525e4ad3f77,2026-08-23T13:53:28.839131+00:00,cap-20260823T134800-272180665c42,2026-08-23T13:49:42.302547+00:00,succeeded
2026-08-23T13:52:42.029059+00:00,,capture-b02f93740e8e41a3839db186a24def9f,bulk://analysis/cap-20260823T135100-3e6a71233bab/capture-b02f93740e8e41a3839db186a24def9f/manifest.json,standard,88a5bc8b855f6e1f4edfbb8f627ad525e4ad3f77,2026-08-23T13:56:35.679984+00:00,cap-20260823T135100-3e6a71233bab,2026-08-23T13:52:43.855028+00:00,succeeded
2026-08-23T13:55:39.92443+00:00,,capture-8ea48babef0e464dbb1f3d9811cba342,bulk://analysis/cap-20260823T135400-a8a9c0924e3e/capture-8ea48babef0e464dbb1f3d9811cba342/manifest.json,standard,88a5bc8b855f6e1f4edfbb8f627ad525e4ad3f77,2026-08-23T13:58:38.399417+00:00,cap-20260823T135400-a8a9c0924e3e,2026-08-23T13:55:40.254459+00:00,succeeded
2026-08-23T13:58:43.334316+00:00,,capture-03f4af783a8d4fd1879bfbcdbf97efba,bulk://analysis/cap-20260823T135700-b35f5f92dc27/capture-03f4af783a8d4fd1879bfbcdbf97efba/manifest.json,standard,88a5bc8b855f6e1f4edfbb8f627ad525e4ad3f77,2026-08-23T14:02:59.119167+00:00,cap-20260823T135700-b35f5f92dc27,2026-08-23T13:58:43.468571+00:00,succeeded
2026-08-23T14:01:42.827365+00:00,,capture-d648c306a89a4e80813aaf4b7b83dd6a,bulk://analysis/cap-20260823T140000-f8179c2eb538/capture-d648c306a89a4e80813aaf4b7b83dd6a/manifest.json,standard,88a5bc8b855f6e1f4edfbb8f627ad525e4ad3f77,2026-08-23T14:05:59.405074+00:00,cap-20260823T140000-f8179c2eb538,2026-08-23T14:01:43.244638+00:00,succeeded
2026-08-23T14:04:46.954974+00:00,,capture-ebd7b68b7f3c44028a07265562cdec54,bulk://analysis/cap-20260823T140300-f1218cfb1c56/capture-ebd7b68b7f3c44028a07265562cdec54/manifest.json,standard,88a5bc8b855f6e1f4edfbb8f627ad525e4ad3f77,2026-08-23T14:09:35.003559+00:00,cap-20260823T140300-f1218cfb1c56,2026-08-23T14:04:49.031284+00:00,succeeded
2026-08-23T14:07:46.490098+00:00,,capture-3b30885c51364b9a9b68aa28c708f8b2,bulk://analysis/cap-20260823T140600-b6dc07ab06ad/capture-3b30885c51364b9a9b68aa28c708f8b2/manifest.json,standard,88a5bc8b855f6e1f4edfbb8f627ad525e4ad3f77,2026-08-23T14:11:33.288976+00:00,cap-20260823T140600-b6dc07ab06ad,2026-08-23T14:07:46.906536+00:00,succeeded
2026-08-23T14:10:47.869987+00:00,,capture-ed4b3c54c6f14e65b4e5b154b535cb5e,bulk://analysis/cap-20260823T140900-266ce4a2f30a/capture-ed4b3c54c6f14e65b4e5b154b535cb5e/manifest.json,standard,88a5bc8b855f6e1f4edfbb8f627ad525e4ad3f77,2026-08-23T14:14:12.741646+00:00,cap-20260823T140900-266ce4a2f30a,2026-08-23T14:10:48.43111+00:00,succeeded
2026-08-23T14:16:44.233852+00:00,,capture-5226001bd1f348389512c2c9a4d130df,bulk://analysis/cap-20260823T141500-ac017465e83c/capture-5226001bd1f348389512c2c9a4d130df/manifest.json,standard,88a5bc8b855f6e1f4edfbb8f627ad525e4ad3f77,2026-08-23T14:21:16.764871+00:00,cap-20260823T141500-ac017465e83c,2026-08-23T14:16:44.970301+00:00,succeeded
2026-08-23T14:19:45.025899+00:00,,capture-f77c9bdc79e2472e85f037f9f54d38ab,bulk://analysis/cap-20260823T141800-aa205612e770/capture-f77c9bdc79e2472e85f037f9f54d38ab/manifest.json,standard,88a5bc8b855f6e1f4edfbb8f627ad525e4ad3f77,2026-08-23T14:25:04.758796+00:00,cap-20260823T141800-aa205612e770,2026-08-23T14:19:47.796395+00:00,succeeded
2026-08-23T14:22:42.074007+00:00,,capture-b005d7c279594783a33fb0c7b76a9c26,bulk://analysis/cap-20260823T142100-bacbdc89f3c3/capture-b005d7c279594783a33fb0c7b76a9c26/manifest.json,standard,88a5bc8b855f6e1f4edfbb8f627ad525e4ad3f77,2026-08-23T14:27:13.416072+00:00,cap-20260823T142100-bacbdc89f3c3,2026-08-23T14:22:43.184577+00:00,succeeded
2026-08-23T14:28:54.17656+00:00,,capture-fcf7acb59b45437cac82c154e4228944,bulk://analysis/cap-20260823T142708-56f9d9ac6f05/capture-fcf7acb59b45437cac82c154e4228944/manifest.json,standard,88a5bc8b855f6e1f4edfbb8f627ad525e4ad3f77,2026-08-23T14:34:10.427039+00:00,cap-20260823T142708-56f9d9ac6f05,2026-08-23T14:28:54.628946+00:00,succeeded
2026-08-23T14:31:43.936181+00:00,,capture-62bc379bbbf8405ea3e4a9afa51624b1,bulk://analysis/cap-20260823T143000-74f7ae0e8079/capture-62bc379bbbf8405ea3e4a9afa51624b1/manifest.json,standard,88a5bc8b855f6e1f4edfbb8f627ad525e4ad3f77,2026-08-23T14:36:14.979353+00:00,cap-20260823T143000-74f7ae0e8079,2026-08-23T14:31:47.002498+00:00,succeeded
2026-08-23T14:34:45.899074+00:00,,capture-443854191b3040b4a588ef06fb2f4105,bulk://analysis/cap-20260823T143300-1cad4e6bcd63/capture-443854191b3040b4a588ef06fb2f4105/manifest.json,standard,88a5bc8b855f6e1f4edfbb8f627ad525e4ad3f77,2026-08-23T14:39:13.214223+00:00,cap-20260823T143300-1cad4e6bcd63,2026-08-23T14:34:49.598347+00:00,succeeded
2026-08-23T14:37:42.33416+00:00,,capture-9fe32180dc74497bbd4fcf4f7fcbf3c3,bulk://analysis/cap-20260823T143600-d224768d8147/capture-9fe32180dc74497bbd4fcf4f7fcbf3c3/manifest.json,standard,88a5bc8b855f6e1f4edfbb8f627ad525e4ad3f77,2026-08-23T14:42:13.523521+00:00,cap-20260823T143600-d224768d8147,2026-08-23T14:37:42.761065+00:00,succeeded
2026-08-23T14:40:43.48025+00:00,,capture-d21a8849ff7b4a32b1153bdbd54a5ea0,bulk://analysis/cap-20260823T143900-d6099c9727ca/capture-d21a8849ff7b4a32b1153bdbd54a5ea0/manifest.json,standard,88a5bc8b855f6e1f4edfbb8f627ad525e4ad3f77,2026-08-23T14:45:04.693451+00:00,cap-20260823T143900-d6099c9727ca,2026-08-23T14:40:43.662831+00:00,succeeded
2026-08-23T14:43:40.669741+00:00,,capture-da59c914adfe41278262fe4b5d297de0,bulk://analysis/cap-20260823T144200-34e2144863ce/capture-da59c914adfe41278262fe4b5d297de0/manifest.json,standard,88a5bc8b855f6e1f4edfbb8f627ad525e4ad3f77,2026-08-23T14:48:03.529368+00:00,cap-20260823T144200-34e2144863ce,2026-08-23T14:43:40.83647+00:00,succeeded
2026-08-23T14:46:42.673527+00:00,,capture-2f8d198034154e53ab9f7cfe9e553ee5,bulk://analysis/cap-20260823T144500-8ab6144d67ce/capture-2f8d198034154e53ab9f7cfe9e553ee5/manifest.json,standard,88a5bc8b855f6e1f4edfbb8f627ad525e4ad3f77,2026-08-23T14:51:10.277161+00:00,cap-20260823T144500-8ab6144d67ce,2026-08-23T14:46:43.740443+00:00,succeeded
2026-08-23T14:49:44.163243+00:00,,capture-01873f01cc6643c7817d2321083c5dbe,bulk://analysis/cap-20260823T144800-4d84f9f58732/capture-01873f01cc6643c7817d2321083c5dbe/manifest.json,standard,88a5bc8b855f6e1f4edfbb8f627ad525e4ad3f77,2026-08-23T14:54:14.619859+00:00,cap-20260823T144800-4d84f9f58732,2026-08-23T14:49:44.736336+00:00,succeeded
2026-08-23T14:52:40.209164+00:00,,capture-4b1835cc8c894eeaab1b4cc84f80e7d2,bulk://analysis/cap-20260823T145100-9845f0b85950/capture-4b1835cc8c894eeaab1b4cc84f80e7d2/manifest.json,standard,88a5bc8b855f6e1f4edfbb8f627ad525e4ad3f77,2026-08-23T14:57:14.732702+00:00,cap-20260823T145100-9845f0b85950,2026-08-23T14:52:40.353042+00:00,succeeded
2026-08-23T14:55:43.98528+00:00,,capture-fb7fcc88c34d458ca2470b3f496c4b56,bulk://analysis/cap-20260823T145400-e198c8bbd577/capture-fb7fcc88c34d458ca2470b3f496c4b56/manifest.json,standard,88a5bc8b855f6e1f4edfbb8f627ad525e4ad3f77,2026-08-23T14:59:02.083474+00:00,cap-20260823T145400-e198c8bbd577,2026-08-23T14:55:44.688231+00:00,succeeded
2026-08-23T14:58:42.881351+00:00,,capture-184da08839a2476bb5f92b9f681a84e1,bulk://analysis/cap-20260823T145700-fca14cfe68e6/capture-184da08839a2476bb5f92b9f681a84e1/manifest.json,standard,88a5bc8b855f6e1f4edfbb8f627ad525e4ad3f77,2026-08-23T15:02:45.081497+00:00,cap-20260823T145700-fca14cfe68e6,2026-08-23T14:58:42.99085+00:00,succeeded
2026-08-23T15:01:42.595544+00:00,,capture-afe41739b8234fcaa11b496fde6fb733,bulk://analysis/cap-20260823T150000-081192b64713/capture-afe41739b8234fcaa11b496fde6fb733/manifest.json,standard,88a5bc8b855f6e1f4edfbb8f627ad525e4ad3f77,2026-08-23T15:05:08.270837+00:00,cap-20260823T150000-081192b64713,2026-08-23T15:01:42.88166+00:00,succeeded
