path,scope_digest,branch_id,trajectory_id,window_index,start_time_s,end_time_s,reference_time_s,phase_supported_span_ms,supported_frame_count,phase_update_count,phase_lock_qualified,qualified_20_70ms_segment,local_cfo_doppler_rate_hz_s,local_cfo_doppler_rate_sigma_hz_s,phase_frequency_kalman_rate_hz_s,glrt_doppler_rate_hz_s,local_minus_glrt_rate_hz_s,frequency_line_rms_hz,held_out_frequency_rms_hz,median_coherence_margin,qualification_failures
stream-0/RX0 upper,sha256:933253659aeb4ce6c70bd6bd59511a4de2327175265ecb9ea78702fcdda6df45,sha256:997d8dcd539ee0395d0144e5d242a18b14148d7737fc16e5e520efd0a521b98a,sha256:76f2747289d5677e12af719c93444ea1a6b5408731ae316254d34db8cc0e892c,0,47.075,47.145,47.112516,1.3336000000000008,47,2,False,False,-3754.8894362436768,128.69468538499112,-3794.971725617131,-5682.742261241052,1927.8528249973751,15.95722137112542,19.066167837028473,0.13450195873138118,modulo-pi phase lock did not qualify; phase-supported span is shorter than 20 ms
stream-0/RX0 upper,sha256:933253659aeb4ce6c70bd6bd59511a4de2327175265ecb9ea78702fcdda6df45,sha256:997d8dcd539ee0395d0144e5d242a18b14148d7737fc16e5e520efd0a521b98a,sha256:76f2747289d5677e12af719c93444ea1a6b5408731ae316254d34db8cc0e892c,1,47.65,47.72,47.68020373333333,58.666799999999995,45,45,True,True,-3612.7723192101394,129.7784884034771,-3757.7826337997762,-5682.742261241052,2069.9699420309125,15.075177063669956,16.7019367627008,0.10461403194180839,
stream-0/RX0 upper,sha256:933253659aeb4ce6c70bd6bd59511a4de2327175265ecb9ea78702fcdda6df45,sha256:997d8dcd539ee0395d0144e5d242a18b14148d7737fc16e5e520efd0a521b98a,sha256:76f2747289d5677e12af719c93444ea1a6b5408731ae316254d34db8cc0e892c,2,48.025,48.095,48.0599692,67.99999999999999,52,52,True,True,-3820.994635697116,111.99441755511646,-3796.6914353025095,-5682.742261241052,1861.747625543936,16.16103782624553,19.31778148496545,0.1329291241766602,
stream-0/RX0 upper,sha256:933253659aeb4ce6c70bd6bd59511a4de2327175265ecb9ea78702fcdda6df45,sha256:997d8dcd539ee0395d0144e5d242a18b14148d7737fc16e5e520efd0a521b98a,sha256:76f2747289d5677e12af719c93444ea1a6b5408731ae316254d34db8cc0e892c,3,48.5,48.57,48.525314533333336,46.666799999999995,36,36,True,False,-4360.997963904507,177.72139058235157,-3854.3430804263903,-5682.742261241052,1321.744297336545,14.769781994106841,16.666445721619496,0.14193824688275195,supported frame coverage below threshold
stream-0/RX0 upper,sha256:933253659aeb4ce6c70bd6bd59511a4de2327175265ecb9ea78702fcdda6df45,sha256:997d8dcd539ee0395d0144e5d242a18b14148d7737fc16e5e520efd0a521b98a,sha256:76f2747289d5677e12af719c93444ea1a6b5408731ae316254d34db8cc0e892c,4,48.875,48.945,48.9096888,67.99999999999999,52,52,True,True,-3792.0886040473815,137.58552491822473,-4093.3713884530384,-5682.742261241052,1890.6536571936704,19.853890230314388,20.327831934168387,0.12428104739444296,
stream-0/RX0 upper,sha256:933253659aeb4ce6c70bd6bd59511a4de2327175265ecb9ea78702fcdda6df45,sha256:997d8dcd539ee0395d0144e5d242a18b14148d7737fc16e5e520efd0a521b98a,sha256:76f2747289d5677e12af719c93444ea1a6b5408731ae316254d34db8cc0e892c,5,49.325,49.395,49.35655226382979,61.3332,47,47,True,True,-3991.215668581925,118.19514609311547,-3666.5217130281753,-5682.742261241052,1691.526592659127,14.655349458562169,14.728697049019829,0.12322522385612912,
stream-0/RX0 upper,sha256:933253659aeb4ce6c70bd6bd59511a4de2327175265ecb9ea78702fcdda6df45,sha256:997d8dcd539ee0395d0144e5d242a18b14148d7737fc16e5e520efd0a521b98a,sha256:76f2747289d5677e12af719c93444ea1a6b5408731ae316254d34db8cc0e892c,6,49.85,49.92,49.88158626382979,61.3332,47,47,True,True,-3518.239438926029,139.90641552873402,-3826.6779690199364,-5682.742261241052,2164.502822315023,17.347390978755552,18.56164676415617,0.12890362658906052,
stream-0/RX0 upper,sha256:933253659aeb4ce6c70bd6bd59511a4de2327175265ecb9ea78702fcdda6df45,sha256:997d8dcd539ee0395d0144e5d242a18b14148d7737fc16e5e520efd0a521b98a,sha256:76f2747289d5677e12af719c93444ea1a6b5408731ae316254d34db8cc0e892c,7,50.225,50.295,50.2603464,1.3336,50,2,False,False,-3977.7165253242633,111.56275024467985,-3916.050317899743,-5682.742261241052,1705.0257359167886,15.178733176853004,15.80395005993069,0.12943142845959105,modulo-pi phase lock did not qualify; phase-supported span is shorter than 20 ms
stream-0/RX0 upper,sha256:933253659aeb4ce6c70bd6bd59511a4de2327175265ecb9ea78702fcdda6df45,sha256:997d8dcd539ee0395d0144e5d242a18b14148d7737fc16e5e520efd0a521b98a,sha256:76f2747289d5677e12af719c93444ea1a6b5408731ae316254d34db8cc0e892c,8,50.7,50.77,50.7259486631579,49.3332,38,38,True,False,-4288.98070995007,146.5060282140506,-3107.2624300122543,-5682.742261241052,1393.7615512909815,13.204699136558547,13.212647215688932,0.13633494063965312,supported frame coverage below threshold; local-line and Kalman Doppler rates disagree
stream-0/RX0 upper,sha256:933253659aeb4ce6c70bd6bd59511a4de2327175265ecb9ea78702fcdda6df45,sha256:997d8dcd539ee0395d0144e5d242a18b14148d7737fc16e5e520efd0a521b98a,sha256:76f2747289d5677e12af719c93444ea1a6b5408731ae316254d34db8cc0e892c,9,51.075,51.145,51.109860133333335,66.6668,51,51,True,True,-4050.835018281104,106.22299098648791,-4137.45782092196,-5682.742261241052,1631.9072429599478,14.88807227357904,18.057706949756124,0.1412911088168384,
stream-0/RX0 upper,sha256:933253659aeb4ce6c70bd6bd59511a4de2327175265ecb9ea78702fcdda6df45,sha256:997d8dcd539ee0395d0144e5d242a18b14148d7737fc16e5e520efd0a521b98a,sha256:76f2747289d5677e12af719c93444ea1a6b5408731ae316254d34db8cc0e892c,10,51.525,51.595,51.558081333333334,61.333200000000005,48,47,True,True,-3845.044028513818,119.35266928437582,-4037.0420320116486,-5682.742261241052,1837.698232727234,15.273828609781107,16.820208397219684,0.15294515401002207,
stream-0/RX0 upper,sha256:933253659aeb4ce6c70bd6bd59511a4de2327175265ecb9ea78702fcdda6df45,sha256:997d8dcd539ee0395d0144e5d242a18b14148d7737fc16e5e520efd0a521b98a,sha256:76f2747289d5677e12af719c93444ea1a6b5408731ae316254d34db8cc0e892c,11,51.975,52.045,51.99277466153846,33.3332,26,16,False,False,-4193.112326747323,839.3166273679274,-5426.4013686673425,-5682.742261241052,1489.6299344937288,42.7969054445165,44.07881066290127,0.15225363462583474,supported frame coverage below threshold; modulo-pi phase lock did not qualify; local-line and Kalman Doppler rates disagree
stream-0/RX0 upper,sha256:933253659aeb4ce6c70bd6bd59511a4de2327175265ecb9ea78702fcdda6df45,sha256:997d8dcd539ee0395d0144e5d242a18b14148d7737fc16e5e520efd0a521b98a,sha256:76f2747289d5677e12af719c93444ea1a6b5408731ae316254d34db8cc0e892c,12,52.35,52.42,52.3850748,68.0,52,49,True,True,-3693.873372416628,110.02494516484838,-3771.306581522944,-5682.742261241052,1988.8688888244237,15.876838680505031,16.561376956408633,0.11799265319606457,
stream-0/RX0 upper,sha256:933253659aeb4ce6c70bd6bd59511a4de2327175265ecb9ea78702fcdda6df45,sha256:997d8dcd539ee0395d0144e5d242a18b14148d7737fc16e5e520efd0a521b98a,sha256:76f2747289d5677e12af719c93444ea1a6b5408731ae316254d34db8cc0e892c,13,52.8,52.87,52.82502693333333,46.666799999999995,36,32,True,False,-3835.5512415445255,241.75675494054062,-3712.0143455688117,-5682.742261241052,1847.1910196965264,20.091529524803757,21.002342425754225,0.12680226509057535,supported frame coverage below threshold
stream-0/RX0 upper,sha256:933253659aeb4ce6c70bd6bd59511a4de2327175265ecb9ea78702fcdda6df45,sha256:997d8dcd539ee0395d0144e5d242a18b14148d7737fc16e5e520efd0a521b98a,sha256:76f2747289d5677e12af719c93444ea1a6b5408731ae316254d34db8cc0e892c,14,53.175,53.245,53.209972799999996,22.666800000000002,52,17,False,False,-3781.5245689397543,92.22184614499773,-15000.0,-5682.742261241052,1901.2176923012976,13.307812804348254,14.658252664362708,0.13485766451380998,modulo-pi phase lock did not qualify; local-line and Kalman Doppler rates disagree
stream-0/RX0 upper,sha256:933253659aeb4ce6c70bd6bd59511a4de2327175265ecb9ea78702fcdda6df45,sha256:997d8dcd539ee0395d0144e5d242a18b14148d7737fc16e5e520efd0a521b98a,sha256:76f2747289d5677e12af719c93444ea1a6b5408731ae316254d34db8cc0e892c,15,53.625,53.695,53.6566116,60.00000000000001,46,35,False,False,-3418.565360409773,99.06502550194857,-3695.8850636795305,-5682.742261241052,2264.176900831279,11.89330760001317,12.189119983414136,0.13707108188016442,modulo-pi phase lock did not qualify
stream-0/RX1 upper,sha256:058270deacd5dcee85dbccb5e27a1fe05166d0a605afdcfdf92317fcf033bab0,sha256:e82aceb7c338d09957cc7adb9c814737181aaedd4ffd161b9633f621999009e0,sha256:0d2fc94a8b2b3d35abe882c35e9690ace6cd90f39a4f133ea054102a1b6fab28,0,48.5,48.57,48.525314533333336,46.666799999999995,36,36,True,False,-4254.181570902763,189.3556801782232,-4029.9368101793393,-5654.410863263503,1400.2292923607401,15.736665723883336,16.173122971233887,0.11844549284239742,supported frame coverage below threshold
stream-0/RX1 upper,sha256:058270deacd5dcee85dbccb5e27a1fe05166d0a605afdcfdf92317fcf033bab0,sha256:e82aceb7c338d09957cc7adb9c814737181aaedd4ffd161b9633f621999009e0,sha256:0d2fc94a8b2b3d35abe882c35e9690ace6cd90f39a4f133ea054102a1b6fab28,1,48.8,48.87,48.831975463829785,61.333200000000005,47,47,True,True,-3803.579156023794,132.6354890863094,-3962.273835445685,-5654.410863263503,1850.8317072397094,16.44584830612088,18.639906190190604,0.10851146688041326,
stream-0/RX1 upper,sha256:058270deacd5dcee85dbccb5e27a1fe05166d0a605afdcfdf92317fcf033bab0,sha256:e82aceb7c338d09957cc7adb9c814737181aaedd4ffd161b9633f621999009e0,sha256:0d2fc94a8b2b3d35abe882c35e9690ace6cd90f39a4f133ea054102a1b6fab28,2,49.175,49.245,49.210904,1.3336,50,2,False,False,-3648.0770974528186,129.28254084539265,-3558.1514028609295,-5654.410863263503,2006.3337658106848,17.589609324026092,18.62436201216429,0.09998365336695836,modulo-pi phase lock did not qualify; phase-supported span is shorter than 20 ms
stream-0/RX1 upper,sha256:058270deacd5dcee85dbccb5e27a1fe05166d0a605afdcfdf92317fcf033bab0,sha256:e82aceb7c338d09957cc7adb9c814737181aaedd4ffd161b9633f621999009e0,sha256:0d2fc94a8b2b3d35abe882c35e9690ace6cd90f39a4f133ea054102a1b6fab28,3,49.475,49.545,49.4842184,15.999999999999996,13,13,False,False,-3253.9603276322164,1197.9699372750504,-4178.666785018595,-5654.410863263503,2400.450535631287,21.548711407610785,35.969613108984746,0.09513472583050563,supported frame coverage below threshold; modulo-pi phase lock did not qualify; phase-supported span is shorter than 20 ms
stream-0/RX1 upper,sha256:058270deacd5dcee85dbccb5e27a1fe05166d0a605afdcfdf92317fcf033bab0,sha256:e82aceb7c338d09957cc7adb9c814737181aaedd4ffd161b9633f621999009e0,sha256:0d2fc94a8b2b3d35abe882c35e9690ace6cd90f39a4f133ea054102a1b6fab28,4,49.85,49.92,49.88158626382979,61.3332,47,47,True,True,-3781.3597334522215,144.77153520725662,-3850.5898165645767,-5654.410863263503,1873.051129811282,17.95063088668126,18.754848660245695,0.09227847247566669,
stream-0/RX1 upper,sha256:058270deacd5dcee85dbccb5e27a1fe05166d0a605afdcfdf92317fcf033bab0,sha256:e82aceb7c338d09957cc7adb9c814737181aaedd4ffd161b9633f621999009e0,sha256:0d2fc94a8b2b3d35abe882c35e9690ace6cd90f39a4f133ea054102a1b6fab28,5,50.15,50.22,50.1853044,68.0,52,52,True,True,-3645.00874305167,149.739768079492,-3716.1624785961176,-5654.410863263503,2009.4021202118333,21.607773930651135,21.60905742878583,0.0960890467090683,
stream-0/RX1 upper,sha256:058270deacd5dcee85dbccb5e27a1fe05166d0a605afdcfdf92317fcf033bab0,sha256:e82aceb7c338d09957cc7adb9c814737181aaedd4ffd161b9633f621999009e0,sha256:0d2fc94a8b2b3d35abe882c35e9690ace6cd90f39a4f133ea054102a1b6fab28,6,50.525,50.595,50.53316013333333,14.666799999999999,12,12,False,False,-2887.893409005492,1142.4138752923027,-2863.954082846325,-5654.410863263503,2766.5174542580116,18.215094952572233,26.34940930737203,0.0887142882238049,supported frame coverage below threshold; modulo-pi phase lock did not qualify; phase-supported span is shorter than 20 ms
stream-0/RX1 upper,sha256:058270deacd5dcee85dbccb5e27a1fe05166d0a605afdcfdf92317fcf033bab0,sha256:e82aceb7c338d09957cc7adb9c814737181aaedd4ffd161b9633f621999009e0,sha256:0d2fc94a8b2b3d35abe882c35e9690ace6cd90f39a4f133ea054102a1b6fab28,7,50.825,50.895,50.84044386086957,29.3332,23,23,True,False,-4056.098985113574,326.89893417223925,-5608.668650369383,-5654.410863263503,1598.3118781499293,13.865716803784876,15.031041898055744,0.08646071230456892,supported frame coverage below threshold; local-line and Kalman Doppler rates disagree
stream-0/RX1 upper,sha256:058270deacd5dcee85dbccb5e27a1fe05166d0a605afdcfdf92317fcf033bab0,sha256:e82aceb7c338d09957cc7adb9c814737181aaedd4ffd161b9633f621999009e0,sha256:0d2fc94a8b2b3d35abe882c35e9690ace6cd90f39a4f133ea054102a1b6fab28,8,51.2,51.27,51.234708000000005,68.0,52,48,True,True,-3726.745148604954,115.69547985062711,-3759.5463900268123,-5654.410863263503,1927.6657146585494,16.69510915819922,16.911062663145074,0.08879547434018994,
stream-0/RX1 upper,sha256:058270deacd5dcee85dbccb5e27a1fe05166d0a605afdcfdf92317fcf033bab0,sha256:e82aceb7c338d09957cc7adb9c814737181aaedd4ffd161b9633f621999009e0,sha256:0d2fc94a8b2b3d35abe882c35e9690ace6cd90f39a4f133ea054102a1b6fab28,9,51.5,51.57,51.53474813333333,65.3332,51,49,True,True,-3787.8757619904472,145.8259912455858,-3734.71184597113,-5654.410863263503,1866.5351012730562,20.43877579484423,20.548688726108225,0.09209620074776101,
stream-0/RX1 upper,sha256:058270deacd5dcee85dbccb5e27a1fe05166d0a605afdcfdf92317fcf033bab0,sha256:e82aceb7c338d09957cc7adb9c814737181aaedd4ffd161b9633f621999009e0,sha256:0d2fc94a8b2b3d35abe882c35e9690ace6cd90f39a4f133ea054102a1b6fab28,10,51.875,51.945,51.8897744,27.999999999999996,22,22,True,False,-4000.9956830137376,408.4996153845334,-4461.871646652929,-5654.410863263503,1653.4151802497659,16.207835294095545,20.00977464003358,0.09747675621287522,supported frame coverage below threshold
stream-0/RX1 upper,sha256:058270deacd5dcee85dbccb5e27a1fe05166d0a605afdcfdf92317fcf033bab0,sha256:e82aceb7c338d09957cc7adb9c814737181aaedd4ffd161b9633f621999009e0,sha256:0d2fc94a8b2b3d35abe882c35e9690ace6cd90f39a4f133ea054102a1b6fab28,11,52.225,52.295,52.26028,67.99999999999999,52,49,True,True,-3715.779883669348,121.69362793108375,-3344.638453157535,-5654.410863263503,1938.6309795941556,17.560654960676167,18.339343105463765,0.07216402362957189,
stream-0/RX1 upper,sha256:058270deacd5dcee85dbccb5e27a1fe05166d0a605afdcfdf92317fcf033bab0,sha256:e82aceb7c338d09957cc7adb9c814737181aaedd4ffd161b9633f621999009e0,sha256:0d2fc94a8b2b3d35abe882c35e9690ace6cd90f39a4f133ea054102a1b6fab28,12,52.65,52.72,52.6850484,67.99999999999999,52,50,True,True,-3874.161481482869,155.48906553779057,-3815.4510956999657,-5654.410863263503,1780.2493817806344,22.43741004757789,24.949240968414667,0.08720819811870419,
stream-0/RX1 upper,sha256:058270deacd5dcee85dbccb5e27a1fe05166d0a605afdcfdf92317fcf033bab0,sha256:e82aceb7c338d09957cc7adb9c814737181aaedd4ffd161b9633f621999009e0,sha256:0d2fc94a8b2b3d35abe882c35e9690ace6cd90f39a4f133ea054102a1b6fab28,13,52.95,53.02,52.98605986938776,1.3331999999999997,49,2,False,False,-3694.7666098891195,187.38804499456563,-3710.9938056949577,-5654.410863263503,1959.6442533743839,24.733958016054135,26.146413904535315,0.07328821188194222,modulo-pi phase lock did not qualify; phase-supported span is shorter than 20 ms
stream-0/RX1 upper,sha256:058270deacd5dcee85dbccb5e27a1fe05166d0a605afdcfdf92317fcf033bab0,sha256:e82aceb7c338d09957cc7adb9c814737181aaedd4ffd161b9633f621999009e0,sha256:0d2fc94a8b2b3d35abe882c35e9690ace6cd90f39a4f133ea054102a1b6fab28,14,53.35,53.42,53.3612704,19.999999999999996,16,16,False,False,-2859.4298461064955,1132.3202187637448,-7194.085557323046,-5654.410863263503,2794.981017157008,27.83864520127825,37.76402243253842,0.07669394290661366,supported frame coverage below threshold; modulo-pi phase lock did not qualify; local-line and Kalman Doppler rates disagree; phase-supported span is shorter than 20 ms
stream-0/RX1 upper,sha256:058270deacd5dcee85dbccb5e27a1fe05166d0a605afdcfdf92317fcf033bab0,sha256:e82aceb7c338d09957cc7adb9c814737181aaedd4ffd161b9633f621999009e0,sha256:0d2fc94a8b2b3d35abe882c35e9690ace6cd90f39a4f133ea054102a1b6fab28,15,53.65,53.72,53.66927813333333,34.666799999999995,27,27,True,False,-3722.4808026049727,456.62278625578926,-4108.288848537292,-5654.410863263503,1931.9300606585307,24.6407262392779,30.23656395413349,0.08034780404379196,supported frame coverage below threshold
