scenario_id,row_id,split,alignment,background_session_id,snr_db,frame_occupancy,sample_clock_offset_ppm,opportunity_count,occupied_count,training_supported_count,supported_occupied_count,supported_unoccupied_count,occupied_support_rate,unoccupied_false_support_rate,even_cfo_rmse_hz,odd_cfo_rmse_hz,rejection_reason_counts
F5-1-C01,C01,calibration,oracle_true_resampled_lattice,cap-20260825T062228-886fe2dd9cde,-20.0,0.45,-50.0,1500,675,324,323,1,0.4785185185185185,0.0012121212121212121,91.7579295273258,294.9932389720537,"{""even_coherence_margin_below_minimum"": 456, ""even_exact_coherence_below_minimum"": 1175, ""even_search_boundary"": 106, ""guarded_frame_outside_frozen_span"": 1}"
F5-1-C01,C01,calibration,nominal_fixed_lattice,cap-20260825T062228-886fe2dd9cde,-20.0,0.45,-50.0,1500,675,5,4,1,0.005925925925925926,0.0012121212121212121,91.80500109781775,854.7812995884218,"{""even_coherence_margin_below_minimum"": 718, ""even_exact_coherence_below_minimum"": 1493, ""even_search_boundary"": 141, ""guarded_frame_outside_frozen_span"": 1}"
F5-1-C02,C02,calibration,oracle_true_resampled_lattice,cap-20260825T062228-886fe2dd9cde,-12.0,0.7,0.0,1500,1050,1049,1049,0,0.9990476190476191,0.0,31.373739969209232,33.090447161373405,"{""even_coherence_margin_below_minimum"": 217, ""even_exact_coherence_below_minimum"": 450, ""even_search_boundary"": 47, ""guarded_frame_outside_frozen_span"": 1}"
F5-1-C03,C03,calibration,oracle_true_resampled_lattice,cap-20260825T062228-886fe2dd9cde,-6.0,1.0,50.0,1500,1500,1498,1498,0,0.9986666666666667,0.0,16.114743715774956,15.57176107317976,"{""guarded_frame_outside_frozen_span"": 2}"
F5-1-C03,C03,calibration,nominal_fixed_lattice,cap-20260825T062228-886fe2dd9cde,-6.0,1.0,50.0,1500,1500,50,50,0,0.03333333333333333,0.0,179.8891269579952,266.3776978239121,"{""even_coherence_margin_below_minimum"": 777, ""even_exact_coherence_below_minimum"": 1449, ""even_search_boundary"": 131, ""guarded_frame_outside_frozen_span"": 1}"
F5-1-C04,C04,calibration,oracle_true_resampled_lattice,cap-20260825T062228-886fe2dd9cde,-6.0,0.7,-50.0,1500,1050,1050,1050,0,1.0,0.0,15.67740670253901,16.164166516885878,"{""even_coherence_margin_below_minimum"": 219, ""even_exact_coherence_below_minimum"": 449, ""even_search_boundary"": 53, ""guarded_frame_outside_frozen_span"": 1}"
F5-1-C04,C04,calibration,nominal_fixed_lattice,cap-20260825T062228-886fe2dd9cde,-6.0,0.7,-50.0,1500,1050,35,35,0,0.03333333333333333,0.0,60.475077851521114,485.0011882356712,"{""even_coherence_margin_below_minimum"": 711, ""even_exact_coherence_below_minimum"": 1464, ""even_search_boundary"": 139, ""guarded_frame_outside_frozen_span"": 1}"
F5-1-C05,C05,calibration,oracle_true_resampled_lattice,cap-20260825T062228-886fe2dd9cde,-12.0,1.0,50.0,1500,1500,1498,1498,0,0.9986666666666667,0.0,30.537107987799825,33.765452530687206,"{""guarded_frame_outside_frozen_span"": 2}"
F5-1-C05,C05,calibration,nominal_fixed_lattice,cap-20260825T062228-886fe2dd9cde,-12.0,1.0,50.0,1500,1500,35,35,0,0.023333333333333334,0.0,53.85759923135654,59.355629619067784,"{""even_coherence_margin_below_minimum"": 767, ""even_exact_coherence_below_minimum"": 1464, ""even_search_boundary"": 139, ""guarded_frame_outside_frozen_span"": 1}"
F5-1-C06,C06,calibration,oracle_true_resampled_lattice,cap-20260825T062228-886fe2dd9cde,-20.0,0.45,0.0,1500,675,274,274,0,0.4059259259259259,0.0,85.49893604020886,225.0842461357752,"{""even_coherence_margin_below_minimum"": 448, ""even_exact_coherence_below_minimum"": 1224, ""even_search_boundary"": 81, ""guarded_frame_outside_frozen_span"": 1}"
F5-1-E01,E01,evaluation,oracle_true_resampled_lattice,cap-20260825T062228-886fe2dd9cde,-12.0,1.0,50.0,1500,1500,1498,1498,0,0.9986666666666667,0.0,30.581821507441784,32.49230333214874,"{""guarded_frame_outside_frozen_span"": 2}"
F5-1-E01,E01,evaluation,nominal_fixed_lattice,cap-20260825T062228-886fe2dd9cde,-12.0,1.0,50.0,1500,1500,35,35,0,0.023333333333333334,0.0,229.45297173531085,329.78064039526515,"{""even_coherence_margin_below_minimum"": 766, ""even_exact_coherence_below_minimum"": 1464, ""even_search_boundary"": 147, ""guarded_frame_outside_frozen_span"": 1}"
F5-1-E02,E02,evaluation,oracle_true_resampled_lattice,cap-20260825T062228-886fe2dd9cde,-6.0,0.7,-50.0,1500,1050,1052,1049,3,0.9990476190476191,0.006666666666666667,15.648731382530253,16.102184898068376,"{""even_coherence_margin_below_minimum"": 225, ""even_exact_coherence_below_minimum"": 447, ""even_search_boundary"": 50, ""guarded_frame_outside_frozen_span"": 1}"
F5-1-E02,E02,evaluation,nominal_fixed_lattice,cap-20260825T062228-886fe2dd9cde,-6.0,0.7,-50.0,1500,1050,33,32,1,0.030476190476190476,0.0022222222222222222,46.43525591288117,294.4924273318738,"{""even_coherence_margin_below_minimum"": 717, ""even_exact_coherence_below_minimum"": 1466, ""even_search_boundary"": 150, ""guarded_frame_outside_frozen_span"": 1}"
F5-1-E03,E03,evaluation,oracle_true_resampled_lattice,cap-20260825T062228-886fe2dd9cde,-20.0,0.45,0.0,1500,675,327,327,0,0.48444444444444446,0.0,82.884493777473,358.875222280762,"{""even_coherence_margin_below_minimum"": 420, ""even_exact_coherence_below_minimum"": 1172, ""even_search_boundary"": 68, ""guarded_frame_outside_frozen_span"": 1}"
F5-1-E04,E04,evaluation,oracle_true_resampled_lattice,cap-20260825T062228-886fe2dd9cde,-6.0,1.0,0.0,1500,1500,1499,1499,0,0.9993333333333333,0.0,14.804720223253122,15.849024354769195,"{""guarded_frame_outside_frozen_span"": 1}"
F5-1-E05,E05,evaluation,oracle_true_resampled_lattice,cap-20260825T062228-886fe2dd9cde,-12.0,0.7,-50.0,1500,1050,1050,1050,0,1.0,0.0,32.08524678097344,33.4277385503512,"{""even_coherence_margin_below_minimum"": 201, ""even_exact_coherence_below_minimum"": 449, ""even_search_boundary"": 42, ""guarded_frame_outside_frozen_span"": 1}"
F5-1-E05,E05,evaluation,nominal_fixed_lattice,cap-20260825T062228-886fe2dd9cde,-12.0,0.7,-50.0,1500,1050,25,25,0,0.023809523809523808,0.0,41.38493435526065,44.796717934011035,"{""even_coherence_margin_below_minimum"": 706, ""even_exact_coherence_below_minimum"": 1474, ""even_search_boundary"": 157, ""guarded_frame_outside_frozen_span"": 1}"
F5-1-E06,E06,evaluation,oracle_true_resampled_lattice,cap-20260825T062228-886fe2dd9cde,-20.0,0.45,50.0,1500,675,312,311,1,0.46074074074074073,0.0012121212121212121,85.97199654123261,326.99666163255597,"{""even_coherence_margin_below_minimum"": 442, ""even_exact_coherence_below_minimum"": 1186, ""even_search_boundary"": 104, ""guarded_frame_outside_frozen_span"": 2}"
F5-1-E06,E06,evaluation,nominal_fixed_lattice,cap-20260825T062228-886fe2dd9cde,-20.0,0.45,50.0,1500,675,2,2,0,0.002962962962962963,0.0,128.71891039561407,60.185743032748434,"{""even_coherence_margin_below_minimum"": 725, ""even_exact_coherence_below_minimum"": 1497, ""even_search_boundary"": 138, ""guarded_frame_outside_frozen_span"": 1}"
F5-2-C01,C01,calibration,oracle_true_resampled_lattice,cap-20260825T105640-facdadeffb3b,-20.0,0.45,-50.0,1500,675,310,310,0,0.45925925925925926,0.0,87.742786495642,292.99014375598256,"{""even_coherence_margin_below_minimum"": 437, ""even_exact_coherence_below_minimum"": 1189, ""even_search_boundary"": 88, ""guarded_frame_outside_frozen_span"": 1}"
F5-2-C01,C01,calibration,nominal_fixed_lattice,cap-20260825T105640-facdadeffb3b,-20.0,0.45,-50.0,1500,675,2,1,1,0.0014814814814814814,0.0012121212121212121,6.04198047304817,144.01074258326844,"{""even_coherence_margin_below_minimum"": 736, ""even_exact_coherence_below_minimum"": 1497, ""even_search_boundary"": 156, ""guarded_frame_outside_frozen_span"": 1}"
F5-2-C02,C02,calibration,oracle_true_resampled_lattice,cap-20260825T105640-facdadeffb3b,-12.0,0.7,0.0,1500,1050,1049,1049,0,0.9990476190476191,0.0,31.670596600538598,31.521416173720805,"{""even_coherence_margin_below_minimum"": 193, ""even_exact_coherence_below_minimum"": 450, ""even_search_boundary"": 50, ""guarded_frame_outside_frozen_span"": 1}"
F5-2-C03,C03,calibration,oracle_true_resampled_lattice,cap-20260825T105640-facdadeffb3b,-6.0,1.0,50.0,1500,1500,1498,1498,0,0.9986666666666667,0.0,15.235261501178567,15.8197813155492,"{""guarded_frame_outside_frozen_span"": 2}"
F5-2-C03,C03,calibration,nominal_fixed_lattice,cap-20260825T105640-facdadeffb3b,-6.0,1.0,50.0,1500,1500,47,47,0,0.03133333333333333,0.0,31.7830932856276,35.47710815106394,"{""even_coherence_margin_below_minimum"": 788, ""even_exact_coherence_below_minimum"": 1452, ""even_search_boundary"": 128, ""guarded_frame_outside_frozen_span"": 1}"
F5-2-C04,C04,calibration,oracle_true_resampled_lattice,cap-20260825T105640-facdadeffb3b,-6.0,0.7,-50.0,1500,1050,1049,1049,0,0.9990476190476191,0.0,15.496188614811983,15.836220135272958,"{""even_coherence_margin_below_minimum"": 219, ""even_exact_coherence_below_minimum"": 450, ""even_search_boundary"": 44, ""guarded_frame_outside_frozen_span"": 1}"
F5-2-C04,C04,calibration,nominal_fixed_lattice,cap-20260825T105640-facdadeffb3b,-6.0,0.7,-50.0,1500,1050,33,33,0,0.03142857142857143,0.0,55.83678374926287,44.12524782072052,"{""even_coherence_margin_below_minimum"": 730, ""even_exact_coherence_below_minimum"": 1466, ""even_search_boundary"": 143, ""guarded_frame_outside_frozen_span"": 1}"
F5-2-C05,C05,calibration,oracle_true_resampled_lattice,cap-20260825T105640-facdadeffb3b,-12.0,1.0,50.0,1500,1500,1498,1498,0,0.9986666666666667,0.0,30.78060693616728,32.687126245622025,"{""guarded_frame_outside_frozen_span"": 2}"
F5-2-C05,C05,calibration,nominal_fixed_lattice,cap-20260825T105640-facdadeffb3b,-12.0,1.0,50.0,1500,1500,36,36,0,0.024,0.0,49.72794841354305,54.38503075339337,"{""even_coherence_margin_below_minimum"": 756, ""even_exact_coherence_below_minimum"": 1463, ""even_search_boundary"": 147, ""guarded_frame_outside_frozen_span"": 1}"
F5-2-C06,C06,calibration,oracle_true_resampled_lattice,cap-20260825T105640-facdadeffb3b,-20.0,0.45,0.0,1500,675,291,291,0,0.4311111111111111,0.0,86.37336999404192,340.01343217811166,"{""even_coherence_margin_below_minimum"": 426, ""even_exact_coherence_below_minimum"": 1208, ""even_search_boundary"": 98, ""guarded_frame_outside_frozen_span"": 1}"
F5-2-E01,E01,evaluation,oracle_true_resampled_lattice,cap-20260825T105640-facdadeffb3b,-12.0,1.0,50.0,1500,1500,1498,1498,0,0.9986666666666667,0.0,32.55703246774457,32.95533101539301,"{""guarded_frame_outside_frozen_span"": 2}"
F5-2-E01,E01,evaluation,nominal_fixed_lattice,cap-20260825T105640-facdadeffb3b,-12.0,1.0,50.0,1500,1500,38,38,0,0.025333333333333333,0.0,39.03559006858662,44.647978944918705,"{""even_coherence_margin_below_minimum"": 782, ""even_exact_coherence_below_minimum"": 1461, ""even_search_boundary"": 149, ""guarded_frame_outside_frozen_span"": 1}"
F5-2-E02,E02,evaluation,oracle_true_resampled_lattice,cap-20260825T105640-facdadeffb3b,-6.0,0.7,-50.0,1500,1050,1050,1050,0,1.0,0.0,15.200364270355424,16.00774282721879,"{""even_coherence_margin_below_minimum"": 197, ""even_exact_coherence_below_minimum"": 449, ""even_search_boundary"": 43, ""guarded_frame_outside_frozen_span"": 1}"
F5-2-E02,E02,evaluation,nominal_fixed_lattice,cap-20260825T105640-facdadeffb3b,-6.0,0.7,-50.0,1500,1050,38,38,0,0.03619047619047619,0.0,35.58786016138089,43.477684708450624,"{""even_coherence_margin_below_minimum"": 720, ""even_exact_coherence_below_minimum"": 1461, ""even_search_boundary"": 146, ""guarded_frame_outside_frozen_span"": 1}"
F5-2-E03,E03,evaluation,oracle_true_resampled_lattice,cap-20260825T105640-facdadeffb3b,-20.0,0.45,0.0,1500,675,305,305,0,0.45185185185185184,0.0,82.12289775504395,288.5245888947272,"{""even_coherence_margin_below_minimum"": 415, ""even_exact_coherence_below_minimum"": 1194, ""even_search_boundary"": 94, ""guarded_frame_outside_frozen_span"": 1}"
F5-2-E04,E04,evaluation,oracle_true_resampled_lattice,cap-20260825T105640-facdadeffb3b,-6.0,1.0,0.0,1500,1500,1499,1499,0,0.9993333333333333,0.0,15.455731849571803,16.434103795716062,"{""guarded_frame_outside_frozen_span"": 1}"
F5-2-E05,E05,evaluation,oracle_true_resampled_lattice,cap-20260825T105640-facdadeffb3b,-12.0,0.7,-50.0,1500,1050,1049,1049,0,0.9990476190476191,0.0,32.962150685176255,34.04372841959582,"{""even_coherence_margin_below_minimum"": 220, ""even_exact_coherence_below_minimum"": 450, ""even_search_boundary"": 43, ""guarded_frame_outside_frozen_span"": 1}"
F5-2-E05,E05,evaluation,nominal_fixed_lattice,cap-20260825T105640-facdadeffb3b,-12.0,0.7,-50.0,1500,1050,24,24,0,0.022857142857142857,0.0,49.28454205444854,36.07448944933577,"{""even_coherence_margin_below_minimum"": 710, ""even_exact_coherence_below_minimum"": 1475, ""even_search_boundary"": 135, ""guarded_frame_outside_frozen_span"": 1}"
F5-2-E06,E06,evaluation,oracle_true_resampled_lattice,cap-20260825T105640-facdadeffb3b,-20.0,0.45,50.0,1500,675,314,314,0,0.4651851851851852,0.0,89.70945995305094,283.7319528404233,"{""even_coherence_margin_below_minimum"": 422, ""even_exact_coherence_below_minimum"": 1184, ""even_search_boundary"": 83, ""guarded_frame_outside_frozen_span"": 2}"
F5-2-E06,E06,evaluation,nominal_fixed_lattice,cap-20260825T105640-facdadeffb3b,-20.0,0.45,50.0,1500,675,2,2,0,0.002962962962962963,0.0,76.39921155792602,41.85236101786158,"{""even_coherence_margin_below_minimum"": 741, ""even_exact_coherence_below_minimum"": 1497, ""even_search_boundary"": 138, ""guarded_frame_outside_frozen_span"": 1}"
F5-3-C01,C01,calibration,oracle_true_resampled_lattice,cap-20260825T111222-a2d4ce2afb9a,-20.0,0.45,-50.0,1500,675,308,308,0,0.4562962962962963,0.0,86.05654978261816,355.6754856181144,"{""even_coherence_margin_below_minimum"": 449, ""even_exact_coherence_below_minimum"": 1191, ""even_search_boundary"": 89, ""guarded_frame_outside_frozen_span"": 1}"
F5-3-C01,C01,calibration,nominal_fixed_lattice,cap-20260825T111222-a2d4ce2afb9a,-20.0,0.45,-50.0,1500,675,5,5,0,0.007407407407407408,0.0,105.20681834461125,103.40480541294617,"{""even_coherence_margin_below_minimum"": 730, ""even_exact_coherence_below_minimum"": 1493, ""even_search_boundary"": 165, ""guarded_frame_outside_frozen_span"": 1}"
F5-3-C02,C02,calibration,oracle_true_resampled_lattice,cap-20260825T111222-a2d4ce2afb9a,-12.0,0.7,0.0,1500,1050,1050,1050,0,1.0,0.0,31.276489270948673,32.617717083362926,"{""even_coherence_margin_below_minimum"": 221, ""even_exact_coherence_below_minimum"": 449, ""even_search_boundary"": 44, ""guarded_frame_outside_frozen_span"": 1}"
F5-3-C03,C03,calibration,oracle_true_resampled_lattice,cap-20260825T111222-a2d4ce2afb9a,-6.0,1.0,50.0,1500,1500,1498,1498,0,0.9986666666666667,0.0,15.122339707103185,16.422983226166576,"{""guarded_frame_outside_frozen_span"": 2}"
F5-3-C03,C03,calibration,nominal_fixed_lattice,cap-20260825T111222-a2d4ce2afb9a,-6.0,1.0,50.0,1500,1500,48,48,0,0.032,0.0,39.38863365359589,44.078816394051636,"{""even_coherence_margin_below_minimum"": 759, ""even_exact_coherence_below_minimum"": 1451, ""even_search_boundary"": 126, ""guarded_frame_outside_frozen_span"": 1}"
F5-3-C04,C04,calibration,oracle_true_resampled_lattice,cap-20260825T111222-a2d4ce2afb9a,-6.0,0.7,-50.0,1500,1050,1050,1050,0,1.0,0.0,15.69744120190781,15.891883116794103,"{""even_coherence_margin_below_minimum"": 224, ""even_exact_coherence_below_minimum"": 449, ""even_search_boundary"": 42, ""guarded_frame_outside_frozen_span"": 1}"
F5-3-C04,C04,calibration,nominal_fixed_lattice,cap-20260825T111222-a2d4ce2afb9a,-6.0,0.7,-50.0,1500,1050,41,41,0,0.039047619047619046,0.0,138.89667079909293,144.55685267442402,"{""even_coherence_margin_below_minimum"": 741, ""even_exact_coherence_below_minimum"": 1458, ""even_search_boundary"": 128, ""guarded_frame_outside_frozen_span"": 1}"
F5-3-C05,C05,calibration,oracle_true_resampled_lattice,cap-20260825T111222-a2d4ce2afb9a,-12.0,1.0,50.0,1500,1500,1498,1498,0,0.9986666666666667,0.0,30.90592631558527,33.30471540565942,"{""guarded_frame_outside_frozen_span"": 2}"
F5-3-C05,C05,calibration,nominal_fixed_lattice,cap-20260825T111222-a2d4ce2afb9a,-12.0,1.0,50.0,1500,1500,37,37,0,0.024666666666666667,0.0,266.19539856796865,284.9232499550284,"{""even_coherence_margin_below_minimum"": 782, ""even_exact_coherence_below_minimum"": 1462, ""even_search_boundary"": 141, ""guarded_frame_outside_frozen_span"": 1}"
F5-3-C06,C06,calibration,oracle_true_resampled_lattice,cap-20260825T111222-a2d4ce2afb9a,-20.0,0.45,0.0,1500,675,317,316,1,0.46814814814814815,0.0012121212121212121,139.99999862918762,332.6130516866299,"{""even_coherence_margin_below_minimum"": 429, ""even_exact_coherence_below_minimum"": 1182, ""even_search_boundary"": 86, ""guarded_frame_outside_frozen_span"": 1}"
F5-3-E01,E01,evaluation,oracle_true_resampled_lattice,cap-20260825T111222-a2d4ce2afb9a,-12.0,1.0,50.0,1500,1500,1498,1498,0,0.9986666666666667,0.0,31.68295694806517,33.3609403359558,"{""guarded_frame_outside_frozen_span"": 2}"
F5-3-E01,E01,evaluation,nominal_fixed_lattice,cap-20260825T111222-a2d4ce2afb9a,-12.0,1.0,50.0,1500,1500,35,35,0,0.023333333333333334,0.0,52.81284785308606,56.175348492577676,"{""even_coherence_margin_below_minimum"": 756, ""even_exact_coherence_below_minimum"": 1464, ""even_search_boundary"": 132, ""guarded_frame_outside_frozen_span"": 1}"
F5-3-E02,E02,evaluation,oracle_true_resampled_lattice,cap-20260825T111222-a2d4ce2afb9a,-6.0,0.7,-50.0,1500,1050,1050,1049,1,0.9990476190476191,0.0022222222222222222,15.326152845689093,15.521177851846037,"{""even_coherence_margin_below_minimum"": 235, ""even_exact_coherence_below_minimum"": 449, ""even_search_boundary"": 44, ""guarded_frame_outside_frozen_span"": 1}"
F5-3-E02,E02,evaluation,nominal_fixed_lattice,cap-20260825T111222-a2d4ce2afb9a,-6.0,0.7,-50.0,1500,1050,38,38,0,0.03619047619047619,0.0,103.33994983529713,244.6454426158141,"{""even_coherence_margin_below_minimum"": 719, ""even_exact_coherence_below_minimum"": 1461, ""even_search_boundary"": 152, ""guarded_frame_outside_frozen_span"": 1}"
F5-3-E03,E03,evaluation,oracle_true_resampled_lattice,cap-20260825T111222-a2d4ce2afb9a,-20.0,0.45,0.0,1500,675,308,307,1,0.45481481481481484,0.0012121212121212121,87.49351418040779,296.1934185752176,"{""even_coherence_margin_below_minimum"": 417, ""even_exact_coherence_below_minimum"": 1191, ""even_search_boundary"": 83, ""guarded_frame_outside_frozen_span"": 1}"
F5-3-E04,E04,evaluation,oracle_true_resampled_lattice,cap-20260825T111222-a2d4ce2afb9a,-6.0,1.0,0.0,1500,1500,1499,1499,0,0.9993333333333333,0.0,15.764526439371476,15.53765370746283,"{""guarded_frame_outside_frozen_span"": 1}"
F5-3-E05,E05,evaluation,oracle_true_resampled_lattice,cap-20260825T111222-a2d4ce2afb9a,-12.0,0.7,-50.0,1500,1050,1050,1050,0,1.0,0.0,31.244175469935055,32.49244356845086,"{""even_coherence_margin_below_minimum"": 237, ""even_exact_coherence_below_minimum"": 449, ""even_search_boundary"": 55, ""guarded_frame_outside_frozen_span"": 1}"
F5-3-E05,E05,evaluation,nominal_fixed_lattice,cap-20260825T111222-a2d4ce2afb9a,-12.0,0.7,-50.0,1500,1050,26,26,0,0.024761904761904763,0.0,273.7748734456933,155.26682949294099,"{""even_coherence_margin_below_minimum"": 723, ""even_exact_coherence_below_minimum"": 1473, ""even_search_boundary"": 145, ""guarded_frame_outside_frozen_span"": 1}"
F5-3-E06,E06,evaluation,oracle_true_resampled_lattice,cap-20260825T111222-a2d4ce2afb9a,-20.0,0.45,50.0,1500,675,297,296,1,0.43851851851851853,0.0012121212121212121,86.3695416158438,408.12935438199355,"{""even_coherence_margin_below_minimum"": 411, ""even_exact_coherence_below_minimum"": 1201, ""even_search_boundary"": 71, ""guarded_frame_outside_frozen_span"": 2}"
F5-3-E06,E06,evaluation,nominal_fixed_lattice,cap-20260825T111222-a2d4ce2afb9a,-20.0,0.45,50.0,1500,675,1,0,1,0.0,0.0012121212121212121,,,"{""even_coherence_margin_below_minimum"": 750, ""even_exact_coherence_below_minimum"": 1498, ""even_search_boundary"": 165, ""guarded_frame_outside_frozen_span"": 1}"
