scenario_id,row_id,split,alignment,estimator,background_session_id,snr_db,frame_occupancy,acceleration_hz_s2,jerk_hz_s3,alias_change_hz,cfo_step_hz,sample_clock_offset_ppm,expected_endpoint_count,complete_endpoint_count,evaluable,interval_evaluable,bias_hz_s,mse_hz2_s2,rmse_hz_s,median_absolute_error_hz_s,failure_rate,endpoint_coverage,scenario_simultaneous_coverage,median_interval_half_width_hz_s
F5-1-C01,C01,calibration,nominal_fixed_lattice,fixed_125ms_linear,cap-20260825T062228-886fe2dd9cde,-20.0,0.45,-1600.0,-900.0,-750.0,0.0,-50.0,3,0,False,False,,,,,,,,
F5-1-C01,C01,calibration,nominal_fixed_lattice,fixed_500ms_linear,cap-20260825T062228-886fe2dd9cde,-20.0,0.45,-1600.0,-900.0,-750.0,0.0,-50.0,3,0,False,False,,,,,,,,
F5-1-C01,C01,calibration,nominal_fixed_lattice,fixed_500ms_max_score_diagnostic,cap-20260825T062228-886fe2dd9cde,-20.0,0.45,-1600.0,-900.0,-750.0,0.0,-50.0,3,0,False,False,,,,,,,,
F5-1-C01,C01,calibration,nominal_fixed_lattice,lean_curvature_500ms,cap-20260825T062228-886fe2dd9cde,-20.0,0.45,-1600.0,-900.0,-750.0,0.0,-50.0,3,0,False,False,,,,,,,,
F5-1-C01,C01,calibration,oracle_true_resampled_lattice,fixed_125ms_linear,cap-20260825T062228-886fe2dd9cde,-20.0,0.45,-1600.0,-900.0,-750.0,0.0,-50.0,3,1,False,False,888.9440535394378,790221.5303231269,888.9440535394378,888.9440535394378,1.0,1.0,,1085.625368311237
F5-1-C01,C01,calibration,oracle_true_resampled_lattice,fixed_500ms_linear,cap-20260825T062228-886fe2dd9cde,-20.0,0.45,-1600.0,-900.0,-750.0,0.0,-50.0,3,3,True,True,412.08204567269667,179092.6225045704,423.19336302046423,390.37365437368953,0.3333333333333333,0.0,False,136.38595315284283
F5-1-C01,C01,calibration,oracle_true_resampled_lattice,fixed_500ms_max_score_diagnostic,cap-20260825T062228-886fe2dd9cde,-20.0,0.45,-1600.0,-900.0,-750.0,0.0,-50.0,3,3,True,True,412.08204567269667,179092.6225045704,423.19336302046423,390.37365437368953,0.3333333333333333,1.0,True,1790.0841057371333
F5-1-C01,C01,calibration,oracle_true_resampled_lattice,lean_curvature_500ms,cap-20260825T062228-886fe2dd9cde,-20.0,0.45,-1600.0,-900.0,-750.0,0.0,-50.0,3,2,False,False,64.62437358028592,63528.12633205564,252.04786516067864,243.6222827891802,0.0,1.0,,545.1247757455934
F5-1-C02,C02,calibration,oracle_true_resampled_lattice,fixed_125ms_linear,cap-20260825T062228-886fe2dd9cde,-12.0,0.7,0.0,0.0,0.0,0.0,0.0,3,3,True,True,-26.774008371051575,14181.095753019123,119.08440600271356,103.56215005897911,0.0,1.0,True,340.58920032291905
F5-1-C02,C02,calibration,oracle_true_resampled_lattice,fixed_500ms_linear,cap-20260825T062228-886fe2dd9cde,-12.0,0.7,0.0,0.0,0.0,0.0,0.0,3,3,True,True,-8.584956985452814,341.1225969732897,18.469504513475442,11.916909096283689,0.0,1.0,True,42.360249608494414
F5-1-C02,C02,calibration,oracle_true_resampled_lattice,fixed_500ms_max_score_diagnostic,cap-20260825T062228-886fe2dd9cde,-12.0,0.7,0.0,0.0,0.0,0.0,0.0,3,3,True,True,-8.584956985452814,341.1225969732897,18.469504513475442,11.916909096283689,0.0,1.0,True,555.9840129155039
F5-1-C02,C02,calibration,oracle_true_resampled_lattice,lean_curvature_500ms,cap-20260825T062228-886fe2dd9cde,-12.0,0.7,0.0,0.0,0.0,0.0,0.0,3,3,True,True,-68.97622823675268,4900.145067959679,70.00103619204275,66.20877416033045,0.0,1.0,True,172.0641642979566
F5-1-C03,C03,calibration,nominal_fixed_lattice,fixed_125ms_linear,cap-20260825T062228-886fe2dd9cde,-6.0,1.0,1600.0,900.0,750.0,400.0,50.0,3,0,False,False,,,,,,,,
F5-1-C03,C03,calibration,nominal_fixed_lattice,fixed_500ms_linear,cap-20260825T062228-886fe2dd9cde,-6.0,1.0,1600.0,900.0,750.0,400.0,50.0,3,0,False,False,,,,,,,,
F5-1-C03,C03,calibration,nominal_fixed_lattice,fixed_500ms_max_score_diagnostic,cap-20260825T062228-886fe2dd9cde,-6.0,1.0,1600.0,900.0,750.0,400.0,50.0,3,0,False,False,,,,,,,,
F5-1-C03,C03,calibration,nominal_fixed_lattice,lean_curvature_500ms,cap-20260825T062228-886fe2dd9cde,-6.0,1.0,1600.0,900.0,750.0,400.0,50.0,3,0,False,False,,,,,,,,
F5-1-C03,C03,calibration,oracle_true_resampled_lattice,fixed_125ms_linear,cap-20260825T062228-886fe2dd9cde,-6.0,1.0,1600.0,900.0,750.0,400.0,50.0,3,3,True,True,-103.14603500713777,10974.56063627942,104.75953720916975,107.91027293407478,0.0,1.0,True,279.37595309784643
F5-1-C03,C03,calibration,oracle_true_resampled_lattice,fixed_500ms_linear,cap-20260825T062228-886fe2dd9cde,-6.0,1.0,1600.0,900.0,750.0,400.0,50.0,3,3,True,True,-119.60749065794471,89959.35515132139,299.9322509356428,264.1597217268388,0.0,0.0,False,35.059916456714305
F5-1-C03,C03,calibration,oracle_true_resampled_lattice,fixed_500ms_max_score_diagnostic,cap-20260825T062228-886fe2dd9cde,-6.0,1.0,1600.0,900.0,750.0,400.0,50.0,3,3,True,True,-119.60749065794471,89959.35515132139,299.9322509356428,264.1597217268388,0.0,1.0,True,460.16615162195575
F5-1-C03,C03,calibration,oracle_true_resampled_lattice,lean_curvature_500ms,cap-20260825T062228-886fe2dd9cde,-6.0,1.0,1600.0,900.0,750.0,400.0,50.0,3,3,True,True,-483.1551967158314,670577.715646959,818.8880971457328,23.867761451556362,0.3333333333333333,0.6666666666666666,False,141.15742158231348
F5-1-C04,C04,calibration,nominal_fixed_lattice,fixed_125ms_linear,cap-20260825T062228-886fe2dd9cde,-6.0,0.7,-1600.0,900.0,0.0,0.0,-50.0,3,0,False,False,,,,,,,,
F5-1-C04,C04,calibration,nominal_fixed_lattice,fixed_500ms_linear,cap-20260825T062228-886fe2dd9cde,-6.0,0.7,-1600.0,900.0,0.0,0.0,-50.0,3,0,False,False,,,,,,,,
F5-1-C04,C04,calibration,nominal_fixed_lattice,fixed_500ms_max_score_diagnostic,cap-20260825T062228-886fe2dd9cde,-6.0,0.7,-1600.0,900.0,0.0,0.0,-50.0,3,0,False,False,,,,,,,,
F5-1-C04,C04,calibration,nominal_fixed_lattice,lean_curvature_500ms,cap-20260825T062228-886fe2dd9cde,-6.0,0.7,-1600.0,900.0,0.0,0.0,-50.0,3,0,False,False,,,,,,,,
F5-1-C04,C04,calibration,oracle_true_resampled_lattice,fixed_125ms_linear,cap-20260825T062228-886fe2dd9cde,-6.0,0.7,-1600.0,900.0,0.0,0.0,-50.0,3,3,True,True,46.83569582304941,2860.7958856811715,53.48640842009465,33.25210424721831,0.0,1.0,True,320.5797618246255
F5-1-C04,C04,calibration,oracle_true_resampled_lattice,fixed_500ms_linear,cap-20260825T062228-886fe2dd9cde,-6.0,0.7,-1600.0,900.0,0.0,0.0,-50.0,3,3,True,True,433.8406915165977,198597.65407251604,445.6429670403383,425.06708725941394,0.3333333333333333,0.0,False,42.44424435208536
F5-1-C04,C04,calibration,oracle_true_resampled_lattice,fixed_500ms_max_score_diagnostic,cap-20260825T062228-886fe2dd9cde,-6.0,0.7,-1600.0,900.0,0.0,0.0,-50.0,3,3,True,True,433.8406915165977,198597.65407251604,445.6429670403383,425.06708725941394,0.3333333333333333,1.0,True,557.0864553004549
F5-1-C04,C04,calibration,oracle_true_resampled_lattice,lean_curvature_500ms,cap-20260825T062228-886fe2dd9cde,-6.0,0.7,-1600.0,900.0,0.0,0.0,-50.0,3,3,True,True,-24.052450032761953,789.1115797782235,28.091129912807414,18.10747180661133,0.0,1.0,True,170.30598318546186
F5-1-C05,C05,calibration,nominal_fixed_lattice,fixed_125ms_linear,cap-20260825T062228-886fe2dd9cde,-12.0,1.0,0.0,-900.0,750.0,-400.0,50.0,3,0,False,False,,,,,,,,
F5-1-C05,C05,calibration,nominal_fixed_lattice,fixed_500ms_linear,cap-20260825T062228-886fe2dd9cde,-12.0,1.0,0.0,-900.0,750.0,-400.0,50.0,3,0,False,False,,,,,,,,
F5-1-C05,C05,calibration,nominal_fixed_lattice,fixed_500ms_max_score_diagnostic,cap-20260825T062228-886fe2dd9cde,-12.0,1.0,0.0,-900.0,750.0,-400.0,50.0,3,0,False,False,,,,,,,,
F5-1-C05,C05,calibration,nominal_fixed_lattice,lean_curvature_500ms,cap-20260825T062228-886fe2dd9cde,-12.0,1.0,0.0,-900.0,750.0,-400.0,50.0,3,0,False,False,,,,,,,,
F5-1-C05,C05,calibration,oracle_true_resampled_lattice,fixed_125ms_linear,cap-20260825T062228-886fe2dd9cde,-12.0,1.0,0.0,-900.0,750.0,-400.0,50.0,3,3,True,True,-61.80514239962986,9983.227948712767,99.9161045513323,96.6480869524562,0.0,1.0,True,279.95058506097934
F5-1-C05,C05,calibration,oracle_true_resampled_lattice,fixed_500ms_linear,cap-20260825T062228-886fe2dd9cde,-12.0,1.0,0.0,-900.0,750.0,-400.0,50.0,3,3,True,True,-284.6044142103013,155641.56249671648,394.5143375046292,154.3072183229301,0.3333333333333333,0.3333333333333333,False,35.149335224411224
F5-1-C05,C05,calibration,oracle_true_resampled_lattice,fixed_500ms_max_score_diagnostic,cap-20260825T062228-886fe2dd9cde,-12.0,1.0,0.0,-900.0,750.0,-400.0,50.0,3,3,True,True,-284.6044142103013,155641.56249671648,394.5143375046292,154.3072183229301,0.3333333333333333,1.0,True,461.3397850578675
F5-1-C05,C05,calibration,oracle_true_resampled_lattice,lean_curvature_500ms,cap-20260825T062228-886fe2dd9cde,-12.0,1.0,0.0,-900.0,750.0,-400.0,50.0,3,3,True,True,501.8363116532414,746136.7982135072,863.7921035836732,12.132398673188618,0.3333333333333333,0.6666666666666666,False,141.49689013494327
F5-1-C06,C06,calibration,oracle_true_resampled_lattice,fixed_125ms_linear,cap-20260825T062228-886fe2dd9cde,-20.0,0.45,1600.0,0.0,-750.0,0.0,0.0,3,0,False,False,,,,,,,,
F5-1-C06,C06,calibration,oracle_true_resampled_lattice,fixed_500ms_linear,cap-20260825T062228-886fe2dd9cde,-20.0,0.45,1600.0,0.0,-750.0,0.0,0.0,3,3,True,True,-350.51985342497784,123220.94304275831,351.0284077432456,356.6840453269533,0.0,0.0,False,130.64897311522915
F5-1-C06,C06,calibration,oracle_true_resampled_lattice,fixed_500ms_max_score_diagnostic,cap-20260825T062228-886fe2dd9cde,-20.0,0.45,1600.0,0.0,-750.0,0.0,0.0,3,3,True,True,-350.51985342497784,123220.94304275831,351.0284077432456,356.6840453269533,0.0,1.0,True,1714.7854657902865
F5-1-C06,C06,calibration,oracle_true_resampled_lattice,lean_curvature_500ms,cap-20260825T062228-886fe2dd9cde,-20.0,0.45,1600.0,0.0,-750.0,0.0,0.0,3,2,False,False,-7.378449759562955,26754.15511428408,163.56697439973658,163.40046999145898,0.0,1.0,,607.8464598173757
F5-1-E01,E01,evaluation,nominal_fixed_lattice,fixed_125ms_linear,cap-20260825T062228-886fe2dd9cde,-12.0,1.0,0.0,900.0,-750.0,0.0,50.0,3,0,False,False,,,,,,,,
F5-1-E01,E01,evaluation,nominal_fixed_lattice,fixed_500ms_linear,cap-20260825T062228-886fe2dd9cde,-12.0,1.0,0.0,900.0,-750.0,0.0,50.0,3,0,False,False,,,,,,,,
F5-1-E01,E01,evaluation,nominal_fixed_lattice,fixed_500ms_max_score_diagnostic,cap-20260825T062228-886fe2dd9cde,-12.0,1.0,0.0,900.0,-750.0,0.0,50.0,3,0,False,False,,,,,,,,
F5-1-E01,E01,evaluation,nominal_fixed_lattice,lean_curvature_500ms,cap-20260825T062228-886fe2dd9cde,-12.0,1.0,0.0,900.0,-750.0,0.0,50.0,3,0,False,False,,,,,,,,
F5-1-E01,E01,evaluation,oracle_true_resampled_lattice,fixed_125ms_linear,cap-20260825T062228-886fe2dd9cde,-12.0,1.0,0.0,900.0,-750.0,0.0,50.0,3,3,True,True,-25.505528882789196,2247.950161614027,47.41255278524905,16.610760584693708,0.0,1.0,True,279.61952343990004
F5-1-E01,E01,evaluation,oracle_true_resampled_lattice,fixed_500ms_linear,cap-20260825T062228-886fe2dd9cde,-12.0,1.0,0.0,900.0,-750.0,0.0,50.0,3,3,True,True,37.30841958201321,10210.44379223896,101.0467406314472,82.52910431021519,0.0,0.0,False,35.135850360778385
F5-1-E01,E01,evaluation,oracle_true_resampled_lattice,fixed_500ms_max_score_diagnostic,cap-20260825T062228-886fe2dd9cde,-12.0,1.0,0.0,900.0,-750.0,0.0,50.0,3,3,True,True,37.30841958201321,10210.44379223896,101.0467406314472,82.52910431021519,0.0,1.0,True,461.1627943964455
F5-1-E01,E01,evaluation,oracle_true_resampled_lattice,lean_curvature_500ms,cap-20260825T062228-886fe2dd9cde,-12.0,1.0,0.0,900.0,-750.0,0.0,50.0,3,3,True,True,-40.51169222697293,2161.8111564157484,46.4952810123323,26.936158074605373,0.0,1.0,True,141.47301954174998
F5-1-E02,E02,evaluation,nominal_fixed_lattice,fixed_125ms_linear,cap-20260825T062228-886fe2dd9cde,-6.0,0.7,1600.0,0.0,0.0,0.0,-50.0,3,0,False,False,,,,,,,,
F5-1-E02,E02,evaluation,nominal_fixed_lattice,fixed_500ms_linear,cap-20260825T062228-886fe2dd9cde,-6.0,0.7,1600.0,0.0,0.0,0.0,-50.0,3,0,False,False,,,,,,,,
F5-1-E02,E02,evaluation,nominal_fixed_lattice,fixed_500ms_max_score_diagnostic,cap-20260825T062228-886fe2dd9cde,-6.0,0.7,1600.0,0.0,0.0,0.0,-50.0,3,0,False,False,,,,,,,,
F5-1-E02,E02,evaluation,nominal_fixed_lattice,lean_curvature_500ms,cap-20260825T062228-886fe2dd9cde,-6.0,0.7,1600.0,0.0,0.0,0.0,-50.0,3,0,False,False,,,,,,,,
F5-1-E02,E02,evaluation,oracle_true_resampled_lattice,fixed_125ms_linear,cap-20260825T062228-886fe2dd9cde,-6.0,0.7,1600.0,0.0,0.0,0.0,-50.0,3,3,True,True,-126.90754098507416,16375.690357526439,127.96753634233347,135.27193440225074,0.0,1.0,True,328.566671793364
F5-1-E02,E02,evaluation,oracle_true_resampled_lattice,fixed_500ms_linear,cap-20260825T062228-886fe2dd9cde,-6.0,0.7,1600.0,0.0,0.0,0.0,-50.0,3,3,True,True,-399.8387984484736,160071.92009553182,400.08989001914534,401.24493442002085,0.0,0.0,False,41.181567771453395
F5-1-E02,E02,evaluation,oracle_true_resampled_lattice,fixed_500ms_max_score_diagnostic,cap-20260825T062228-886fe2dd9cde,-6.0,0.7,1600.0,0.0,0.0,0.0,-50.0,3,3,True,True,-399.8387984484736,160071.92009553182,400.08989001914534,401.24493442002085,0.0,1.0,True,540.5136541767
F5-1-E02,E02,evaluation,oracle_true_resampled_lattice,lean_curvature_500ms,cap-20260825T062228-886fe2dd9cde,-6.0,0.7,1600.0,0.0,0.0,0.0,-50.0,3,3,True,True,-12.406566152710942,352.12215030392423,18.764918073466887,12.103541331987799,0.0,1.0,True,168.47143106590164
F5-1-E03,E03,evaluation,oracle_true_resampled_lattice,fixed_125ms_linear,cap-20260825T062228-886fe2dd9cde,-20.0,0.45,-1600.0,-900.0,750.0,-400.0,0.0,3,2,False,False,715.4158911053578,512081.64695782744,715.5988030718242,715.4158911053578,1.0,0.5,,760.7516670304378
F5-1-E03,E03,evaluation,oracle_true_resampled_lattice,fixed_500ms_linear,cap-20260825T062228-886fe2dd9cde,-20.0,0.45,-1600.0,-900.0,750.0,-400.0,0.0,3,2,False,False,18.09948619215922,119513.8579567268,345.7077638074199,345.233640533924,0.0,0.0,,154.4328624787041
F5-1-E03,E03,evaluation,oracle_true_resampled_lattice,fixed_500ms_max_score_diagnostic,cap-20260825T062228-886fe2dd9cde,-20.0,0.45,-1600.0,-900.0,750.0,-400.0,0.0,3,2,False,False,18.09948619215922,119513.8579567268,345.7077638074199,345.233640533924,0.0,1.0,,2026.952234712996
F5-1-E03,E03,evaluation,oracle_true_resampled_lattice,lean_curvature_500ms,cap-20260825T062228-886fe2dd9cde,-20.0,0.45,-1600.0,-900.0,750.0,-400.0,0.0,3,1,False,False,1627.296472493049,2648093.8093883204,1627.296472493049,1627.296472493049,1.0,0.0,,623.2320250332896
F5-1-E04,E04,evaluation,oracle_true_resampled_lattice,fixed_125ms_linear,cap-20260825T062228-886fe2dd9cde,-6.0,1.0,0.0,-900.0,750.0,0.0,0.0,3,3,True,True,-34.75127594405959,2862.805481887171,53.505191167653734,7.464806972605857,0.0,1.0,True,279.3899236103255
F5-1-E04,E04,evaluation,oracle_true_resampled_lattice,fixed_500ms_linear,cap-20260825T062228-886fe2dd9cde,-6.0,1.0,0.0,-900.0,750.0,0.0,0.0,3,3,True,True,-30.99539575076407,10220.951515502276,101.09872163139491,85.39048137390137,0.0,0.3333333333333333,False,34.921889149671465
F5-1-E04,E04,evaluation,oracle_true_resampled_lattice,fixed_500ms_max_score_diagnostic,cap-20260825T062228-886fe2dd9cde,-6.0,1.0,0.0,-900.0,750.0,0.0,0.0,3,3,True,True,-30.99539575076407,10220.951515502276,101.09872163139491,85.39048137390137,0.0,1.0,True,458.3545245241256
F5-1-E04,E04,evaluation,oracle_true_resampled_lattice,lean_curvature_500ms,cap-20260825T062228-886fe2dd9cde,-6.0,1.0,0.0,-900.0,750.0,0.0,0.0,3,3,True,True,12.547588788881361,604.0864873260567,24.57817095159965,4.1940188506487175,0.0,1.0,True,140.5992014464111
F5-1-E05,E05,evaluation,nominal_fixed_lattice,fixed_125ms_linear,cap-20260825T062228-886fe2dd9cde,-12.0,0.7,-1600.0,0.0,-750.0,0.0,-50.0,3,0,False,False,,,,,,,,
F5-1-E05,E05,evaluation,nominal_fixed_lattice,fixed_500ms_linear,cap-20260825T062228-886fe2dd9cde,-12.0,0.7,-1600.0,0.0,-750.0,0.0,-50.0,3,0,False,False,,,,,,,,
F5-1-E05,E05,evaluation,nominal_fixed_lattice,fixed_500ms_max_score_diagnostic,cap-20260825T062228-886fe2dd9cde,-12.0,0.7,-1600.0,0.0,-750.0,0.0,-50.0,3,0,False,False,,,,,,,,
F5-1-E05,E05,evaluation,nominal_fixed_lattice,lean_curvature_500ms,cap-20260825T062228-886fe2dd9cde,-12.0,0.7,-1600.0,0.0,-750.0,0.0,-50.0,3,0,False,False,,,,,,,,
F5-1-E05,E05,evaluation,oracle_true_resampled_lattice,fixed_125ms_linear,cap-20260825T062228-886fe2dd9cde,-12.0,0.7,-1600.0,0.0,-750.0,0.0,-50.0,3,3,True,True,52.56024316302804,2899.665034761548,53.84853790737078,48.259918239799845,0.0,1.0,True,336.0396810497691
F5-1-E05,E05,evaluation,oracle_true_resampled_lattice,fixed_500ms_linear,cap-20260825T062228-886fe2dd9cde,-12.0,0.7,-1600.0,0.0,-750.0,0.0,-50.0,3,3,True,True,407.5647950040017,166126.32072224037,407.58596727836493,408.8737993476707,0.0,0.0,False,42.174195242087926
F5-1-E05,E05,evaluation,oracle_true_resampled_lattice,fixed_500ms_max_score_diagnostic,cap-20260825T062228-886fe2dd9cde,-12.0,0.7,-1600.0,0.0,-750.0,0.0,-50.0,3,3,True,True,407.5647950040017,166126.32072224037,407.58596727836493,408.8737993476707,0.0,1.0,True,553.5420241592717
F5-1-E05,E05,evaluation,oracle_true_resampled_lattice,lean_curvature_500ms,cap-20260825T062228-886fe2dd9cde,-12.0,0.7,-1600.0,0.0,-750.0,0.0,-50.0,3,3,True,True,-39.68803153129329,2571.3966950105255,50.708940977016326,53.454376234005395,0.0,1.0,True,167.62743008172757
F5-1-E06,E06,evaluation,nominal_fixed_lattice,fixed_125ms_linear,cap-20260825T062228-886fe2dd9cde,-20.0,0.45,1600.0,900.0,0.0,400.0,50.0,3,0,False,False,,,,,,,,
F5-1-E06,E06,evaluation,nominal_fixed_lattice,fixed_500ms_linear,cap-20260825T062228-886fe2dd9cde,-20.0,0.45,1600.0,900.0,0.0,400.0,50.0,3,0,False,False,,,,,,,,
F5-1-E06,E06,evaluation,nominal_fixed_lattice,fixed_500ms_max_score_diagnostic,cap-20260825T062228-886fe2dd9cde,-20.0,0.45,1600.0,900.0,0.0,400.0,50.0,3,0,False,False,,,,,,,,
F5-1-E06,E06,evaluation,nominal_fixed_lattice,lean_curvature_500ms,cap-20260825T062228-886fe2dd9cde,-20.0,0.45,1600.0,900.0,0.0,400.0,50.0,3,0,False,False,,,,,,,,
F5-1-E06,E06,evaluation,oracle_true_resampled_lattice,fixed_125ms_linear,cap-20260825T062228-886fe2dd9cde,-20.0,0.45,1600.0,900.0,0.0,400.0,50.0,3,2,False,False,-215.22336862990778,82819.62691039461,287.78399349233206,215.22336862990778,0.0,1.0,,1121.490760318836
F5-1-E06,E06,evaluation,oracle_true_resampled_lattice,fixed_500ms_linear,cap-20260825T062228-886fe2dd9cde,-20.0,0.45,1600.0,900.0,0.0,400.0,50.0,3,3,True,True,-126.63613401660284,59014.38463939013,242.92876453682905,239.91262548078248,0.0,0.3333333333333333,False,128.75849827021983
F5-1-E06,E06,evaluation,oracle_true_resampled_lattice,fixed_500ms_max_score_diagnostic,cap-20260825T062228-886fe2dd9cde,-20.0,0.45,1600.0,900.0,0.0,400.0,50.0,3,3,True,True,-126.63613401660284,59014.38463939013,242.92876453682905,239.91262548078248,0.0,1.0,True,1689.9727274245208
F5-1-E06,E06,evaluation,oracle_true_resampled_lattice,lean_curvature_500ms,cap-20260825T062228-886fe2dd9cde,-20.0,0.45,1600.0,900.0,0.0,400.0,50.0,3,3,True,True,-678.2682363180041,1220714.75439257,1104.8596084537483,140.34207496330873,0.3333333333333333,0.6666666666666666,False,579.2557454682236
F5-2-C01,C01,calibration,nominal_fixed_lattice,fixed_125ms_linear,cap-20260825T105640-facdadeffb3b,-20.0,0.45,-1600.0,-900.0,-750.0,0.0,-50.0,3,0,False,False,,,,,,,,
F5-2-C01,C01,calibration,nominal_fixed_lattice,fixed_500ms_linear,cap-20260825T105640-facdadeffb3b,-20.0,0.45,-1600.0,-900.0,-750.0,0.0,-50.0,3,0,False,False,,,,,,,,
F5-2-C01,C01,calibration,nominal_fixed_lattice,fixed_500ms_max_score_diagnostic,cap-20260825T105640-facdadeffb3b,-20.0,0.45,-1600.0,-900.0,-750.0,0.0,-50.0,3,0,False,False,,,,,,,,
F5-2-C01,C01,calibration,nominal_fixed_lattice,lean_curvature_500ms,cap-20260825T105640-facdadeffb3b,-20.0,0.45,-1600.0,-900.0,-750.0,0.0,-50.0,3,0,False,False,,,,,,,,
F5-2-C01,C01,calibration,oracle_true_resampled_lattice,fixed_125ms_linear,cap-20260825T105640-facdadeffb3b,-20.0,0.45,-1600.0,-900.0,-750.0,0.0,-50.0,3,3,True,True,-74.03229255763927,1221914.3470624874,1105.4023462352916,1183.8851073250453,0.6666666666666666,0.3333333333333333,False,1108.7490875393448
F5-2-C01,C01,calibration,oracle_true_resampled_lattice,fixed_500ms_linear,cap-20260825T105640-facdadeffb3b,-20.0,0.45,-1600.0,-900.0,-750.0,0.0,-50.0,3,3,True,True,394.0949098818849,167123.35844108745,408.8072387337184,372.3902976710424,0.3333333333333333,0.0,False,134.9822629820502
F5-2-C01,C01,calibration,oracle_true_resampled_lattice,fixed_500ms_max_score_diagnostic,cap-20260825T105640-facdadeffb3b,-20.0,0.45,-1600.0,-900.0,-750.0,0.0,-50.0,3,3,True,True,394.0949098818849,167123.35844108745,408.8072387337184,372.3902976710424,0.3333333333333333,1.0,True,1771.660482145198
F5-2-C01,C01,calibration,oracle_true_resampled_lattice,lean_curvature_500ms,cap-20260825T105640-facdadeffb3b,-20.0,0.45,-1600.0,-900.0,-750.0,0.0,-50.0,3,2,False,False,5.203975605516916,41105.10629224056,202.74394267706387,202.67714456775275,0.0,1.0,,537.206175390634
F5-2-C02,C02,calibration,oracle_true_resampled_lattice,fixed_125ms_linear,cap-20260825T105640-facdadeffb3b,-12.0,0.7,0.0,0.0,0.0,0.0,0.0,3,3,True,True,34.06331378582505,1982.4003548533926,44.52415473485592,35.04458474814919,0.0,1.0,True,337.4016191773437
F5-2-C02,C02,calibration,oracle_true_resampled_lattice,fixed_500ms_linear,cap-20260825T105640-facdadeffb3b,-12.0,0.7,0.0,0.0,0.0,0.0,0.0,3,3,True,True,13.473174487128441,219.4856193504212,14.815047058663742,14.879300055447402,0.0,1.0,True,42.01003525963042
F5-2-C02,C02,calibration,oracle_true_resampled_lattice,fixed_500ms_max_score_diagnostic,cap-20260825T105640-facdadeffb3b,-12.0,0.7,0.0,0.0,0.0,0.0,0.0,3,3,True,True,13.473174487128441,219.4856193504212,14.815047058663742,14.879300055447402,0.0,1.0,True,551.3874021575034
F5-2-C02,C02,calibration,oracle_true_resampled_lattice,lean_curvature_500ms,cap-20260825T105640-facdadeffb3b,-12.0,0.7,0.0,0.0,0.0,0.0,0.0,3,3,True,True,8.089636852224581,123.54803114001625,11.115216198527865,12.386482240206533,0.0,1.0,True,173.32242901650253
F5-2-C03,C03,calibration,nominal_fixed_lattice,fixed_125ms_linear,cap-20260825T105640-facdadeffb3b,-6.0,1.0,1600.0,900.0,750.0,400.0,50.0,3,0,False,False,,,,,,,,
F5-2-C03,C03,calibration,nominal_fixed_lattice,fixed_500ms_linear,cap-20260825T105640-facdadeffb3b,-6.0,1.0,1600.0,900.0,750.0,400.0,50.0,3,0,False,False,,,,,,,,
F5-2-C03,C03,calibration,nominal_fixed_lattice,fixed_500ms_max_score_diagnostic,cap-20260825T105640-facdadeffb3b,-6.0,1.0,1600.0,900.0,750.0,400.0,50.0,3,0,False,False,,,,,,,,
F5-2-C03,C03,calibration,nominal_fixed_lattice,lean_curvature_500ms,cap-20260825T105640-facdadeffb3b,-6.0,1.0,1600.0,900.0,750.0,400.0,50.0,3,0,False,False,,,,,,,,
F5-2-C03,C03,calibration,oracle_true_resampled_lattice,fixed_125ms_linear,cap-20260825T105640-facdadeffb3b,-6.0,1.0,1600.0,900.0,750.0,400.0,50.0,3,3,True,True,-58.05394725846463,5265.343345183887,72.56268562549134,54.488671669406585,0.0,1.0,True,279.37595309784643
F5-2-C03,C03,calibration,oracle_true_resampled_lattice,fixed_500ms_linear,cap-20260825T105640-facdadeffb3b,-6.0,1.0,1600.0,900.0,750.0,400.0,50.0,3,3,True,True,-114.24381806449212,90698.76087515778,301.1623496972319,273.23774902234913,0.0,0.0,False,35.059916456714305
F5-2-C03,C03,calibration,oracle_true_resampled_lattice,fixed_500ms_max_score_diagnostic,cap-20260825T105640-facdadeffb3b,-6.0,1.0,1600.0,900.0,750.0,400.0,50.0,3,3,True,True,-114.24381806449212,90698.76087515778,301.1623496972319,273.23774902234913,0.0,1.0,True,460.16615162195575
F5-2-C03,C03,calibration,oracle_true_resampled_lattice,lean_curvature_500ms,cap-20260825T105640-facdadeffb3b,-6.0,1.0,1600.0,900.0,750.0,400.0,50.0,3,3,True,True,-474.38285193444017,696083.7354513891,834.3163281701906,27.59978813760563,0.3333333333333333,0.6666666666666666,False,141.15742158231348
F5-2-C04,C04,calibration,nominal_fixed_lattice,fixed_125ms_linear,cap-20260825T105640-facdadeffb3b,-6.0,0.7,-1600.0,900.0,0.0,0.0,-50.0,3,0,False,False,,,,,,,,
F5-2-C04,C04,calibration,nominal_fixed_lattice,fixed_500ms_linear,cap-20260825T105640-facdadeffb3b,-6.0,0.7,-1600.0,900.0,0.0,0.0,-50.0,3,0,False,False,,,,,,,,
F5-2-C04,C04,calibration,nominal_fixed_lattice,fixed_500ms_max_score_diagnostic,cap-20260825T105640-facdadeffb3b,-6.0,0.7,-1600.0,900.0,0.0,0.0,-50.0,3,0,False,False,,,,,,,,
F5-2-C04,C04,calibration,nominal_fixed_lattice,lean_curvature_500ms,cap-20260825T105640-facdadeffb3b,-6.0,0.7,-1600.0,900.0,0.0,0.0,-50.0,3,0,False,False,,,,,,,,
F5-2-C04,C04,calibration,oracle_true_resampled_lattice,fixed_125ms_linear,cap-20260825T105640-facdadeffb3b,-6.0,0.7,-1600.0,900.0,0.0,0.0,-50.0,3,3,True,True,99.78401514104253,10358.993307552364,101.77913984482461,104.03618941726415,0.0,1.0,True,321.9537018598775
F5-2-C04,C04,calibration,oracle_true_resampled_lattice,fixed_500ms_linear,cap-20260825T105640-facdadeffb3b,-6.0,0.7,-1600.0,900.0,0.0,0.0,-50.0,3,3,True,True,431.4163767023224,194256.181654111,440.7450302092027,436.27592092193504,0.3333333333333333,0.0,False,42.06434845672926
F5-2-C04,C04,calibration,oracle_true_resampled_lattice,fixed_500ms_max_score_diagnostic,cap-20260825T105640-facdadeffb3b,-6.0,0.7,-1600.0,900.0,0.0,0.0,-50.0,3,3,True,True,431.4163767023224,194256.181654111,440.7450302092027,436.27592092193504,0.3333333333333333,1.0,True,552.1002702250048
F5-2-C04,C04,calibration,oracle_true_resampled_lattice,lean_curvature_500ms,cap-20260825T105640-facdadeffb3b,-6.0,0.7,-1600.0,900.0,0.0,0.0,-50.0,3,3,True,True,-36.18844195738753,1515.6230193463591,38.93100331800298,39.25300270764956,0.0,1.0,True,167.47639056563588
F5-2-C05,C05,calibration,nominal_fixed_lattice,fixed_125ms_linear,cap-20260825T105640-facdadeffb3b,-12.0,1.0,0.0,-900.0,750.0,-400.0,50.0,3,0,False,False,,,,,,,,
F5-2-C05,C05,calibration,nominal_fixed_lattice,fixed_500ms_linear,cap-20260825T105640-facdadeffb3b,-12.0,1.0,0.0,-900.0,750.0,-400.0,50.0,3,0,False,False,,,,,,,,
F5-2-C05,C05,calibration,nominal_fixed_lattice,fixed_500ms_max_score_diagnostic,cap-20260825T105640-facdadeffb3b,-12.0,1.0,0.0,-900.0,750.0,-400.0,50.0,3,0,False,False,,,,,,,,
F5-2-C05,C05,calibration,nominal_fixed_lattice,lean_curvature_500ms,cap-20260825T105640-facdadeffb3b,-12.0,1.0,0.0,-900.0,750.0,-400.0,50.0,3,0,False,False,,,,,,,,
F5-2-C05,C05,calibration,oracle_true_resampled_lattice,fixed_125ms_linear,cap-20260825T105640-facdadeffb3b,-12.0,1.0,0.0,-900.0,750.0,-400.0,50.0,3,3,True,True,9.31870272482926,13133.86274527201,114.60306603783343,137.03567785099222,0.0,1.0,True,279.81347299832254
F5-2-C05,C05,calibration,oracle_true_resampled_lattice,fixed_500ms_linear,cap-20260825T105640-facdadeffb3b,-12.0,1.0,0.0,-900.0,750.0,-400.0,50.0,3,3,True,True,-286.3541246977793,159590.40996596427,399.48768437332865,157.9435721505829,0.3333333333333333,0.3333333333333333,False,35.13716538106381
F5-2-C05,C05,calibration,oracle_true_resampled_lattice,fixed_500ms_max_score_diagnostic,cap-20260825T105640-facdadeffb3b,-12.0,1.0,0.0,-900.0,750.0,-400.0,50.0,3,3,True,True,-286.3541246977793,159590.40996596427,399.48768437332865,157.9435721505829,0.3333333333333333,1.0,True,461.1800542157836
F5-2-C05,C05,calibration,oracle_true_resampled_lattice,lean_curvature_500ms,cap-20260825T105640-facdadeffb3b,-12.0,1.0,0.0,-900.0,750.0,-400.0,50.0,3,3,True,True,547.9183092728413,755866.4315227914,869.4057922068333,111.09278882643912,0.3333333333333333,0.6666666666666666,False,141.40126992538327
F5-2-C06,C06,calibration,oracle_true_resampled_lattice,fixed_125ms_linear,cap-20260825T105640-facdadeffb3b,-20.0,0.45,1600.0,0.0,-750.0,0.0,0.0,3,2,False,False,57.766246465032964,21886.929248877448,147.94231730264823,136.19834807448478,0.0,1.0,,1023.6805874451361
F5-2-C06,C06,calibration,oracle_true_resampled_lattice,fixed_500ms_linear,cap-20260825T105640-facdadeffb3b,-20.0,0.45,1600.0,0.0,-750.0,0.0,0.0,3,3,True,True,-487.2401672802507,240080.5770565019,489.9801802690614,460.7860542287308,0.3333333333333333,0.0,False,128.11377294702143
F5-2-C06,C06,calibration,oracle_true_resampled_lattice,fixed_500ms_max_score_diagnostic,cap-20260825T105640-facdadeffb3b,-20.0,0.45,1600.0,0.0,-750.0,0.0,0.0,3,3,True,True,-487.2401672802507,240080.5770565019,489.9801802690614,460.7860542287308,0.3333333333333333,1.0,True,1681.5106202430698
F5-2-C06,C06,calibration,oracle_true_resampled_lattice,lean_curvature_500ms,cap-20260825T105640-facdadeffb3b,-20.0,0.45,1600.0,0.0,-750.0,0.0,0.0,3,3,True,True,-86.90235796789239,28385.999625559092,168.48145187396472,166.7717410352043,0.0,1.0,True,465.9043885498832
F5-2-E01,E01,evaluation,nominal_fixed_lattice,fixed_125ms_linear,cap-20260825T105640-facdadeffb3b,-12.0,1.0,0.0,900.0,-750.0,0.0,50.0,3,0,False,False,,,,,,,,
F5-2-E01,E01,evaluation,nominal_fixed_lattice,fixed_500ms_linear,cap-20260825T105640-facdadeffb3b,-12.0,1.0,0.0,900.0,-750.0,0.0,50.0,3,0,False,False,,,,,,,,
F5-2-E01,E01,evaluation,nominal_fixed_lattice,fixed_500ms_max_score_diagnostic,cap-20260825T105640-facdadeffb3b,-12.0,1.0,0.0,900.0,-750.0,0.0,50.0,3,0,False,False,,,,,,,,
F5-2-E01,E01,evaluation,nominal_fixed_lattice,lean_curvature_500ms,cap-20260825T105640-facdadeffb3b,-12.0,1.0,0.0,900.0,-750.0,0.0,50.0,3,0,False,False,,,,,,,,
F5-2-E01,E01,evaluation,oracle_true_resampled_lattice,fixed_125ms_linear,cap-20260825T105640-facdadeffb3b,-12.0,1.0,0.0,900.0,-750.0,0.0,50.0,3,3,True,True,-86.1376026622632,7731.728608188315,87.93024853932982,75.47899558387326,0.0,1.0,True,279.7487968358566
F5-2-E01,E01,evaluation,oracle_true_resampled_lattice,fixed_500ms_linear,cap-20260825T105640-facdadeffb3b,-12.0,1.0,0.0,900.0,-750.0,0.0,50.0,3,3,True,True,34.12780078940917,8693.931522027056,93.2412543996865,70.44888141864612,0.0,0.3333333333333333,False,35.18246484188037
F5-2-E01,E01,evaluation,oracle_true_resampled_lattice,fixed_500ms_max_score_diagnostic,cap-20260825T105640-facdadeffb3b,-12.0,1.0,0.0,900.0,-750.0,0.0,50.0,3,3,True,True,34.12780078940917,8693.931522027056,93.2412543996865,70.44888141864612,0.0,1.0,True,461.7746157738592
F5-2-E01,E01,evaluation,oracle_true_resampled_lattice,lean_curvature_500ms,cap-20260825T105640-facdadeffb3b,-12.0,1.0,0.0,900.0,-750.0,0.0,50.0,3,3,True,True,12.009890124152966,162.31541266419939,12.740306615784386,9.770867850329523,0.0,1.0,True,141.45693384957585
F5-2-E02,E02,evaluation,nominal_fixed_lattice,fixed_125ms_linear,cap-20260825T105640-facdadeffb3b,-6.0,0.7,1600.0,0.0,0.0,0.0,-50.0,3,0,False,False,,,,,,,,
F5-2-E02,E02,evaluation,nominal_fixed_lattice,fixed_500ms_linear,cap-20260825T105640-facdadeffb3b,-6.0,0.7,1600.0,0.0,0.0,0.0,-50.0,3,0,False,False,,,,,,,,
F5-2-E02,E02,evaluation,nominal_fixed_lattice,fixed_500ms_max_score_diagnostic,cap-20260825T105640-facdadeffb3b,-6.0,0.7,1600.0,0.0,0.0,0.0,-50.0,3,0,False,False,,,,,,,,
F5-2-E02,E02,evaluation,nominal_fixed_lattice,lean_curvature_500ms,cap-20260825T105640-facdadeffb3b,-6.0,0.7,1600.0,0.0,0.0,0.0,-50.0,3,0,False,False,,,,,,,,
F5-2-E02,E02,evaluation,oracle_true_resampled_lattice,fixed_125ms_linear,cap-20260825T105640-facdadeffb3b,-6.0,0.7,1600.0,0.0,0.0,0.0,-50.0,3,3,True,True,-84.55908000282034,7557.7140810113315,86.93511420025473,89.03158576761462,0.0,1.0,True,338.2505260780261
F5-2-E02,E02,evaluation,oracle_true_resampled_lattice,fixed_500ms_linear,cap-20260825T105640-facdadeffb3b,-6.0,0.7,1600.0,0.0,0.0,0.0,-50.0,3,3,True,True,-400.92539546766557,160833.47230802348,401.04048711822537,400.2035187483725,0.0,0.0,False,41.60335928157307
F5-2-E02,E02,evaluation,oracle_true_resampled_lattice,fixed_500ms_max_score_diagnostic,cap-20260825T105640-facdadeffb3b,-6.0,0.7,1600.0,0.0,0.0,0.0,-50.0,3,3,True,True,-400.92539546766557,160833.47230802348,401.04048711822537,400.2035187483725,0.0,1.0,True,546.049724869801
F5-2-E02,E02,evaluation,oracle_true_resampled_lattice,lean_curvature_500ms,cap-20260825T105640-facdadeffb3b,-6.0,0.7,1600.0,0.0,0.0,0.0,-50.0,3,3,True,True,18.908709024969237,641.0809136426755,25.319575700289203,10.691633918979278,0.0,1.0,True,169.5048982228641
F5-2-E03,E03,evaluation,oracle_true_resampled_lattice,fixed_125ms_linear,cap-20260825T105640-facdadeffb3b,-20.0,0.45,-1600.0,-900.0,750.0,-400.0,0.0,3,1,False,False,-441.6318534385821,195038.69397159724,441.6318534385821,441.6318534385821,0.0,1.0,,1053.091215288005
F5-2-E03,E03,evaluation,oracle_true_resampled_lattice,fixed_500ms_linear,cap-20260825T105640-facdadeffb3b,-20.0,0.45,-1600.0,-900.0,750.0,-400.0,0.0,3,3,True,True,316.3370968987902,111323.29413006695,333.6514560586645,327.3567690152891,0.0,0.3333333333333333,False,161.80808899442638
F5-2-E03,E03,evaluation,oracle_true_resampled_lattice,fixed_500ms_max_score_diagnostic,cap-20260825T105640-facdadeffb3b,-20.0,0.45,-1600.0,-900.0,750.0,-400.0,0.0,3,3,True,True,316.3370968987902,111323.29413006695,333.6514560586645,327.3567690152891,0.0,1.0,True,2123.7530815510145
F5-2-E03,E03,evaluation,oracle_true_resampled_lattice,lean_curvature_500ms,cap-20260825T105640-facdadeffb3b,-20.0,0.45,-1600.0,-900.0,750.0,-400.0,0.0,3,0,False,False,,,,,,,,
F5-2-E04,E04,evaluation,oracle_true_resampled_lattice,fixed_125ms_linear,cap-20260825T105640-facdadeffb3b,-6.0,1.0,0.0,-900.0,750.0,0.0,0.0,3,3,True,True,-5.477131830017622,1208.050502258126,34.7570209059713,40.85037272367299,0.0,1.0,True,279.3899236103255
F5-2-E04,E04,evaluation,oracle_true_resampled_lattice,fixed_500ms_linear,cap-20260825T105640-facdadeffb3b,-6.0,1.0,0.0,-900.0,750.0,0.0,0.0,3,3,True,True,-30.580732022885133,9279.312521304168,96.32918831436382,78.54117641811808,0.0,0.3333333333333333,False,34.921889149671465
F5-2-E04,E04,evaluation,oracle_true_resampled_lattice,fixed_500ms_max_score_diagnostic,cap-20260825T105640-facdadeffb3b,-6.0,1.0,0.0,-900.0,750.0,0.0,0.0,3,3,True,True,-30.580732022885133,9279.312521304168,96.32918831436382,78.54117641811808,0.0,1.0,True,458.3545245241256
F5-2-E04,E04,evaluation,oracle_true_resampled_lattice,lean_curvature_500ms,cap-20260825T105640-facdadeffb3b,-6.0,1.0,0.0,-900.0,750.0,0.0,0.0,3,3,True,True,22.72245793499148,542.4700549778862,23.290986560854098,22.819390448326658,0.0,1.0,True,140.5992014464111
F5-2-E05,E05,evaluation,nominal_fixed_lattice,fixed_125ms_linear,cap-20260825T105640-facdadeffb3b,-12.0,0.7,-1600.0,0.0,-750.0,0.0,-50.0,3,0,False,False,,,,,,,,
F5-2-E05,E05,evaluation,nominal_fixed_lattice,fixed_500ms_linear,cap-20260825T105640-facdadeffb3b,-12.0,0.7,-1600.0,0.0,-750.0,0.0,-50.0,3,0,False,False,,,,,,,,
F5-2-E05,E05,evaluation,nominal_fixed_lattice,fixed_500ms_max_score_diagnostic,cap-20260825T105640-facdadeffb3b,-12.0,0.7,-1600.0,0.0,-750.0,0.0,-50.0,3,0,False,False,,,,,,,,
F5-2-E05,E05,evaluation,nominal_fixed_lattice,lean_curvature_500ms,cap-20260825T105640-facdadeffb3b,-12.0,0.7,-1600.0,0.0,-750.0,0.0,-50.0,3,0,False,False,,,,,,,,
F5-2-E05,E05,evaluation,oracle_true_resampled_lattice,fixed_125ms_linear,cap-20260825T105640-facdadeffb3b,-12.0,0.7,-1600.0,0.0,-750.0,0.0,-50.0,3,3,True,True,98.73333427581808,12843.011771170719,113.32701253968852,93.79168339149692,0.0,1.0,True,322.8506419192155
F5-2-E05,E05,evaluation,oracle_true_resampled_lattice,fixed_500ms_linear,cap-20260825T105640-facdadeffb3b,-12.0,0.7,-1600.0,0.0,-750.0,0.0,-50.0,3,3,True,True,401.83384133727395,161531.80998166095,401.91020139038636,400.68984696892903,0.0,0.0,False,41.63342668768915
F5-2-E05,E05,evaluation,oracle_true_resampled_lattice,fixed_500ms_max_score_diagnostic,cap-20260825T105640-facdadeffb3b,-12.0,0.7,-1600.0,0.0,-750.0,0.0,-50.0,3,3,True,True,401.83384133727395,161531.80998166095,401.91020139038636,400.68984696892903,0.0,1.0,True,546.4443636470718
F5-2-E05,E05,evaluation,oracle_true_resampled_lattice,lean_curvature_500ms,cap-20260825T105640-facdadeffb3b,-12.0,0.7,-1600.0,0.0,-750.0,0.0,-50.0,3,3,True,True,-33.66252673588375,1336.0854276518373,36.55250234459793,24.808043502541295,0.0,1.0,True,171.1690872822356
F5-2-E06,E06,evaluation,nominal_fixed_lattice,fixed_125ms_linear,cap-20260825T105640-facdadeffb3b,-20.0,0.45,1600.0,900.0,0.0,400.0,50.0,3,0,False,False,,,,,,,,
F5-2-E06,E06,evaluation,nominal_fixed_lattice,fixed_500ms_linear,cap-20260825T105640-facdadeffb3b,-20.0,0.45,1600.0,900.0,0.0,400.0,50.0,3,0,False,False,,,,,,,,
F5-2-E06,E06,evaluation,nominal_fixed_lattice,fixed_500ms_max_score_diagnostic,cap-20260825T105640-facdadeffb3b,-20.0,0.45,1600.0,900.0,0.0,400.0,50.0,3,0,False,False,,,,,,,,
F5-2-E06,E06,evaluation,nominal_fixed_lattice,lean_curvature_500ms,cap-20260825T105640-facdadeffb3b,-20.0,0.45,1600.0,900.0,0.0,400.0,50.0,3,0,False,False,,,,,,,,
F5-2-E06,E06,evaluation,oracle_true_resampled_lattice,fixed_125ms_linear,cap-20260825T105640-facdadeffb3b,-20.0,0.45,1600.0,900.0,0.0,400.0,50.0,3,2,False,False,-204.75830018813258,98444.5463167201,313.7587390284454,237.73637673016447,0.0,1.0,,796.7358155502204
F5-2-E06,E06,evaluation,oracle_true_resampled_lattice,fixed_500ms_linear,cap-20260825T105640-facdadeffb3b,-20.0,0.45,1600.0,900.0,0.0,400.0,50.0,3,3,True,True,-190.80369754490616,82898.59293684475,287.92115750122423,244.0501903796321,0.0,0.3333333333333333,False,125.72625299010497
F5-2-E06,E06,evaluation,oracle_true_resampled_lattice,fixed_500ms_max_score_diagnostic,cap-20260825T105640-facdadeffb3b,-20.0,0.45,1600.0,900.0,0.0,400.0,50.0,3,3,True,True,-190.80369754490616,82898.59293684475,287.92115750122423,244.0501903796321,0.0,1.0,True,1650.1740974692268
F5-2-E06,E06,evaluation,oracle_true_resampled_lattice,lean_curvature_500ms,cap-20260825T105640-facdadeffb3b,-20.0,0.45,1600.0,900.0,0.0,400.0,50.0,3,3,True,True,-522.3102324661613,1281370.315767512,1131.9762876348213,297.47138797813295,0.3333333333333333,0.6666666666666666,False,561.4300935681209
F5-3-C01,C01,calibration,nominal_fixed_lattice,fixed_125ms_linear,cap-20260825T111222-a2d4ce2afb9a,-20.0,0.45,-1600.0,-900.0,-750.0,0.0,-50.0,3,0,False,False,,,,,,,,
F5-3-C01,C01,calibration,nominal_fixed_lattice,fixed_500ms_linear,cap-20260825T111222-a2d4ce2afb9a,-20.0,0.45,-1600.0,-900.0,-750.0,0.0,-50.0,3,0,False,False,,,,,,,,
F5-3-C01,C01,calibration,nominal_fixed_lattice,fixed_500ms_max_score_diagnostic,cap-20260825T111222-a2d4ce2afb9a,-20.0,0.45,-1600.0,-900.0,-750.0,0.0,-50.0,3,0,False,False,,,,,,,,
F5-3-C01,C01,calibration,nominal_fixed_lattice,lean_curvature_500ms,cap-20260825T111222-a2d4ce2afb9a,-20.0,0.45,-1600.0,-900.0,-750.0,0.0,-50.0,3,0,False,False,,,,,,,,
F5-3-C01,C01,calibration,oracle_true_resampled_lattice,fixed_125ms_linear,cap-20260825T111222-a2d4ce2afb9a,-20.0,0.45,-1600.0,-900.0,-750.0,0.0,-50.0,3,2,False,False,-105.52986999933182,69587.9403196552,263.79526212510945,241.76721625890332,0.0,1.0,,903.0427727972233
F5-3-C01,C01,calibration,oracle_true_resampled_lattice,fixed_500ms_linear,cap-20260825T111222-a2d4ce2afb9a,-20.0,0.45,-1600.0,-900.0,-750.0,0.0,-50.0,3,3,True,True,370.7359756404491,155465.89543814605,394.29163754528963,312.84127438661744,0.3333333333333333,0.0,False,126.46028934236058
F5-3-C01,C01,calibration,oracle_true_resampled_lattice,fixed_500ms_max_score_diagnostic,cap-20260825T111222-a2d4ce2afb9a,-20.0,0.45,-1600.0,-900.0,-750.0,0.0,-50.0,3,3,True,True,370.7359756404491,155465.89543814605,394.29163754528963,312.84127438661744,0.3333333333333333,1.0,True,1659.808424002352
F5-3-C01,C01,calibration,oracle_true_resampled_lattice,lean_curvature_500ms,cap-20260825T111222-a2d4ce2afb9a,-20.0,0.45,-1600.0,-900.0,-750.0,0.0,-50.0,3,3,True,True,-88.085718725111,48134.237589306045,219.3951630945998,185.10898897750667,0.0,1.0,True,520.5432468762674
F5-3-C02,C02,calibration,oracle_true_resampled_lattice,fixed_125ms_linear,cap-20260825T111222-a2d4ce2afb9a,-12.0,0.7,0.0,0.0,0.0,0.0,0.0,3,3,True,True,-93.2043319463631,13558.736921749238,116.44198951301561,60.59047113453062,0.0,1.0,True,327.1814924174618
F5-3-C02,C02,calibration,oracle_true_resampled_lattice,fixed_500ms_linear,cap-20260825T111222-a2d4ce2afb9a,-12.0,0.7,0.0,0.0,0.0,0.0,0.0,3,3,True,True,1.3747151642499678,18.204317692879094,4.266651812941746,2.8559675044657524,0.0,1.0,True,41.62441442062134
F5-3-C02,C02,calibration,oracle_true_resampled_lattice,fixed_500ms_max_score_diagnostic,cap-20260825T111222-a2d4ce2afb9a,-12.0,0.7,0.0,0.0,0.0,0.0,0.0,3,3,True,True,1.3747151642499678,18.204317692879094,4.266651812941746,2.8559675044657524,0.0,1.0,True,546.3260764212849
F5-3-C02,C02,calibration,oracle_true_resampled_lattice,lean_curvature_500ms,cap-20260825T111222-a2d4ce2afb9a,-12.0,0.7,0.0,0.0,0.0,0.0,0.0,3,3,True,True,7.6203000707366,1598.4801462031337,39.98099731376312,35.54632994380336,0.0,1.0,True,172.2746410989304
F5-3-C03,C03,calibration,nominal_fixed_lattice,fixed_125ms_linear,cap-20260825T111222-a2d4ce2afb9a,-6.0,1.0,1600.0,900.0,750.0,400.0,50.0,3,0,False,False,,,,,,,,
F5-3-C03,C03,calibration,nominal_fixed_lattice,fixed_500ms_linear,cap-20260825T111222-a2d4ce2afb9a,-6.0,1.0,1600.0,900.0,750.0,400.0,50.0,3,0,False,False,,,,,,,,
F5-3-C03,C03,calibration,nominal_fixed_lattice,fixed_500ms_max_score_diagnostic,cap-20260825T111222-a2d4ce2afb9a,-6.0,1.0,1600.0,900.0,750.0,400.0,50.0,3,0,False,False,,,,,,,,
F5-3-C03,C03,calibration,nominal_fixed_lattice,lean_curvature_500ms,cap-20260825T111222-a2d4ce2afb9a,-6.0,1.0,1600.0,900.0,750.0,400.0,50.0,3,0,False,False,,,,,,,,
F5-3-C03,C03,calibration,oracle_true_resampled_lattice,fixed_125ms_linear,cap-20260825T111222-a2d4ce2afb9a,-6.0,1.0,1600.0,900.0,750.0,400.0,50.0,3,3,True,True,-109.74201542866729,13824.666174536707,117.57834058421095,84.29205261718926,0.0,1.0,True,279.37595309784643
F5-3-C03,C03,calibration,oracle_true_resampled_lattice,fixed_500ms_linear,cap-20260825T111222-a2d4ce2afb9a,-6.0,1.0,1600.0,900.0,750.0,400.0,50.0,3,3,True,True,-109.80586831726096,85625.00124941234,292.61749990288064,267.9712455935297,0.0,0.0,False,35.059916456714305
F5-3-C03,C03,calibration,oracle_true_resampled_lattice,fixed_500ms_max_score_diagnostic,cap-20260825T111222-a2d4ce2afb9a,-6.0,1.0,1600.0,900.0,750.0,400.0,50.0,3,3,True,True,-109.80586831726096,85625.00124941234,292.61749990288064,267.9712455935297,0.0,1.0,True,460.16615162195575
F5-3-C03,C03,calibration,oracle_true_resampled_lattice,lean_curvature_500ms,cap-20260825T111222-a2d4ce2afb9a,-6.0,1.0,1600.0,900.0,750.0,400.0,50.0,3,3,True,True,-494.7400246901914,684790.3322815021,827.520593267323,25.903748208929073,0.3333333333333333,0.6666666666666666,False,141.1583155923595
F5-3-C04,C04,calibration,nominal_fixed_lattice,fixed_125ms_linear,cap-20260825T111222-a2d4ce2afb9a,-6.0,0.7,-1600.0,900.0,0.0,0.0,-50.0,3,0,False,False,,,,,,,,
F5-3-C04,C04,calibration,nominal_fixed_lattice,fixed_500ms_linear,cap-20260825T111222-a2d4ce2afb9a,-6.0,0.7,-1600.0,900.0,0.0,0.0,-50.0,3,0,False,False,,,,,,,,
F5-3-C04,C04,calibration,nominal_fixed_lattice,fixed_500ms_max_score_diagnostic,cap-20260825T111222-a2d4ce2afb9a,-6.0,0.7,-1600.0,900.0,0.0,0.0,-50.0,3,0,False,False,,,,,,,,
F5-3-C04,C04,calibration,nominal_fixed_lattice,lean_curvature_500ms,cap-20260825T111222-a2d4ce2afb9a,-6.0,0.7,-1600.0,900.0,0.0,0.0,-50.0,3,0,False,False,,,,,,,,
F5-3-C04,C04,calibration,oracle_true_resampled_lattice,fixed_125ms_linear,cap-20260825T111222-a2d4ce2afb9a,-6.0,0.7,-1600.0,900.0,0.0,0.0,-50.0,3,3,True,True,148.69035805936718,23209.233571638193,152.34576978583354,169.47060435609865,0.0,1.0,True,343.68751711201145
F5-3-C04,C04,calibration,oracle_true_resampled_lattice,fixed_500ms_linear,cap-20260825T111222-a2d4ce2afb9a,-6.0,0.7,-1600.0,900.0,0.0,0.0,-50.0,3,3,True,True,430.06675589151274,193072.87961353964,439.40059127581935,438.45326803218563,0.3333333333333333,0.0,False,41.6799431359451
F5-3-C04,C04,calibration,oracle_true_resampled_lattice,fixed_500ms_max_score_diagnostic,cap-20260825T111222-a2d4ce2afb9a,-6.0,0.7,-1600.0,900.0,0.0,0.0,-50.0,3,3,True,True,430.06675589151274,193072.87961353964,439.40059127581935,438.45326803218563,0.3333333333333333,1.0,True,547.0548983301047
F5-3-C04,C04,calibration,oracle_true_resampled_lattice,lean_curvature_500ms,cap-20260825T111222-a2d4ce2afb9a,-6.0,0.7,-1600.0,900.0,0.0,0.0,-50.0,3,3,True,True,-16.05903822020817,356.4195000848792,18.87907572114904,15.291196046365258,0.0,1.0,True,167.1997352078104
F5-3-C05,C05,calibration,nominal_fixed_lattice,fixed_125ms_linear,cap-20260825T111222-a2d4ce2afb9a,-12.0,1.0,0.0,-900.0,750.0,-400.0,50.0,3,0,False,False,,,,,,,,
F5-3-C05,C05,calibration,nominal_fixed_lattice,fixed_500ms_linear,cap-20260825T111222-a2d4ce2afb9a,-12.0,1.0,0.0,-900.0,750.0,-400.0,50.0,3,0,False,False,,,,,,,,
F5-3-C05,C05,calibration,nominal_fixed_lattice,fixed_500ms_max_score_diagnostic,cap-20260825T111222-a2d4ce2afb9a,-12.0,1.0,0.0,-900.0,750.0,-400.0,50.0,3,0,False,False,,,,,,,,
F5-3-C05,C05,calibration,nominal_fixed_lattice,lean_curvature_500ms,cap-20260825T111222-a2d4ce2afb9a,-12.0,1.0,0.0,-900.0,750.0,-400.0,50.0,3,0,False,False,,,,,,,,
F5-3-C05,C05,calibration,oracle_true_resampled_lattice,fixed_125ms_linear,cap-20260825T111222-a2d4ce2afb9a,-12.0,1.0,0.0,-900.0,750.0,-400.0,50.0,3,3,True,True,16.211304749399613,2328.6706324388265,48.25630147906931,43.49702390969469,0.0,1.0,True,279.96109784957684
F5-3-C05,C05,calibration,oracle_true_resampled_lattice,fixed_500ms_linear,cap-20260825T111222-a2d4ce2afb9a,-12.0,1.0,0.0,-900.0,750.0,-400.0,50.0,3,3,True,True,-279.6524348332479,161560.15084081757,401.9454575446992,138.07587857446788,0.3333333333333333,0.3333333333333333,False,35.184430587598975
F5-3-C05,C05,calibration,oracle_true_resampled_lattice,fixed_500ms_max_score_diagnostic,cap-20260825T111222-a2d4ce2afb9a,-12.0,1.0,0.0,-900.0,750.0,-400.0,50.0,3,3,True,True,-279.6524348332479,161560.15084081757,401.9454575446992,138.07587857446788,0.3333333333333333,1.0,True,461.8004164526348
F5-3-C05,C05,calibration,oracle_true_resampled_lattice,lean_curvature_500ms,cap-20260825T111222-a2d4ce2afb9a,-12.0,1.0,0.0,-900.0,750.0,-400.0,50.0,3,3,True,True,542.7161213421014,794220.512533457,891.190502941687,58.029121271162694,0.3333333333333333,0.6666666666666666,False,141.44066442181895
F5-3-C06,C06,calibration,oracle_true_resampled_lattice,fixed_125ms_linear,cap-20260825T111222-a2d4ce2afb9a,-20.0,0.45,1600.0,0.0,-750.0,0.0,0.0,3,2,False,False,562.0267022625885,363638.0062217243,603.0240511138211,562.0267022625885,0.5,1.0,,1192.1426662867614
F5-3-C06,C06,calibration,oracle_true_resampled_lattice,fixed_500ms_linear,cap-20260825T111222-a2d4ce2afb9a,-20.0,0.45,1600.0,0.0,-750.0,0.0,0.0,3,3,True,True,-423.674439594832,186636.85722622077,432.0148807925727,444.62825633650846,0.3333333333333333,0.0,False,139.30556104580634
F5-3-C06,C06,calibration,oracle_true_resampled_lattice,fixed_500ms_max_score_diagnostic,cap-20260825T111222-a2d4ce2afb9a,-20.0,0.45,1600.0,0.0,-750.0,0.0,0.0,3,3,True,True,-423.674439594832,186636.85722622077,432.0148807925727,444.62825633650846,0.3333333333333333,1.0,True,1828.4043547317033
F5-3-C06,C06,calibration,oracle_true_resampled_lattice,lean_curvature_500ms,cap-20260825T111222-a2d4ce2afb9a,-20.0,0.45,1600.0,0.0,-750.0,0.0,0.0,3,3,True,True,195.23475044781117,105324.19684622885,324.5368959705951,183.6766568635967,0.3333333333333333,1.0,True,603.0581230166096
F5-3-E01,E01,evaluation,nominal_fixed_lattice,fixed_125ms_linear,cap-20260825T111222-a2d4ce2afb9a,-12.0,1.0,0.0,900.0,-750.0,0.0,50.0,3,0,False,False,,,,,,,,
F5-3-E01,E01,evaluation,nominal_fixed_lattice,fixed_500ms_linear,cap-20260825T111222-a2d4ce2afb9a,-12.0,1.0,0.0,900.0,-750.0,0.0,50.0,3,0,False,False,,,,,,,,
F5-3-E01,E01,evaluation,nominal_fixed_lattice,fixed_500ms_max_score_diagnostic,cap-20260825T111222-a2d4ce2afb9a,-12.0,1.0,0.0,900.0,-750.0,0.0,50.0,3,0,False,False,,,,,,,,
F5-3-E01,E01,evaluation,nominal_fixed_lattice,lean_curvature_500ms,cap-20260825T111222-a2d4ce2afb9a,-12.0,1.0,0.0,900.0,-750.0,0.0,50.0,3,0,False,False,,,,,,,,
F5-3-E01,E01,evaluation,oracle_true_resampled_lattice,fixed_125ms_linear,cap-20260825T111222-a2d4ce2afb9a,-12.0,1.0,0.0,900.0,-750.0,0.0,50.0,3,3,True,True,142.57485304436554,29732.597881549354,172.43142950619344,115.0164968234958,0.0,1.0,True,279.9949646996027
F5-3-E01,E01,evaluation,oracle_true_resampled_lattice,fixed_500ms_linear,cap-20260825T111222-a2d4ce2afb9a,-12.0,1.0,0.0,900.0,-750.0,0.0,50.0,3,3,True,True,38.21999093355104,9964.689867484809,99.82329321097761,77.9020701992722,0.0,0.0,False,35.12475220295244
F5-3-E01,E01,evaluation,oracle_true_resampled_lattice,fixed_500ms_max_score_diagnostic,cap-20260825T111222-a2d4ce2afb9a,-12.0,1.0,0.0,900.0,-750.0,0.0,50.0,3,3,True,True,38.21999093355104,9964.689867484809,99.82329321097761,77.9020701992722,0.0,1.0,True,461.0171295719682
F5-3-E01,E01,evaluation,oracle_true_resampled_lattice,lean_curvature_500ms,cap-20260825T111222-a2d4ce2afb9a,-12.0,1.0,0.0,900.0,-750.0,0.0,50.0,3,3,True,True,43.10414119884596,2321.0581546293693,48.17736143282828,40.5396734352189,0.0,1.0,True,141.38672044778082
F5-3-E02,E02,evaluation,nominal_fixed_lattice,fixed_125ms_linear,cap-20260825T111222-a2d4ce2afb9a,-6.0,0.7,1600.0,0.0,0.0,0.0,-50.0,3,0,False,False,,,,,,,,
F5-3-E02,E02,evaluation,nominal_fixed_lattice,fixed_500ms_linear,cap-20260825T111222-a2d4ce2afb9a,-6.0,0.7,1600.0,0.0,0.0,0.0,-50.0,3,0,False,False,,,,,,,,
F5-3-E02,E02,evaluation,nominal_fixed_lattice,fixed_500ms_max_score_diagnostic,cap-20260825T111222-a2d4ce2afb9a,-6.0,0.7,1600.0,0.0,0.0,0.0,-50.0,3,0,False,False,,,,,,,,
F5-3-E02,E02,evaluation,nominal_fixed_lattice,lean_curvature_500ms,cap-20260825T111222-a2d4ce2afb9a,-6.0,0.7,1600.0,0.0,0.0,0.0,-50.0,3,0,False,False,,,,,,,,
F5-3-E02,E02,evaluation,oracle_true_resampled_lattice,fixed_125ms_linear,cap-20260825T111222-a2d4ce2afb9a,-6.0,0.7,1600.0,0.0,0.0,0.0,-50.0,3,3,True,True,-106.81666885793281,11709.116853574873,108.20867272808992,118.50182416169582,0.0,1.0,True,334.07847522261915
F5-3-E02,E02,evaluation,oracle_true_resampled_lattice,fixed_500ms_linear,cap-20260825T111222-a2d4ce2afb9a,-6.0,0.7,1600.0,0.0,0.0,0.0,-50.0,3,3,True,True,-399.10902820082964,159295.31412586008,399.1181706285246,398.5286280120181,0.0,0.0,False,42.06787916568788
F5-3-E02,E02,evaluation,oracle_true_resampled_lattice,fixed_500ms_max_score_diagnostic,cap-20260825T111222-a2d4ce2afb9a,-6.0,0.7,1600.0,0.0,0.0,0.0,-50.0,3,3,True,True,-399.10902820082964,159295.31412586008,399.1181706285246,398.5286280120181,0.0,1.0,True,552.1466112582468
F5-3-E02,E02,evaluation,oracle_true_resampled_lattice,lean_curvature_500ms,cap-20260825T111222-a2d4ce2afb9a,-6.0,0.7,1600.0,0.0,0.0,0.0,-50.0,3,3,True,True,5.976912542251284,378.84643677836794,19.463977927915145,11.330267859204014,0.0,1.0,True,172.49842386552075
F5-3-E03,E03,evaluation,oracle_true_resampled_lattice,fixed_125ms_linear,cap-20260825T111222-a2d4ce2afb9a,-20.0,0.45,-1600.0,-900.0,750.0,-400.0,0.0,3,3,True,True,-327.35057120150117,122395.76194276837,349.85105679813,291.61936853530995,0.0,1.0,True,977.0943463670883
F5-3-E03,E03,evaluation,oracle_true_resampled_lattice,fixed_500ms_linear,cap-20260825T111222-a2d4ce2afb9a,-20.0,0.45,-1600.0,-900.0,750.0,-400.0,0.0,3,3,True,True,111.14622162323913,63483.60365979719,251.9595278210316,226.158594030352,0.0,0.0,False,147.87959145205855
F5-3-E03,E03,evaluation,oracle_true_resampled_lattice,fixed_500ms_max_score_diagnostic,cap-20260825T111222-a2d4ce2afb9a,-20.0,0.45,-1600.0,-900.0,750.0,-400.0,0.0,3,3,True,True,111.14622162323913,63483.60365979719,251.9595278210316,226.158594030352,0.0,1.0,True,1940.9396649856758
F5-3-E03,E03,evaluation,oracle_true_resampled_lattice,lean_curvature_500ms,cap-20260825T111222-a2d4ce2afb9a,-20.0,0.45,-1600.0,-900.0,750.0,-400.0,0.0,3,3,True,True,424.91505716227493,801894.374299212,895.4855522559881,293.97161595335785,0.3333333333333333,0.6666666666666666,False,566.812164722359
F5-3-E04,E04,evaluation,oracle_true_resampled_lattice,fixed_125ms_linear,cap-20260825T111222-a2d4ce2afb9a,-6.0,1.0,0.0,-900.0,750.0,0.0,0.0,3,3,True,True,16.03739101207907,1292.0555849796058,35.94517471065631,10.61051822132913,0.0,1.0,True,279.3899236103255
F5-3-E04,E04,evaluation,oracle_true_resampled_lattice,fixed_500ms_linear,cap-20260825T111222-a2d4ce2afb9a,-6.0,1.0,0.0,-900.0,750.0,0.0,0.0,3,3,True,True,-36.10295792574584,9943.273527294627,99.7159642549508,80.26957002047925,0.0,0.0,False,34.921889149671465
F5-3-E04,E04,evaluation,oracle_true_resampled_lattice,fixed_500ms_max_score_diagnostic,cap-20260825T111222-a2d4ce2afb9a,-6.0,1.0,0.0,-900.0,750.0,0.0,0.0,3,3,True,True,-36.10295792574584,9943.273527294627,99.7159642549508,80.26957002047925,0.0,1.0,True,458.3545245241256
F5-3-E04,E04,evaluation,oracle_true_resampled_lattice,lean_curvature_500ms,cap-20260825T111222-a2d4ce2afb9a,-6.0,1.0,0.0,-900.0,750.0,0.0,0.0,3,3,True,True,24.806074636947034,764.66738433207,27.65261984572294,16.807701678728108,0.0,1.0,True,140.5992014464111
F5-3-E05,E05,evaluation,nominal_fixed_lattice,fixed_125ms_linear,cap-20260825T111222-a2d4ce2afb9a,-12.0,0.7,-1600.0,0.0,-750.0,0.0,-50.0,3,0,False,False,,,,,,,,
F5-3-E05,E05,evaluation,nominal_fixed_lattice,fixed_500ms_linear,cap-20260825T111222-a2d4ce2afb9a,-12.0,0.7,-1600.0,0.0,-750.0,0.0,-50.0,3,0,False,False,,,,,,,,
F5-3-E05,E05,evaluation,nominal_fixed_lattice,fixed_500ms_max_score_diagnostic,cap-20260825T111222-a2d4ce2afb9a,-12.0,0.7,-1600.0,0.0,-750.0,0.0,-50.0,3,0,False,False,,,,,,,,
F5-3-E05,E05,evaluation,nominal_fixed_lattice,lean_curvature_500ms,cap-20260825T111222-a2d4ce2afb9a,-12.0,0.7,-1600.0,0.0,-750.0,0.0,-50.0,3,0,False,False,,,,,,,,
F5-3-E05,E05,evaluation,oracle_true_resampled_lattice,fixed_125ms_linear,cap-20260825T111222-a2d4ce2afb9a,-12.0,0.7,-1600.0,0.0,-750.0,0.0,-50.0,3,3,True,True,66.05381041643841,6673.557533610482,81.6918449639282,53.792859883526944,0.0,1.0,True,342.3129319003467
F5-3-E05,E05,evaluation,oracle_true_resampled_lattice,fixed_500ms_linear,cap-20260825T111222-a2d4ce2afb9a,-12.0,0.7,-1600.0,0.0,-750.0,0.0,-50.0,3,3,True,True,392.58064617578765,154140.3400186116,392.6071064290757,392.25675055166994,0.0,0.0,False,41.71708382404758
F5-3-E05,E05,evaluation,oracle_true_resampled_lattice,fixed_500ms_max_score_diagnostic,cap-20260825T111222-a2d4ce2afb9a,-12.0,0.7,-1600.0,0.0,-750.0,0.0,-50.0,3,3,True,True,392.58064617578765,154140.3400186116,392.6071064290757,392.25675055166994,0.0,1.0,True,547.542374891374
F5-3-E05,E05,evaluation,oracle_true_resampled_lattice,lean_curvature_500ms,cap-20260825T111222-a2d4ce2afb9a,-12.0,0.7,-1600.0,0.0,-750.0,0.0,-50.0,3,3,True,True,-31.929602325320957,3547.0363767102226,59.55700107216802,48.755608239925095,0.0,1.0,True,167.782054256444
F5-3-E06,E06,evaluation,nominal_fixed_lattice,fixed_125ms_linear,cap-20260825T111222-a2d4ce2afb9a,-20.0,0.45,1600.0,900.0,0.0,400.0,50.0,3,0,False,False,,,,,,,,
F5-3-E06,E06,evaluation,nominal_fixed_lattice,fixed_500ms_linear,cap-20260825T111222-a2d4ce2afb9a,-20.0,0.45,1600.0,900.0,0.0,400.0,50.0,3,0,False,False,,,,,,,,
F5-3-E06,E06,evaluation,nominal_fixed_lattice,fixed_500ms_max_score_diagnostic,cap-20260825T111222-a2d4ce2afb9a,-20.0,0.45,1600.0,900.0,0.0,400.0,50.0,3,0,False,False,,,,,,,,
F5-3-E06,E06,evaluation,nominal_fixed_lattice,lean_curvature_500ms,cap-20260825T111222-a2d4ce2afb9a,-20.0,0.45,1600.0,900.0,0.0,400.0,50.0,3,0,False,False,,,,,,,,
F5-3-E06,E06,evaluation,oracle_true_resampled_lattice,fixed_125ms_linear,cap-20260825T111222-a2d4ce2afb9a,-20.0,0.45,1600.0,900.0,0.0,400.0,50.0,3,3,True,True,-274.7471260748368,201928.15898500071,449.3641718973607,386.52738299992143,0.3333333333333333,1.0,True,1042.0414928552173
F5-3-E06,E06,evaluation,oracle_true_resampled_lattice,fixed_500ms_linear,cap-20260825T111222-a2d4ce2afb9a,-20.0,0.45,1600.0,900.0,0.0,400.0,50.0,3,3,True,True,-234.70004337257646,83434.95938962842,288.85110245527613,194.92199905918187,0.0,0.3333333333333333,False,144.6167527558355
F5-3-E06,E06,evaluation,oracle_true_resampled_lattice,fixed_500ms_max_score_diagnostic,cap-20260825T111222-a2d4ce2afb9a,-20.0,0.45,1600.0,900.0,0.0,400.0,50.0,3,3,True,True,-234.70004337257646,83434.95938962842,288.85110245527613,194.92199905918187,0.0,1.0,True,1898.1144652149387
F5-3-E06,E06,evaluation,oracle_true_resampled_lattice,lean_curvature_500ms,cap-20260825T111222-a2d4ce2afb9a,-20.0,0.45,1600.0,900.0,0.0,400.0,50.0,3,3,True,True,-513.9242406692061,877109.3797495988,936.5411788862243,265.8538044454981,0.3333333333333333,0.6666666666666666,False,593.4167709345317
