capture_label,session_id,locklet_id,source_name,frame_count,supported_training_point_count,identical_mask_state_count,wall_clock_s,supported_points_per_s,stride_targets,response_blind_eligible_targets,eligible_target_horizons,method_unavailable_target_horizons,response_blind_ineligible_targets,paired_target_horizons
D1,cap-20260825T142817-9949c81ca994,D1,recent_frame_inventory,1499,1282,940,2.02683274599,632.51395683,100,99,297,151,1,146
D2,cap-20260825T145100-cc48b00cfa28,D2,recent_frame_inventory,1499,1474,1080,1.39812205901,1054.2713281,100,98,294,154,2,140
D3,cap-20260825T150802-473cb5bbcbd6,D3,recent_frame_inventory,1499,1499,1142,2.31288081803,648.109486798,100,100,300,154,,146
H1,cap-20260825T144823-4a812245fce1,H1-T000,opened_holdout_tile_inventory,1410,26,0,0.00114285195014,22750.1033681,94,,,,94,
H1,cap-20260825T144823-4a812245fce1,H1-T002,opened_holdout_tile_inventory,1410,40,0,0.00578567100456,6913.63196567,94,3,9,9,91,
H1,cap-20260825T144823-4a812245fce1,H1-T003,opened_holdout_tile_inventory,1410,28,0,0.000157130998559,178195.265458,94,3,9,9,91,
H1,cap-20260825T144823-4a812245fce1,H1-T004,opened_holdout_tile_inventory,1410,61,0,0.00756361201638,8064.92980706,94,5,15,15,89,
H1,cap-20260825T144823-4a812245fce1,H1-T005,opened_holdout_tile_inventory,1410,33,0,0.00126104499213,26168.7728874,94,3,9,9,91,
H1,cap-20260825T144823-4a812245fce1,H1-T006,opened_holdout_tile_inventory,1409,99,0,0.0246769300429,4011.84425404,94,8,24,24,86,
H1,cap-20260825T144823-4a812245fce1,H1-T007,opened_holdout_tile_inventory,1410,44,0,0.00294436601689,14943.7942659,94,2,6,6,92,
H2,cap-20260825T130425-1678069fefd1,H2-T000,opened_holdout_tile_inventory,1446,742,415,0.972012040962,763.365029167,97,51,153,122,46,31
H2,cap-20260825T130425-1678069fefd1,H2-T001,opened_holdout_tile_inventory,1445,817,514,1.094887365,746.195477373,97,54,162,117,43,45
H2,cap-20260825T130425-1678069fefd1,H2-T002,opened_holdout_tile_inventory,1446,961,683,1.371067125,700.913895809,97,63,189,123,34,66
H2,cap-20260825T130425-1678069fefd1,H2-T003,opened_holdout_tile_inventory,1445,1190,912,1.74990971101,680.035085531,97,79,237,121,18,116
H2,cap-20260825T130425-1678069fefd1,H2-T005,opened_holdout_tile_inventory,1446,1442,1084,1.685321289,855.62320337,97,97,291,154,,137
H2,cap-20260825T130425-1678069fefd1,H2-T006,opened_holdout_tile_inventory,1445,1445,1088,1.68317733298,858.49540134,97,97,291,154,,137
H3,cap-20260825T115127-b61fef4673a4,H3-T001,opened_holdout_tile_inventory,1386,523,196,0.583405777987,896.460096444,93,35,105,96,58,9
H3,cap-20260825T115127-b61fef4673a4,H3-T002,opened_holdout_tile_inventory,1387,554,245,0.59938836901,924.275525925,93,37,111,101,56,10
H3,cap-20260825T115127-b61fef4673a4,H3-T003,opened_holdout_tile_inventory,1386,591,292,0.704088105005,839.383588217,93,40,120,103,53,17
H3,cap-20260825T115127-b61fef4673a4,H3-T004,opened_holdout_tile_inventory,1387,638,296,0.811946938979,785.765632423,93,43,129,113,50,16
H3,cap-20260825T115127-b61fef4673a4,H3-T005,opened_holdout_tile_inventory,1386,703,393,0.884638648015,794.674754011,93,48,144,115,45,29
H3,cap-20260825T115127-b61fef4673a4,H3-T006,opened_holdout_tile_inventory,1387,780,468,0.970291821985,803.881865566,93,53,159,120,40,39
H4,cap-20260825T101428-681b85cf4224,H4-T000,opened_holdout_tile_inventory,1462,403,0,0.29458116903,1368.04399727,98,26,78,78,72,
H4,cap-20260825T101428-681b85cf4224,H4-T001,opened_holdout_tile_inventory,1461,473,8,0.39901264105,1185.42610268,98,31,93,93,67,
H4,cap-20260825T101428-681b85cf4224,H4-T002,opened_holdout_tile_inventory,1462,612,93,0.586147302995,1044.10614341,98,36,108,106,62,2
H4,cap-20260825T101428-681b85cf4224,H4-T003,opened_holdout_tile_inventory,1461,422,54,0.380138715031,1110.12107769,98,29,87,84,69,3
H4,cap-20260825T101428-681b85cf4224,H4-T004,opened_holdout_tile_inventory,1462,92,0,0.0191650079796,4800.41542888,98,8,24,24,90,
H4,cap-20260825T101428-681b85cf4224,H4-T005,opened_holdout_tile_inventory,1461,1,0,6.78629730828e-05,14735.5760376,98,,,,98,
H4,cap-20260825T101428-681b85cf4224,H4-T006,opened_holdout_tile_inventory,1462,1,0,5.71649870835e-05,17493.2253293,98,,,,98,
H4,cap-20260825T101428-681b85cf4224,H4-T007,opened_holdout_tile_inventory,1461,2,0,5.93339791521e-05,33707.4982764,98,,,,98,
H4,cap-20260825T101428-681b85cf4224,H4-T008,opened_holdout_tile_inventory,1462,26,0,0.000159956049174,162544.649823,98,2,6,6,96,
H4,cap-20260825T101428-681b85cf4224,H4-T009,opened_holdout_tile_inventory,1461,318,0,0.239851704973,1325.81921832,98,17,51,51,81,
H5,cap-20260825T083906-9e15fac173f1,H5-T000,opened_holdout_tile_inventory,1424,263,34,0.241311782971,1089.8763283,95,18,54,51,77,3
H5,cap-20260825T083906-9e15fac173f1,H5-T001,opened_holdout_tile_inventory,1424,227,0,0.138439589995,1639.70436497,95,16,48,48,79,
H5,cap-20260825T083906-9e15fac173f1,H5-T002,opened_holdout_tile_inventory,1424,62,0,0.00921401602682,6728.87911412,95,4,12,12,91,
H5,cap-20260825T083906-9e15fac173f1,H5-T003,opened_holdout_tile_inventory,1424,191,0,0.140571700991,1358.73720424,95,16,48,48,79,
H5,cap-20260825T083906-9e15fac173f1,H5-T004,opened_holdout_tile_inventory,1424,249,0,0.224080539017,1111.20760907,95,18,54,54,77,
H5,cap-20260825T083906-9e15fac173f1,H5-T005,opened_holdout_tile_inventory,1424,116,0,0.0926021579653,1252.67059158,95,14,42,42,81,
H5,cap-20260825T083906-9e15fac173f1,H5-T006,opened_holdout_tile_inventory,1424,20,0,0.000162426033057,123132.970889,95,,,,95,
H5,cap-20260825T083906-9e15fac173f1,H5-T007,opened_holdout_tile_inventory,1424,26,0,0.0028790999786,9030.59990735,95,2,6,6,93,
H6,cap-20260825T071530-b00e74ac23ee,H6-T001,opened_holdout_tile_inventory,1372,273,0,0.23310524103,1171.1448391,92,18,54,54,74,
H6,cap-20260825T071530-b00e74ac23ee,H6-T002,opened_holdout_tile_inventory,1372,155,0,0.101122263994,1532.7979604,92,10,30,30,82,
H6,cap-20260825T071530-b00e74ac23ee,H6-T003,opened_holdout_tile_inventory,1372,260,0,0.264419937972,983.284399785,92,21,63,63,71,
H6,cap-20260825T071530-b00e74ac23ee,H6-T004,opened_holdout_tile_inventory,1372,242,0,0.126851358975,1907.74463873,92,15,45,45,77,
H6,cap-20260825T071530-b00e74ac23ee,H6-T005,opened_holdout_tile_inventory,1372,335,0,0.32972189103,1016.00776022,92,24,72,72,68,
H6,cap-20260825T071530-b00e74ac23ee,H6-T006,opened_holdout_tile_inventory,1372,215,0,0.218879236025,982.276820336,92,15,45,45,77,
H6,cap-20260825T071530-b00e74ac23ee,H6-T007,opened_holdout_tile_inventory,1372,200,0,0.183489727031,1089.97927697,92,15,45,45,77,
H7,cap-20260825T054455-47f684bbc3cc,H7-T000,opened_holdout_tile_inventory,1483,1223,906,1.94287393102,629.479854802,99,82,246,139,17,107
H7,cap-20260825T054455-47f684bbc3cc,H7-T001,opened_holdout_tile_inventory,1484,1432,1063,2.11297935399,677.716039817,99,94,282,151,5,131
H7,cap-20260825T054455-47f684bbc3cc,H7-T002,opened_holdout_tile_inventory,1483,1483,1126,2.331503172,636.070333428,99,99,297,154,,143
H7,cap-20260825T054455-47f684bbc3cc,H7-T003,opened_holdout_tile_inventory,1483,1483,1126,2.13144927,695.770723174,99,99,297,154,,143
H7,cap-20260825T054455-47f684bbc3cc,H7-T004,opened_holdout_tile_inventory,1484,1484,1127,1.95154095697,760.42472729,99,99,297,154,,143
H7,cap-20260825T054455-47f684bbc3cc,H7-T005,opened_holdout_tile_inventory,1483,512,58,0.45244206104,1131.63660961,99,24,72,57,75,15
