session_id,fs,version,profile,case,attempted,recovered,common,alias_changes,rank_changes,timing_error_ns_rms,timing_error_ns_p95,timing_error_ns_max,timing_error_ns_all_recovered_rms,cfo_error_hz_rms,cfo_error_hz_p95,cfo_error_hz_max,cfo_error_hz_all_recovered_rms,raw_cfo_error_hz_rms,raw_cfo_error_hz_p95,raw_cfo_error_hz_max,raw_cfo_error_hz_all_recovered_rms
scan-hop-24581756098baa21,2500000,native,grid512,delay_ns,24,24,24,0,8,25.524376620561107,48.02388615231394,51.16297860406466,25.524376620561107,3.9380272403877963,7.69612036137332,8.98246831902361,3.9380272403877963,3.9380272403877963,7.69612036137332,8.98246831902361,3.9380272403877963
scan-hop-8a1c00acfc8fbc31,2500000,native,grid512,delay_ns,24,22,22,0,10,22.54034854552475,38.52876081799256,38.55972917838159,22.54034854552475,3.085257471413105,7.226909863789842,7.417979776968423,3.085257471413105,3.085257471413105,7.226909863789842,7.417979776968423,3.085257471413105
scan-hop-fb52971f6bb09c12,2500000,native,grid512,delay_ns,24,19,19,1,4,24.368402664526524,43.51855844503163,52.158266669074294,24.368402664526524,95.77880807316944,189.18989561709455,202.19444388878765,95.77880807316944,52145.63221952651,22911.690908590896,227297.1590909147,52145.63221952651
scan-hop-24581756098baa21,2500000,native,grid8192,delay_ns,24,24,24,0,7,25.59629648422089,48.02778952096331,51.113704340358936,25.59629648422089,6.939328856422745,16.91605587776282,24.314976549794665,6.939328856422745,6.939328856422745,16.91605587776282,24.314976549794665,6.939328856422745
scan-hop-8a1c00acfc8fbc31,2500000,native,grid8192,delay_ns,24,22,22,0,6,22.594723864007197,38.56797001931239,38.591234064089065,22.594723864007197,7.291579395248023,19.852540393596417,24.542505078135946,7.291579395248023,7.291579395248023,19.852540393596417,24.542505078135946,7.291579395248023
scan-hop-fb52971f6bb09c12,2500000,native,grid8192,delay_ns,24,19,19,1,4,24.18661017631076,43.45445797375738,51.389167266203515,24.18661017631076,13.132665849408758,26.002821898457444,40.141855297610164,13.132665849408758,52145.54591200438,22765.843578858836,227297.1590909147,52145.54591200438
scan-hop-24581756098baa21,2500000,native,local512,delay_ns,24,24,24,0,8,25.524970309791847,48.02388615231394,51.16297860406466,25.524970309791847,4.373822506435956,8.449900362543119,11.083001734354184,4.373822506435956,4.373822506435956,8.449900362543119,11.083001734354184,4.373822506435956
scan-hop-8a1c00acfc8fbc31,2500000,native,local512,delay_ns,24,22,22,0,8,22.540251051155074,38.528198065039554,38.55972917838159,22.540251051155074,4.124945060447634,9.666890454294114,9.959990469265904,4.124945060447634,4.124945060447634,9.666890454294114,9.959990469265904,4.124945060447634
scan-hop-fb52971f6bb09c12,2500000,native,local512,delay_ns,24,19,19,1,5,24.368300018597232,43.51855844503163,52.158266669074294,24.368300018597232,10.223176755655407,19.109154201974135,30.05603898537811,10.223176755655407,52140.577628532345,22754.60087398364,227275.50438897283,52140.577628532345
scan-hop-24581756098baa21,2500000,native,joint512,delay_ns,24,24,24,0,15,1.7156579781276373,3.579535252216512,4.883452470324983,1.7156579781276373,1.4411407974459778,3.1682352191652146,3.349394935677992,1.4411407974459778,1.4411407974459778,3.1682352191652146,3.349394935677992,1.4411407974459778
scan-hop-8a1c00acfc8fbc31,2500000,native,joint512,delay_ns,24,22,22,0,9,3.5877733413097213,9.578099625569662,10.151225482514803,3.5877733413097213,2.2699842855713293,6.07293710664562,6.398353641568974,2.2699842855713293,2.2699842855713293,6.07293710664562,6.398353641568974,2.2699842855713293
scan-hop-fb52971f6bb09c12,2500000,native,joint512,delay_ns,24,19,19,1,12,11.010601259161772,14.158028311407834,41.64039595093174,11.010601259161772,38.93943844799067,35.89888649934698,163.54900288381032,38.93943844799067,52177.461270046675,22763.17161377159,227436.27627561108,52177.461270046675
scan-hop-24581756098baa21,2500000,native,grid512,shift_hz,24,24,24,0,3,0.25403075545816506,0.41711011871553044,0.5201109526788497,0.25403075545816506,30.34494429893564,47.1564107082098,48.144369819687654,30.34494429893564,30.34494429893564,47.1564107082098,48.144369819687654,30.34494429893564
scan-hop-8a1c00acfc8fbc31,2500000,native,grid512,shift_hz,24,24,24,0,9,0.11740293646268203,0.24445052578285142,0.3916603675494651,0.11740293646268203,19.895479222616665,38.72585530219801,40.01161962579317,19.895479222616665,19.895479222616665,38.72585530219801,40.01161962579317,19.895479222616665
scan-hop-fb52971f6bb09c12,2500000,native,grid512,shift_hz,24,18,18,2,5,0.9630707486765578,1.0620087716303603,3.99094627473711,0.9630707486765578,77.68362994506785,206.5027455314819,222.35727340183803,77.68362994506785,75760.72425243078,227132.93170921633,227495.0845461291,75760.72425243078
scan-hop-24581756098baa21,2500000,native,grid8192,shift_hz,24,24,24,0,2,0.005607939085765179,0.012454645555983954,0.013713038842476377,0.005607939085765179,11.111708040741407,19.39100015195868,20.540714689556808,11.111708040741407,11.111708040741407,19.39100015195868,20.540714689556808,11.111708040741407
scan-hop-8a1c00acfc8fbc31,2500000,native,grid8192,shift_hz,24,24,24,0,8,0.004437138009676297,0.00943862574903642,0.009751866415080856,0.004437138009676297,10.69502788387815,24.207221331308308,25.511984667033175,10.69502788387815,10.69502788387815,24.207221331308308,25.511984667033175,10.69502788387815
scan-hop-fb52971f6bb09c12,2500000,native,grid8192,shift_hz,24,18,18,2,6,1.029160152885873,0.7286760451161194,4.364582354169852,1.029160152885873,18.12590919292455,25.86260693548204,65.4910696604677,18.12590919292455,75760.68659308122,227275.81300605895,227290.96840778255,75760.68659308122
scan-hop-24581756098baa21,2500000,native,local512,shift_hz,24,24,24,0,3,0.25311335614052327,0.4111702537256886,0.5197402217806124,0.25311335614052327,0.10017383904618751,0.1918457675146441,0.19804066526421593,0.10017383904618751,0.10017383904618751,0.1918457675146441,0.19804066526421593,0.10017383904618751
scan-hop-8a1c00acfc8fbc31,2500000,native,local512,shift_hz,24,24,24,0,8,0.11728795324729234,0.24445052578285142,0.3916603675494651,0.11728795324729234,0.07235582247030314,0.13819538599764197,0.20516386110648455,0.07235582247030314,0.07235582247030314,0.13819538599764197,0.20516386110648455,0.07235582247030314
scan-hop-fb52971f6bb09c12,2500000,native,local512,shift_hz,24,18,18,2,5,0.9630707486765578,1.0620087716303603,3.99094627473711,0.9630707486765578,16.55609631472438,11.598932213051494,70.21919634688334,16.55609631472438,75757.99017423997,227273.9536513408,227273.9814524461,75757.99017423997
scan-hop-24581756098baa21,2500000,native,joint512,shift_hz,24,24,24,0,4,0.1828444786310866,0.44952725337141053,0.5518400817685829,0.1828444786310866,0.04114042870986992,0.08209888183428118,0.08468035733903889,0.04114042870986992,0.04114042870986992,0.08209888183428118,0.08468035733903889,0.04114042870986992
scan-hop-8a1c00acfc8fbc31,2500000,native,joint512,shift_hz,24,24,24,0,9,0.0803445590105597,0.2005821639751263,0.25101177625157234,0.0803445590105597,0.045468548890827735,0.08255648934630239,0.09206772751895187,0.045468548890827735,0.045468548890827735,0.08255648934630239,0.09206772751895187,0.045468548890827735
scan-hop-fb52971f6bb09c12,2500000,native,joint512,shift_hz,24,18,18,2,8,8.552677399820062,25.64626950862575,25.667391119759028,8.552677399820062,54.303100427891955,162.8977423628763,162.9255434682127,54.303100427891955,75811.87882089464,227435.62501509013,227435.65281619548,75811.87882089464
scan-hop-432b03933b8c76bf,5000000,native,grid512,delay_ns,24,24,24,0,2,9.951649224798826,17.89912993338893,21.63307388497026,9.951649224798826,1.4892254436527264,2.849063926710368,3.3944722484447993,1.4892254436527264,1.4892254436527264,2.849063926710368,3.3944722484447993,1.4892254436527264
scan-hop-862a183b8ab422da,5000000,native,grid512,delay_ns,24,20,20,0,3,9.120435622025644,14.798161192887768,15.031252425244077,9.120435622025644,1.2231843830527351,2.1755444827889736,2.7826344219211023,1.2231843830527351,1.2231843830527351,2.1755444827889736,2.7826344219211023,1.2231843830527351
scan-hop-cabca9c4f49c5a27,5000000,native,grid512,delay_ns,24,24,24,0,12,8.750100371283004,14.507705574951435,17.377369963967567,8.750100371283004,114.51953026025751,314.82936341564306,343.62487166543724,114.51953026025751,114.51953026025751,314.82936341564306,343.62487166543724,114.51953026025751
scan-hop-432b03933b8c76bf,5000000,native,grid8192,delay_ns,24,24,24,0,6,9.995688436114277,17.941343406438083,21.665956890208264,9.995688436114277,1.4191024520428879,2.7697998702453313,3.3944722484447993,1.4191024520428879,1.4191024520428879,2.7697998702453313,3.3944722484447993,1.4191024520428879
scan-hop-862a183b8ab422da,5000000,native,grid8192,delay_ns,24,20,20,0,3,9.11735655583288,14.767424341715854,15.04846781950178,9.11735655583288,1.223184383053218,2.1755444827889736,2.7826344219211023,1.223184383053218,1.223184383053218,2.1755444827889736,2.7826344219211023,1.223184383053218
scan-hop-cabca9c4f49c5a27,5000000,native,grid8192,delay_ns,24,24,24,0,13,8.740066121966203,14.476375851663088,17.296771838788402,8.740066121966203,10.56931084665926,17.042929684225236,25.22552281845128,10.56931084665926,10.56931084665926,17.042929684225236,25.22552281845128,10.56931084665926
scan-hop-432b03933b8c76bf,5000000,native,local512,delay_ns,24,24,24,0,2,9.951649224798826,17.89912993338893,21.63307388497026,9.951649224798826,1.5509130749791658,3.2027983229672814,3.799288576366962,1.5509130749791658,1.5509130749791658,3.2027983229672814,3.799288576366962,1.5509130749791658
scan-hop-862a183b8ab422da,5000000,native,local512,delay_ns,24,20,20,0,2,9.120435622025644,14.798161192887768,15.031252425244077,9.120435622025644,1.396582357003559,2.5505689175834054,3.0105498323537176,1.396582357003559,1.396582357003559,2.5505689175834054,3.0105498323537176,1.396582357003559
scan-hop-cabca9c4f49c5a27,5000000,native,local512,delay_ns,24,24,24,0,14,8.749221853803087,14.507705574951435,17.377369963967567,8.749221853803087,3.750115735415751,9.786978833164902,10.084670672891662,3.750115735415751,3.750115735415751,9.786978833164902,10.084670672891662,3.750115735415751
scan-hop-432b03933b8c76bf,5000000,native,joint512,delay_ns,24,24,24,0,12,2.4291102950400627,4.889883988578155,6.361045259867723,2.4291102950400627,0.7955899376443198,1.358821467903908,2.1273553589126095,0.7955899376443198,0.7955899376443198,1.358821467903908,2.1273553589126095,0.7955899376443198
scan-hop-862a183b8ab422da,5000000,native,joint512,delay_ns,24,20,20,0,6,3.2452573483352394,8.223283566243008,8.473766785243953,3.2452573483352394,0.8560362940335303,2.3505678960471412,2.3791884484526236,0.8560362940335303,0.8560362940335303,2.3505678960471412,2.3791884484526236,0.8560362940335303
scan-hop-cabca9c4f49c5a27,5000000,native,joint512,delay_ns,24,24,24,0,13,1.4176200638080314,3.6911942786703085,4.5740494271991565,1.4176200638080314,4.022882344963652,11.226768934604479,11.360019292624202,4.022882344963652,4.022882344963652,11.226768934604479,11.360019292624202,4.022882344963652
scan-hop-432b03933b8c76bf,5000000,native,grid512,shift_hz,24,24,24,0,2,0.17466363449666572,0.43031023398937057,0.4833785693762749,0.17466363449666572,18.813270144761965,36.8539729832515,38.89300185537422,18.813270144761965,18.813270144761965,36.8539729832515,38.89300185537422,18.813270144761965
scan-hop-862a183b8ab422da,5000000,native,grid512,shift_hz,24,20,20,0,9,0.08986965845503804,0.15330041514645057,0.24537162265133444,0.08986965845503804,25.415792051609554,39.10145397123396,40.278692273029264,25.415792051609554,25.415792051609554,39.10145397123396,40.278692273029264,25.415792051609554
scan-hop-cabca9c4f49c5a27,5000000,native,grid512,shift_hz,24,24,24,0,9,12.182089861339387,28.504235567939013,40.677435539392995,12.182089861339387,106.90300550546213,241.0242689265052,258.1543994673507,106.90300550546213,106.90300550546213,241.0242689265052,258.1543994673507,106.90300550546213
scan-hop-432b03933b8c76bf,5000000,native,grid8192,shift_hz,24,24,24,0,5,0.01637748030753628,0.031891309937911304,0.032579964117165905,0.01637748030753628,10.819024699218627,16.65592021521161,20.75516569398451,10.819024699218627,10.819024699218627,16.65592021521161,20.75516569398451,10.819024699218627
scan-hop-862a183b8ab422da,5000000,native,grid8192,shift_hz,24,20,20,0,4,0.009063411397073274,0.014414643285422246,0.014481225680401666,0.009063411397073274,11.676490860959097,18.666516614673622,23.970338906631014,11.676490860959097,11.676490860959097,18.666516614673622,23.970338906631014,11.676490860959097
scan-hop-cabca9c4f49c5a27,5000000,native,grid8192,shift_hz,24,24,24,0,9,11.933247678535505,27.051099382859956,41.22962049589798,11.933247678535505,38.98341693450815,89.78552463990103,120.3454573388608,38.98341693450815,38.98341693450815,89.78552463990103,120.3454573388608,38.98341693450815
scan-hop-432b03933b8c76bf,5000000,native,local512,shift_hz,24,24,24,0,2,0.17466363449666572,0.43031023398937057,0.4833785693762749,0.17466363449666572,0.050518375887846065,0.07889475308521696,0.13967223560894126,0.050518375887846065,0.050518375887846065,0.07889475308521696,0.13967223560894126,0.050518375887846065
scan-hop-862a183b8ab422da,5000000,native,local512,shift_hz,24,20,20,0,9,0.08986965845503804,0.15330041514645057,0.24537162265133444,0.08986965845503804,0.035479494147112364,0.07379320816252176,0.08414228120068401,0.035479494147112364,0.035479494147112364,0.07379320816252176,0.08414228120068401,0.035479494147112364
scan-hop-cabca9c4f49c5a27,5000000,native,local512,shift_hz,24,24,24,0,9,12.182089861339387,28.504235567939013,40.677435539392995,12.182089861339387,39.160983515164936,89.7548617281665,131.58466976725504,39.160983515164936,39.160983515164936,89.7548617281665,131.58466976725504,39.160983515164936
scan-hop-432b03933b8c76bf,5000000,native,joint512,shift_hz,24,24,24,0,3,0.5142557763859795,1.1603584636980084,2.1195641899604545,0.5142557763859795,0.07532284636948733,0.07794460454554153,0.28910312252401127,0.07532284636948733,0.07532284636948733,0.07794460454554153,0.28910312252401127,0.07532284636948733
scan-hop-862a183b8ab422da,5000000,native,joint512,shift_hz,24,20,20,0,9,0.42077732989030947,1.0579439418316547,1.0598418889468801,0.42077732989030947,0.0603855202621565,0.09026818257902965,0.15031717972397018,0.0603855202621565,0.0603855202621565,0.09026818257902965,0.15031717972397018,0.0603855202621565
scan-hop-cabca9c4f49c5a27,5000000,native,joint512,shift_hz,24,24,24,0,11,14.268882863099947,34.073376638287314,47.38948200229496,14.268882863099947,38.87436513798932,90.97588095567531,131.9869281602023,38.87436513798932,38.87436513798932,90.97588095567531,131.9869281602023,38.87436513798932
scan-hop-432b03933b8c76bf,2500000,filtered,grid512,delay_ns,24,24,24,0,8,29.038111298464305,45.6205488116855,48.461108929387905,29.038111298464305,1.8616405144841877,4.75300724659755,5.228815787057101,1.8616405144841877,1.8616405144841877,4.75300724659755,5.228815787057101,1.8616405144841877
scan-hop-862a183b8ab422da,2500000,filtered,grid512,delay_ns,24,23,23,0,10,18.431228490780757,33.94400440607624,45.36338302487019,18.431228490780757,3.352273800623588,5.745182657950499,9.656539175019134,3.352273800623588,3.352273800623588,5.745182657950499,9.656539175019134,3.352273800623588
scan-hop-cabca9c4f49c5a27,2500000,filtered,grid512,delay_ns,24,15,15,0,5,23.843849277501917,41.65353297342386,44.80837880177998,23.843849277501917,92.33834721871389,158.54395361997274,345.4866453903378,92.33834721871389,92.33834721871389,158.54395361997274,345.4866453903378,92.33834721871389
scan-hop-432b03933b8c76bf,2500000,filtered,grid8192,delay_ns,24,24,24,0,6,29.00149657444572,45.505642910842184,48.13050957225303,29.00149657444572,8.380862636908534,24.761904177825222,28.352619502489688,8.380862636908534,8.380862636908534,24.761904177825222,28.352619502489688,8.380862636908534
scan-hop-862a183b8ab422da,2500000,filtered,grid8192,delay_ns,24,23,23,0,7,18.354600505834643,33.781526412592726,45.19644221289303,18.354600505834643,3.352273800621866,5.745182657950135,9.656539175019134,3.352273800621866,3.352273800621866,5.745182657950135,9.656539175019134,3.352273800621866
scan-hop-cabca9c4f49c5a27,2500000,filtered,grid8192,delay_ns,24,15,15,0,5,23.72256022758925,41.08156098187672,44.80784580842567,23.72256022758925,14.506356197863383,25.827670370804807,50.682404306018725,14.506356197863383,14.506356197863383,25.827670370804807,50.682404306018725,14.506356197863383
scan-hop-432b03933b8c76bf,2500000,filtered,local512,delay_ns,24,24,24,0,8,29.038111298464305,45.6205488116855,48.461108929387905,29.038111298464305,3.0099995011831178,6.687909129750911,7.441945812606718,3.0099995011831178,3.0099995011831178,6.687909129750911,7.441945812606718,3.0099995011831178
scan-hop-862a183b8ab422da,2500000,filtered,local512,delay_ns,24,23,23,0,12,18.42990381896462,33.943320071792115,45.36338302487019,18.42990381896462,2.8367457749614062,5.494260229362042,5.909072359216225,2.8367457749614062,2.8367457749614062,5.494260229362042,5.909072359216225,2.8367457749614062
scan-hop-cabca9c4f49c5a27,2500000,filtered,local512,delay_ns,24,15,15,0,4,23.844268006191115,41.65353297342386,44.80837880177998,23.844268006191115,17.686124710030718,31.778608442522778,58.877207494864706,17.686124710030718,17.686124710030718,31.778608442522778,58.877207494864706,17.686124710030718
scan-hop-432b03933b8c76bf,2500000,filtered,joint512,delay_ns,24,24,24,0,15,0.9713409476309249,1.3868353698695604,3.1899308345436452,0.9713409476309249,0.2968506336279999,0.5422323159291409,0.571365328039974,0.2968506336279999,0.2968506336279999,0.5422323159291409,0.571365328039974,0.2968506336279999
scan-hop-862a183b8ab422da,2500000,filtered,joint512,delay_ns,24,23,23,0,12,4.284691569910534,9.690767273291197,9.89042503657845,4.284691569910534,0.6694596061298654,1.3860852556812457,1.6223422008188209,0.6694596061298654,0.6694596061298654,1.3860852556812457,1.6223422008188209,0.6694596061298654
scan-hop-cabca9c4f49c5a27,2500000,filtered,joint512,delay_ns,24,15,15,0,6,3.5659393504677745,6.270494589646245,11.850516119404546,3.5659393504677745,16.26324214597566,19.594223290722518,62.93606304068817,16.26324214597566,16.26324214597566,19.594223290722518,62.93606304068817,16.26324214597566
scan-hop-432b03933b8c76bf,2500000,filtered,grid512,shift_hz,24,24,24,0,9,0.09485521434066174,0.2034190068017464,0.2203907992518947,0.09485521434066174,18.818103607009718,36.316677916897845,37.37776721201362,18.818103607009718,18.818103607009718,36.316677916897845,37.37776721201362,18.818103607009718
scan-hop-862a183b8ab422da,2500000,filtered,grid512,shift_hz,24,24,24,0,7,0.2628203743221669,0.5569966134480984,0.7960287873743505,0.2628203743221669,26.493942735967984,40.88266078418014,41.96326201045213,26.493942735967984,26.493942735967984,40.88266078418014,41.96326201045213,26.493942735967984
scan-hop-cabca9c4f49c5a27,2500000,filtered,grid512,shift_hz,24,19,19,0,11,9.236879767230121,23.186812648753104,23.26357171592193,9.236879767230121,75.79083582640274,147.88861593340908,156.82936141665482,75.79083582640274,75.79083582640274,147.88861593340908,156.82936141665482,75.79083582640274
scan-hop-432b03933b8c76bf,2500000,filtered,grid8192,shift_hz,24,24,24,0,8,0.003537955981848235,0.006191608846722179,0.007302233145413395,0.003537955981848235,13.756613932205605,22.066800144664327,22.57007302695274,13.756613932205605,13.756613932205605,22.066800144664327,22.57007302695274,13.756613932205605
scan-hop-862a183b8ab422da,2500000,filtered,grid8192,shift_hz,24,24,24,0,8,0.007477165582477493,0.015128507566694935,0.018276275891987437,0.007477165582477493,12.296530054484803,18.724291304730958,19.716427324347023,12.296530054484803,12.296530054484803,18.724291304730958,19.716427324347023,12.296530054484803
scan-hop-cabca9c4f49c5a27,2500000,filtered,grid8192,shift_hz,24,19,19,0,11,9.46925179907356,23.785959436719434,23.793903361924578,9.46925179907356,63.19513420721534,157.1038519744913,159.5742669950198,63.19513420721534,63.19513420721534,157.1038519744913,159.5742669950198,63.19513420721534
scan-hop-432b03933b8c76bf,2500000,filtered,local512,shift_hz,24,24,24,0,9,0.09485521434066174,0.2034190068017464,0.2203907992518947,0.09485521434066174,0.033519194559797634,0.057560512713996544,0.06230270341347932,0.033519194559797634,0.033519194559797634,0.057560512713996544,0.06230270341347932,0.033519194559797634
scan-hop-862a183b8ab422da,2500000,filtered,local512,shift_hz,24,24,24,0,6,0.26286282210808354,0.5569966134480984,0.7960287873743505,0.26286282210808354,0.09725710182498042,0.24243498288311668,0.289820249004606,0.09725710182498042,0.09725710182498042,0.24243498288311668,0.289820249004606,0.09725710182498042
scan-hop-cabca9c4f49c5a27,2500000,filtered,local512,shift_hz,24,19,19,0,11,9.236879767230121,23.186812648753104,23.26357171592193,9.236879767230121,62.754110092001596,155.02415652619595,155.12536751970106,62.754110092001596,62.754110092001596,155.02415652619595,155.12536751970106,62.754110092001596
scan-hop-432b03933b8c76bf,2500000,filtered,joint512,shift_hz,24,24,24,0,6,0.07082906354055253,0.12300024318837552,0.2513921084105683,0.07082906354055253,0.03784617783142237,0.06909569096710583,0.06993906866841826,0.03784617783142237,0.03784617783142237,0.06909569096710583,0.06993906866841826,0.03784617783142237
scan-hop-862a183b8ab422da,2500000,filtered,joint512,shift_hz,24,24,24,0,1,0.07983911159758246,0.09375058140827923,0.36137060661564635,0.07983911159758246,0.05117401757932976,0.08028779332558997,0.171126852465477,0.05117401757932976,0.05117401757932976,0.08028779332558997,0.171126852465477,0.05117401757932976
scan-hop-cabca9c4f49c5a27,2500000,filtered,joint512,shift_hz,24,19,19,0,11,10.723477258551434,26.986935099441133,26.99206741452187,10.723477258551434,61.076248967346665,153.71655215137793,153.76494330705532,61.076248967346665,61.076248967346665,153.71655215137793,153.76494330705532,61.076248967346665
